brewery_id,name_jp,name_zhtw,area_id,area_jp,area_zhtw,region_zhtw,address,founded_year,website,phone,latitude,longitude,sakenowa_brewery_url,match_method,updated_at
1,金滴酒造,,1,北海道,北海道,北海道,,,,,,,https://sakenowa.com/breweries/1,all_mode,2026-10-09T19:14:58.908256+00:00
2,男山,,1,北海道,北海道,北海道,,,,,,,https://sakenowa.com/breweries/2,all_mode,2026-10-09T19:14:58.908405+00:00
3,合同酒精,,1,北海道,北海道,北海道,,,,,,,https://sakenowa.com/breweries/3,all_mode,2026-10-09T19:14:58.908513+00:00
4,田中酒造,,1,北海道,北海道,北海道,,,,,,,https://sakenowa.com/breweries/4,all_mode,2026-10-09T19:14:58.908635+00:00
5,北の誉酒造,,1,北海道,北海道,北海道,,,,,,,https://sakenowa.com/breweries/5,all_mode,2026-10-09T19:14:58.908745+00:00
6,高砂酒造,,1,北海道,北海道,北海道,,,,,,,https://sakenowa.com/breweries/6,all_mode,2026-10-09T19:14:58.908845+00:00
7,小林酒造,,1,北海道,北海道,北海道,,,,,,,https://sakenowa.com/breweries/7,all_mode,2026-10-09T19:14:58.908971+00:00
10,八戸酒造,,2,青森県,青森縣,東北,,,,,,,https://sakenowa.com/breweries/10,all_mode,2026-10-09T19:14:58.909081+00:00
12,桃川,,2,青森県,青森縣,東北,,,,,,,https://sakenowa.com/breweries/12,all_mode,2026-10-09T19:14:58.909212+00:00
13,松緑酒造,,2,青森県,青森縣,東北,,,,,,,https://sakenowa.com/breweries/13,all_mode,2026-10-09T19:14:58.909324+00:00
14,八戸酒類,,2,青森県,青森縣,東北,,,,,,,https://sakenowa.com/breweries/14,all_mode,2026-10-09T19:14:58.909445+00:00
15,盛田庄兵衛,,2,青森県,青森縣,東北,,,,,,,https://sakenowa.com/breweries/15,all_mode,2026-10-09T19:14:58.909570+00:00
16,西田酒造店,,2,青森県,青森縣,東北,,,,,,,https://sakenowa.com/breweries/16,all_mode,2026-10-09T19:14:58.909691+00:00
18,中村亀吉,,2,青森県,青森縣,東北,,,,,,,https://sakenowa.com/breweries/18,all_mode,2026-10-09T19:14:58.909804+00:00
19,菊駒酒造,,2,青森県,青森縣,東北,,,,,,,https://sakenowa.com/breweries/19,all_mode,2026-10-09T19:14:58.909906+00:00
21,福来,,3,岩手県,岩手縣,東北,,,,,,,https://sakenowa.com/breweries/21,all_mode,2026-10-09T19:14:58.910001+00:00
22,浜千鳥,,3,岩手県,岩手縣,東北,,,,,,,https://sakenowa.com/breweries/22,all_mode,2026-10-09T19:14:58.910107+00:00
24,高橋酒造店,,3,岩手県,岩手縣,東北,,,,,,,https://sakenowa.com/breweries/24,all_mode,2026-10-09T19:14:58.910224+00:00
25,南部美人,,3,岩手県,岩手縣,東北,,,,,,,https://sakenowa.com/breweries/25,all_mode,2026-10-09T19:14:58.910332+00:00
26,あさ開,,3,岩手県,岩手縣,東北,,,,,,,https://sakenowa.com/breweries/26,all_mode,2026-10-09T19:14:58.910447+00:00
27,白雲,,3,岩手県,岩手縣,東北,,,,,,,https://sakenowa.com/breweries/27,all_mode,2026-10-09T19:14:58.910562+00:00
28,川村酒造店,,3,岩手県,岩手縣,東北,,,,,,,https://sakenowa.com/breweries/28,all_mode,2026-10-09T19:14:58.910660+00:00
29,菱屋酒造店,,3,岩手県,岩手縣,東北,,,,,,,https://sakenowa.com/breweries/29,all_mode,2026-10-09T19:14:58.910774+00:00
30,泉金酒造,,3,岩手県,岩手縣,東北,,,,,,,https://sakenowa.com/breweries/30,all_mode,2026-10-09T19:14:58.910875+00:00
31,酔仙酒造,,3,岩手県,岩手縣,東北,,,,,,,https://sakenowa.com/breweries/31,all_mode,2026-10-09T19:14:58.910977+00:00
32,菊の司酒造,,3,岩手県,岩手縣,東北,,,,,,,https://sakenowa.com/breweries/32,all_mode,2026-10-09T19:14:58.911084+00:00
33,月の輪酒造店,,3,岩手県,岩手縣,東北,,,,,,,https://sakenowa.com/breweries/33,all_mode,2026-10-09T19:14:58.911192+00:00
34,石越醸造,,4,宮城県,宮城縣,東北,,,,,,,https://sakenowa.com/breweries/34,all_mode,2026-10-09T19:14:58.911295+00:00
35,川敬商店,,4,宮城県,宮城縣,東北,,,,,,,https://sakenowa.com/breweries/35,all_mode,2026-10-09T19:14:58.911405+00:00
36,田中酒造店,,4,宮城県,宮城縣,東北,,,,,,,https://sakenowa.com/breweries/36,all_mode,2026-10-09T19:14:58.911516+00:00
37,千田酒造,,4,宮城県,宮城縣,東北,,,,,,,https://sakenowa.com/breweries/37,all_mode,2026-10-09T19:14:58.911616+00:00
38,宮城ふるさと酒造,,4,宮城県,宮城縣,東北,,,,,,,https://sakenowa.com/breweries/38,all_mode,2026-10-09T19:14:58.911725+00:00
39,墨廼江酒造,,4,宮城県,宮城縣,東北,,,,,,,https://sakenowa.com/breweries/39,all_mode,2026-10-09T19:14:58.911823+00:00
40,平孝酒造,,4,宮城県,宮城縣,東北,,,,,,,https://sakenowa.com/breweries/40,all_mode,2026-10-09T19:14:58.911929+00:00
41,中勇酒造店,,4,宮城県,宮城縣,東北,,,,,,,https://sakenowa.com/breweries/41,all_mode,2026-10-09T19:14:58.912029+00:00
42,新澤醸造店,,4,宮城県,宮城縣,東北,,,,,,,https://sakenowa.com/breweries/42,all_mode,2026-10-09T19:14:58.912139+00:00
43,仙台伊澤家 勝山酒造,,4,宮城県,宮城縣,東北,,,,,,,https://sakenowa.com/breweries/43,all_mode,2026-10-09T19:14:58.912287+00:00
44,萩野酒造,,4,宮城県,宮城縣,東北,,,,,,,https://sakenowa.com/breweries/44,all_mode,2026-10-09T19:14:58.912408+00:00
45,一ノ蔵,,4,宮城県,宮城縣,東北,,,,,,,https://sakenowa.com/breweries/45,all_mode,2026-10-09T19:14:58.912522+00:00
46,男山本店,,4,宮城県,宮城縣,東北,,,,,,,https://sakenowa.com/breweries/46,all_mode,2026-10-09T19:14:58.912648+00:00
47,大和蔵酒造,,4,宮城県,宮城縣,東北,,,,,,,https://sakenowa.com/breweries/47,all_mode,2026-10-09T19:14:58.912762+00:00
48,角星,,4,宮城県,宮城縣,東北,,,,,,,https://sakenowa.com/breweries/48,all_mode,2026-10-09T19:14:58.912863+00:00
49,佐浦,,4,宮城県,宮城縣,東北,,,,,,,https://sakenowa.com/breweries/49,all_mode,2026-10-09T19:14:58.912990+00:00
50,天寿酒造,,5,秋田県,秋田縣,東北,,,,,,,https://sakenowa.com/breweries/50,all_mode,2026-10-09T19:14:58.913094+00:00
51,齋彌酒造店,,5,秋田県,秋田縣,東北,,,,,,,https://sakenowa.com/breweries/51,all_mode,2026-10-09T19:14:58.913205+00:00
52,小玉醸造,,5,秋田県,秋田縣,東北,,,,,,,https://sakenowa.com/breweries/52,all_mode,2026-10-09T19:14:58.913314+00:00
53,浅舞酒造,,5,秋田県,秋田縣,東北,,,,,,,https://sakenowa.com/breweries/53,all_mode,2026-10-09T19:14:58.913443+00:00
54,秋田酒造,,5,秋田県,秋田縣,東北,,,,,,,https://sakenowa.com/breweries/54,all_mode,2026-10-09T19:14:58.913546+00:00
56,秋田酒類製造,,5,秋田県,秋田縣,東北,,,,,,,https://sakenowa.com/breweries/56,all_mode,2026-10-09T19:14:58.913651+00:00
57,高橋酒造店,,5,秋田県,秋田縣,東北,,,,,,,https://sakenowa.com/breweries/57,all_mode,2026-10-09T19:14:58.913756+00:00
58,木村酒造,,5,秋田県,秋田縣,東北,,,,,,,https://sakenowa.com/breweries/58,all_mode,2026-10-09T19:14:58.913856+00:00
59,喜久水酒造,,5,秋田県,秋田縣,東北,,,,,,,https://sakenowa.com/breweries/59,all_mode,2026-10-09T19:14:58.913968+00:00
60,那波商店,,5,秋田県,秋田縣,東北,,,,,,,https://sakenowa.com/breweries/60,all_mode,2026-10-09T19:14:58.914083+00:00
61,北鹿,,5,秋田県,秋田縣,東北,,,,,,,https://sakenowa.com/breweries/61,all_mode,2026-10-09T19:14:58.914184+00:00
62,舞鶴酒造,,5,秋田県,秋田縣,東北,,,,,,,https://sakenowa.com/breweries/62,all_mode,2026-10-09T19:14:58.914293+00:00
63,秋田醸造,,5,秋田県,秋田縣,東北,,,,,,,https://sakenowa.com/breweries/63,all_mode,2026-10-09T19:14:58.914414+00:00
64,八重寿銘醸,,5,秋田県,秋田縣,東北,,,,,,,https://sakenowa.com/breweries/64,all_mode,2026-10-09T19:14:58.914518+00:00
66,阿桜酒造,,5,秋田県,秋田縣,東北,,,,,,,https://sakenowa.com/breweries/66,all_mode,2026-10-09T19:14:58.914619+00:00
67,両関酒造,,5,秋田県,秋田縣,東北,,,,,,,https://sakenowa.com/breweries/67,all_mode,2026-10-09T19:14:58.914729+00:00
68,飛良泉本舗,,5,秋田県,秋田縣,東北,,,,,,,https://sakenowa.com/breweries/68,all_mode,2026-10-09T19:14:58.914845+00:00
69,秋田清酒,,5,秋田県,秋田縣,東北,,,,,,,https://sakenowa.com/breweries/69,all_mode,2026-10-09T19:14:58.914959+00:00
70,日の丸醸造,,5,秋田県,秋田縣,東北,,,,,,,https://sakenowa.com/breweries/70,all_mode,2026-10-09T19:14:58.915079+00:00
71,鈴木酒造店,,5,秋田県,秋田縣,東北,,,,,,,https://sakenowa.com/breweries/71,all_mode,2026-10-09T19:14:58.915192+00:00
72,山本酒造店,,5,秋田県,秋田縣,東北,,,,,,,https://sakenowa.com/breweries/72,all_mode,2026-10-09T19:14:58.915306+00:00
73,栗林酒造店,,5,秋田県,秋田縣,東北,,,,,,,https://sakenowa.com/breweries/73,all_mode,2026-10-09T19:14:58.915435+00:00
74,千歳盛酒造,,5,秋田県,秋田縣,東北,,,,,,,https://sakenowa.com/breweries/74,all_mode,2026-10-09T19:14:58.915544+00:00
76,新政酒造,,5,秋田県,秋田縣,東北,,,,,,,https://sakenowa.com/breweries/76,all_mode,2026-10-09T19:14:58.915654+00:00
77,秋田銘醸,,5,秋田県,秋田縣,東北,,,,,,,https://sakenowa.com/breweries/77,all_mode,2026-10-09T19:14:58.915760+00:00
78,福禄寿酒造,,5,秋田県,秋田縣,東北,,,,,,,https://sakenowa.com/breweries/78,all_mode,2026-10-09T19:14:58.915875+00:00
79,鯉川酒造,,6,山形県,山形縣,東北,,,,,,,https://sakenowa.com/breweries/79,all_mode,2026-10-09T19:14:58.915982+00:00
80,男山酒造,,6,山形県,山形縣,東北,,,,,,,https://sakenowa.com/breweries/80,all_mode,2026-10-09T19:14:58.916098+00:00
81,錦爛酒造,,6,山形県,山形縣,東北,,,,,,,https://sakenowa.com/breweries/81,all_mode,2026-10-09T19:14:58.916203+00:00
82,加藤嘉八郎酒造,,6,山形県,山形縣,東北,,,,,,,https://sakenowa.com/breweries/82,all_mode,2026-10-09T19:14:58.916301+00:00
83,楯の川酒造,,6,山形県,山形縣,東北,,,,,,,https://sakenowa.com/breweries/83,all_mode,2026-10-09T19:14:58.916422+00:00
84,酒田酒造,,6,山形県,山形縣,東北,,,,,,,https://sakenowa.com/breweries/84,all_mode,2026-10-09T19:14:58.916524+00:00
85,古澤酒造,,6,山形県,山形縣,東北,,,,,,,https://sakenowa.com/breweries/85,all_mode,2026-10-09T19:14:58.916633+00:00
86,長沼,,6,山形県,山形縣,東北,,,,,,,https://sakenowa.com/breweries/86,all_mode,2026-10-09T19:14:58.916730+00:00
87,菊勇,,6,山形県,山形縣,東北,,,,,,,https://sakenowa.com/breweries/87,all_mode,2026-10-09T19:14:58.916843+00:00
88,月山酒造,,6,山形県,山形縣,東北,,,,,,,https://sakenowa.com/breweries/88,all_mode,2026-10-09T19:14:58.916950+00:00
89,出羽桜酒造,,6,山形県,山形縣,東北,,,,,,,https://sakenowa.com/breweries/89,all_mode,2026-10-09T19:14:58.917052+00:00
90,和田酒造,,6,山形県,山形縣,東北,,,,,,,https://sakenowa.com/breweries/90,all_mode,2026-10-09T19:14:58.917151+00:00
91,佐藤仁左衛門酒造場,,6,山形県,山形縣,東北,,,,,,,https://sakenowa.com/breweries/91,all_mode,2026-10-09T19:14:58.917253+00:00
92,羽根田酒造,,6,山形県,山形縣,東北,,,,,,,https://sakenowa.com/breweries/92,all_mode,2026-10-09T19:14:58.917362+00:00
93,高橋酒造店,,6,山形県,山形縣,東北,,,,,,,https://sakenowa.com/breweries/93,all_mode,2026-10-09T19:14:58.917464+00:00
94,樽平酒造,,6,山形県,山形縣,東北,,,,,,,https://sakenowa.com/breweries/94,all_mode,2026-10-09T19:14:58.917565+00:00
95,小屋酒造,,6,山形県,山形縣,東北,,,,,,,https://sakenowa.com/breweries/95,all_mode,2026-10-09T19:14:58.917675+00:00
96,高木酒造,,6,山形県,山形縣,東北,,,,,,,https://sakenowa.com/breweries/96,all_mode,2026-10-09T19:14:58.917781+00:00
97,中沖酒造店,,6,山形県,山形縣,東北,,,,,,,https://sakenowa.com/breweries/97,all_mode,2026-10-09T19:14:58.917887+00:00
99,寿虎屋酒造,,6,山形県,山形縣,東北,,,,,,,https://sakenowa.com/breweries/99,all_mode,2026-10-09T19:14:58.917990+00:00
100,竹の露,,6,山形県,山形縣,東北,,,,,,,https://sakenowa.com/breweries/100,all_mode,2026-10-09T19:14:58.918101+00:00
101,水戸部酒造,,6,山形県,山形縣,東北,,,,,,,https://sakenowa.com/breweries/101,all_mode,2026-10-09T19:14:58.918205+00:00
102,米鶴酒造,,6,山形県,山形縣,東北,,,,,,,https://sakenowa.com/breweries/102,all_mode,2026-10-09T19:14:58.918315+00:00
103,麓井酒造,,6,山形県,山形縣,東北,,,,,,,https://sakenowa.com/breweries/103,all_mode,2026-10-09T19:14:58.918443+00:00
104,秀鳳酒造場,,6,山形県,山形縣,東北,,,,,,,https://sakenowa.com/breweries/104,all_mode,2026-10-09T19:14:58.918558+00:00
105,亀の井酒造,,6,山形県,山形縣,東北,,,,,,,https://sakenowa.com/breweries/105,all_mode,2026-10-09T19:14:58.918675+00:00
106,藤屋酒造本店,,6,山形県,山形縣,東北,,,,,,,https://sakenowa.com/breweries/106,all_mode,2026-10-09T19:14:58.918789+00:00
108,小嶋総本店,,6,山形県,山形縣,東北,,,,,,,https://sakenowa.com/breweries/108,all_mode,2026-10-09T19:14:58.918892+00:00
109,六歌仙,,6,山形県,山形縣,東北,,,,,,,https://sakenowa.com/breweries/109,all_mode,2026-10-09T19:14:58.918998+00:00
111,杉勇蕨岡酒造場,,6,山形県,山形縣,東北,,,,,,,https://sakenowa.com/breweries/111,all_mode,2026-10-09T19:14:58.919112+00:00
112,渡會本店,,6,山形県,山形縣,東北,,,,,,,https://sakenowa.com/breweries/112,all_mode,2026-10-09T19:14:58.919225+00:00
113,オードヴィ庄内,,6,山形県,山形縣,東北,,,,,,,https://sakenowa.com/breweries/113,all_mode,2026-10-09T19:14:58.919331+00:00
114,東北銘醸,,6,山形県,山形縣,東北,,,,,,,https://sakenowa.com/breweries/114,all_mode,2026-10-09T19:14:58.919436+00:00
115,後藤酒造店,,6,山形県,山形縣,東北,,,,,,,https://sakenowa.com/breweries/115,all_mode,2026-10-09T19:14:58.919539+00:00
116,新藤酒造店,,6,山形県,山形縣,東北,,,,,,,https://sakenowa.com/breweries/116,all_mode,2026-10-09T19:14:58.919643+00:00
118,花春酒造,,7,福島県,福島縣,東北,,,,,,,https://sakenowa.com/breweries/118,all_mode,2026-10-09T19:14:58.919748+00:00
119,大七酒造,,7,福島県,福島縣,東北,,,,,,,https://sakenowa.com/breweries/119,all_mode,2026-10-09T19:14:58.919860+00:00
120,辰泉酒造,,7,福島県,福島縣,東北,,,,,,,https://sakenowa.com/breweries/120,all_mode,2026-10-09T19:14:58.919970+00:00
121,千駒酒造,,7,福島県,福島縣,東北,,,,,,,https://sakenowa.com/breweries/121,all_mode,2026-10-09T19:14:58.920080+00:00
123,仁井田本家,,7,福島県,福島縣,東北,,,,,,,https://sakenowa.com/breweries/123,all_mode,2026-10-09T19:14:58.920181+00:00
124,白河銘醸,,7,福島県,福島縣,東北,,,,,,,https://sakenowa.com/breweries/124,all_mode,2026-10-09T19:14:58.920304+00:00
125,名倉山酒造,,7,福島県,福島縣,東北,,,,,,,https://sakenowa.com/breweries/125,all_mode,2026-10-09T19:14:58.920419+00:00
126,曙酒造,,7,福島県,福島縣,東北,,,,,,,https://sakenowa.com/breweries/126,all_mode,2026-10-09T19:14:58.920535+00:00
127,鶴乃江酒造,,7,福島県,福島縣,東北,,,,,,,https://sakenowa.com/breweries/127,all_mode,2026-10-09T19:14:58.920657+00:00
128,人気酒造,,7,福島県,福島縣,東北,,,,,,,https://sakenowa.com/breweries/128,all_mode,2026-10-09T19:14:58.920766+00:00
130,宮泉銘醸,,7,福島県,福島縣,東北,,,,,,,https://sakenowa.com/breweries/130,all_mode,2026-10-09T19:14:58.920873+00:00
131,榮川酒造,,7,福島県,福島縣,東北,,,,,,,https://sakenowa.com/breweries/131,all_mode,2026-10-09T19:14:58.920980+00:00
132,国権酒造,,7,福島県,福島縣,東北,,,,,,,https://sakenowa.com/breweries/132,all_mode,2026-10-09T19:14:58.921095+00:00
133,大和川酒造店,,7,福島県,福島縣,東北,,,,,,,https://sakenowa.com/breweries/133,all_mode,2026-10-09T19:14:58.921204+00:00
134,喜多の華酒造場,,7,福島県,福島縣,東北,,,,,,,https://sakenowa.com/breweries/134,all_mode,2026-10-09T19:14:58.921332+00:00
135,廣木酒造本店,,7,福島県,福島縣,東北,,,,,,,https://sakenowa.com/breweries/135,all_mode,2026-10-09T19:14:58.921454+00:00
136,豊国酒造 (東),,7,福島県,福島縣,東北,,,,,,,https://sakenowa.com/breweries/136,all_mode,2026-10-09T19:14:58.921559+00:00
137,豊国酒造 (会津),,7,福島県,福島縣,東北,,,,,,,https://sakenowa.com/breweries/137,all_mode,2026-10-09T19:14:58.921669+00:00
138,鈴木酒造店,,7,福島県,福島縣,東北,,,,,,,https://sakenowa.com/breweries/138,all_mode,2026-10-09T19:14:58.921792+00:00
139,末廣酒造,,7,福島県,福島縣,東北,,,,,,,https://sakenowa.com/breweries/139,all_mode,2026-10-09T19:14:58.921894+00:00
140,太平桜酒造,,7,福島県,福島縣,東北,,,,,,,https://sakenowa.com/breweries/140,all_mode,2026-10-09T19:14:58.922017+00:00
141,花泉酒造,,7,福島県,福島縣,東北,,,,,,,https://sakenowa.com/breweries/141,all_mode,2026-10-09T19:14:58.922115+00:00
142,奥の松酒造,,7,福島県,福島縣,東北,,,,,,,https://sakenowa.com/breweries/142,all_mode,2026-10-09T19:14:58.922236+00:00
143,開当男山酒造,,7,福島県,福島縣,東北,,,,,,,https://sakenowa.com/breweries/143,all_mode,2026-10-09T19:14:58.922347+00:00
144,会津酒造,,7,福島県,福島縣,東北,,,,,,,https://sakenowa.com/breweries/144,all_mode,2026-10-09T19:14:58.922455+00:00
146,笹の川酒造,,7,福島県,福島縣,東北,,,,,,,https://sakenowa.com/breweries/146,all_mode,2026-10-09T19:14:58.922568+00:00
148,大木代吉本店,,7,福島県,福島縣,東北,,,,,,,https://sakenowa.com/breweries/148,all_mode,2026-10-09T19:14:58.922671+00:00
149,ほまれ酒造,,7,福島県,福島縣,東北,,,,,,,https://sakenowa.com/breweries/149,all_mode,2026-10-09T19:14:58.922782+00:00
150,夢心酒造,,7,福島県,福島縣,東北,,,,,,,https://sakenowa.com/breweries/150,all_mode,2026-10-09T19:14:58.922892+00:00
151,笹正宗酒造,,7,福島県,福島縣,東北,,,,,,,https://sakenowa.com/breweries/151,all_mode,2026-10-09T19:14:58.923002+00:00
152,須藤本家,,8,茨城県,茨城縣,關東,,,,,,,https://sakenowa.com/breweries/152,all_mode,2026-10-09T19:14:58.923107+00:00
153,浦里酒造店,,8,茨城県,茨城縣,關東,,,,,,,https://sakenowa.com/breweries/153,all_mode,2026-10-09T19:14:58.923219+00:00
154,府中誉,,8,茨城県,茨城縣,關東,,,,,,,https://sakenowa.com/breweries/154,all_mode,2026-10-09T19:14:58.923328+00:00
157,来福酒造,,8,茨城県,茨城縣,關東,,,,,,,https://sakenowa.com/breweries/157,all_mode,2026-10-09T19:14:58.923446+00:00
159,森島酒造,,8,茨城県,茨城縣,關東,,,,,,,https://sakenowa.com/breweries/159,all_mode,2026-10-09T19:14:58.923558+00:00
160,山中酒造店,,8,茨城県,茨城縣,關東,,,,,,,https://sakenowa.com/breweries/160,all_mode,2026-10-09T19:14:58.923669+00:00
161,廣瀬商店,,8,茨城県,茨城縣,關東,,,,,,,https://sakenowa.com/breweries/161,all_mode,2026-10-09T19:14:58.923767+00:00
162,藤田酒造店,,8,茨城県,茨城縣,關東,,,,,,,https://sakenowa.com/breweries/162,all_mode,2026-10-09T19:14:58.923866+00:00
163,武勇,,8,茨城県,茨城縣,關東,,,,,,,https://sakenowa.com/breweries/163,all_mode,2026-10-09T19:14:58.923967+00:00
166,萩原酒造,,8,茨城県,茨城縣,關東,,,,,,,https://sakenowa.com/breweries/166,all_mode,2026-10-09T19:14:58.924080+00:00
167,明利酒類,,8,茨城県,茨城縣,關東,,,,,,,https://sakenowa.com/breweries/167,all_mode,2026-10-09T19:14:58.924179+00:00
168,石岡酒造,,8,茨城県,茨城縣,關東,,,,,,,https://sakenowa.com/breweries/168,all_mode,2026-10-09T19:14:58.924286+00:00
169,西岡本店,,8,茨城県,茨城縣,關東,,,,,,,https://sakenowa.com/breweries/169,all_mode,2026-10-09T19:14:58.924405+00:00
171,若駒酒造,,9,栃木県,栃木縣,關東,,,,,,,https://sakenowa.com/breweries/171,all_mode,2026-10-09T19:14:58.924505+00:00
173,宇都宮酒造,,9,栃木県,栃木縣,關東,,,,,,,https://sakenowa.com/breweries/173,all_mode,2026-10-09T19:14:58.924611+00:00
174,井上清吉商店,,9,栃木県,栃木縣,關東,,,,,,,https://sakenowa.com/breweries/174,all_mode,2026-10-09T19:14:58.924714+00:00
176,西堀酒造,,9,栃木県,栃木縣,關東,,,,,,,https://sakenowa.com/breweries/176,all_mode,2026-10-09T19:14:58.924815+00:00
177,菊の里酒造,,9,栃木県,栃木縣,關東,,,,,,,https://sakenowa.com/breweries/177,all_mode,2026-10-09T19:14:58.924919+00:00
178,天鷹酒造,,9,栃木県,栃木縣,關東,,,,,,,https://sakenowa.com/breweries/178,all_mode,2026-10-09T19:14:58.925022+00:00
179,第一酒造,,9,栃木県,栃木縣,關東,,,,,,,https://sakenowa.com/breweries/179,all_mode,2026-10-09T19:14:58.925131+00:00
180,杉田酒造,,9,栃木県,栃木縣,關東,,,,,,,https://sakenowa.com/breweries/180,all_mode,2026-10-09T19:14:58.925240+00:00
182,虎屋本店,,9,栃木県,栃木縣,關東,,,,,,,https://sakenowa.com/breweries/182,all_mode,2026-10-09T19:14:58.925359+00:00
183,小林酒造,,9,栃木県,栃木縣,關東,,,,,,,https://sakenowa.com/breweries/183,all_mode,2026-10-09T19:14:58.925463+00:00
184,惣誉酒造,,9,栃木県,栃木縣,關東,,,,,,,https://sakenowa.com/breweries/184,all_mode,2026-10-09T19:14:58.925562+00:00
185,高井,,10,群馬県,群馬縣,關東,,,,,,,https://sakenowa.com/breweries/185,all_mode,2026-10-09T19:14:58.925666+00:00
186,柳澤酒造,,10,群馬県,群馬縣,關東,,,,,,,https://sakenowa.com/breweries/186,all_mode,2026-10-09T19:14:58.925780+00:00
187,浅間酒造,,10,群馬県,群馬縣,關東,,,,,,,https://sakenowa.com/breweries/187,all_mode,2026-10-09T19:14:58.925885+00:00
188,島岡酒造,,10,群馬県,群馬縣,關東,,,,,,,https://sakenowa.com/breweries/188,all_mode,2026-10-09T19:14:58.925993+00:00
189,土田酒造,,10,群馬県,群馬縣,關東,,,,,,,https://sakenowa.com/breweries/189,all_mode,2026-10-09T19:14:58.926096+00:00
190,近藤酒造,,10,群馬県,群馬縣,關東,,,,,,,https://sakenowa.com/breweries/190,all_mode,2026-10-09T19:14:58.926206+00:00
191,永井酒造,,10,群馬県,群馬縣,關東,,,,,,,https://sakenowa.com/breweries/191,all_mode,2026-10-09T19:14:58.926304+00:00
193,牧野酒造,,10,群馬県,群馬縣,關東,,,,,,,https://sakenowa.com/breweries/193,all_mode,2026-10-09T19:14:58.926428+00:00
194,町田酒造店,,10,群馬県,群馬縣,關東,,,,,,,https://sakenowa.com/breweries/194,all_mode,2026-10-09T19:14:58.926537+00:00
195,聖徳銘醸,,10,群馬県,群馬縣,關東,,,,,,,https://sakenowa.com/breweries/195,all_mode,2026-10-09T19:14:58.926657+00:00
196,貴娘酒造,,10,群馬県,群馬縣,關東,,,,,,,https://sakenowa.com/breweries/196,all_mode,2026-10-09T19:14:58.926771+00:00
197,柴崎酒造,,10,群馬県,群馬縣,關東,,,,,,,https://sakenowa.com/breweries/197,all_mode,2026-10-09T19:14:58.926874+00:00
198,大利根酒造,,10,群馬県,群馬縣,關東,,,,,,,https://sakenowa.com/breweries/198,all_mode,2026-10-09T19:14:58.926971+00:00
199,龍神酒造,,10,群馬県,群馬縣,關東,,,,,,,https://sakenowa.com/breweries/199,all_mode,2026-10-09T19:14:58.927072+00:00
200,分福酒造,,10,群馬県,群馬縣,關東,,,,,,,https://sakenowa.com/breweries/200,all_mode,2026-10-09T19:14:58.927175+00:00
202,神亀酒造,,11,埼玉県,埼玉縣,關東,,,,,,,https://sakenowa.com/breweries/202,all_mode,2026-10-09T19:14:58.927279+00:00
205,小山本家酒造,,11,埼玉県,埼玉縣,關東,,,,,,,https://sakenowa.com/breweries/205,all_mode,2026-10-09T19:14:58.927398+00:00
206,滝澤酒造,,11,埼玉県,埼玉縣,關東,,,,,,,https://sakenowa.com/breweries/206,all_mode,2026-10-09T19:14:58.927528+00:00
207,権田酒造,,11,埼玉県,埼玉縣,關東,,,,,,,https://sakenowa.com/breweries/207,all_mode,2026-10-09T19:14:58.927624+00:00
208,秩父菊水酒造,,11,埼玉県,埼玉縣,關東,,,,,,,https://sakenowa.com/breweries/208,all_mode,2026-10-09T19:14:58.927720+00:00
211,武甲酒造,,11,埼玉県,埼玉縣,關東,,,,,,,https://sakenowa.com/breweries/211,all_mode,2026-10-09T19:14:58.927818+00:00
213,横田酒造,,11,埼玉県,埼玉縣,關東,,,,,,,https://sakenowa.com/breweries/213,all_mode,2026-10-09T19:14:58.927921+00:00
214,佐藤酒造店,,11,埼玉県,埼玉縣,關東,,,,,,,https://sakenowa.com/breweries/214,all_mode,2026-10-09T19:14:58.928016+00:00
215,旭鶴,,12,千葉県,千葉縣,關東,,,,,,,https://sakenowa.com/breweries/215,all_mode,2026-10-09T19:14:58.928113+00:00
216,梅一輪酒造,,12,千葉県,千葉縣,關東,,,,,,,https://sakenowa.com/breweries/216,all_mode,2026-10-09T19:14:58.928219+00:00
217,和蔵酒造,,12,千葉県,千葉縣,關東,,,,,,,https://sakenowa.com/breweries/217,all_mode,2026-10-09T19:14:58.928316+00:00
218,寺田本家,,12,千葉県,千葉縣,關東,,,,,,,https://sakenowa.com/breweries/218,all_mode,2026-10-09T19:14:58.928435+00:00
219,宮崎酒造店,,12,千葉県,千葉縣,關東,,,,,,,https://sakenowa.com/breweries/219,all_mode,2026-10-09T19:14:58.928550+00:00
220,吉野酒造,,12,千葉県,千葉縣,關東,,,,,,,https://sakenowa.com/breweries/220,all_mode,2026-10-09T19:14:58.928647+00:00
221,岩瀬酒造,,12,千葉県,千葉縣,關東,,,,,,,https://sakenowa.com/breweries/221,all_mode,2026-10-09T19:14:58.928744+00:00
222,藤平酒造,,12,千葉県,千葉縣,關東,,,,,,,https://sakenowa.com/breweries/222,all_mode,2026-10-09T19:14:58.928845+00:00
223,木戸泉酒造,,12,千葉県,千葉縣,關東,,,,,,,https://sakenowa.com/breweries/223,all_mode,2026-10-09T19:14:58.928951+00:00
224,鍋店,,12,千葉県,千葉縣,關東,,,,,,,https://sakenowa.com/breweries/224,all_mode,2026-10-09T19:14:58.929059+00:00
225,田村酒造場,,13,東京都,東京都,關東,,,,,,,https://sakenowa.com/breweries/225,all_mode,2026-10-09T19:14:58.929168+00:00
226,小山酒造（廃業）,,13,東京都,東京都,關東,,,,,,,https://sakenowa.com/breweries/226,all_mode,2026-10-09T19:14:58.929269+00:00
228,石川酒造,,13,東京都,東京都,關東,,,,,,,https://sakenowa.com/breweries/228,all_mode,2026-10-09T19:14:58.929374+00:00
229,小澤酒造,,13,東京都,東京都,關東,,,,,,,https://sakenowa.com/breweries/229,all_mode,2026-10-09T19:14:58.929492+00:00
230,土屋酒造,,13,東京都,東京都,關東,,,,,,,https://sakenowa.com/breweries/230,all_mode,2026-10-09T19:14:58.929597+00:00
231,泉橋酒造,,14,神奈川県,神奈川縣,關東,,,,,,,https://sakenowa.com/breweries/231,all_mode,2026-10-09T19:14:58.929690+00:00
232,久保田酒造,,14,神奈川県,神奈川縣,關東,,,,,,,https://sakenowa.com/breweries/232,all_mode,2026-10-09T19:14:58.929811+00:00
233,金井酒造店,,14,神奈川県,神奈川縣,關東,,,,,,,https://sakenowa.com/breweries/233,all_mode,2026-10-09T19:14:58.929913+00:00
235,大矢孝酒造,,14,神奈川県,神奈川縣,關東,,,,,,,https://sakenowa.com/breweries/235,all_mode,2026-10-09T19:14:58.930010+00:00
237,川西屋酒造店,,14,神奈川県,神奈川縣,關東,,,,,,,https://sakenowa.com/breweries/237,all_mode,2026-10-09T19:14:58.930118+00:00
238,中川酒造,,15,新潟県,新潟縣,中部,,,,,,,https://sakenowa.com/breweries/238,all_mode,2026-10-09T19:14:58.930233+00:00
239,下越酒造,,15,新潟県,新潟縣,中部,,,,,,,https://sakenowa.com/breweries/239,all_mode,2026-10-09T19:14:58.930329+00:00
240,朝妻酒造,,15,新潟県,新潟縣,中部,,,,,,,https://sakenowa.com/breweries/240,all_mode,2026-10-09T19:14:58.930446+00:00
241,竹田酒造店,,15,新潟県,新潟縣,中部,,,,,,,https://sakenowa.com/breweries/241,all_mode,2026-10-09T19:14:58.930549+00:00
242,北雪酒造,,15,新潟県,新潟縣,中部,,,,,,,https://sakenowa.com/breweries/242,all_mode,2026-10-09T19:14:58.930651+00:00
243,白瀧酒造,,15,新潟県,新潟縣,中部,,,,,,,https://sakenowa.com/breweries/243,all_mode,2026-10-09T19:14:58.930757+00:00
244,高の井酒造,,15,新潟県,新潟縣,中部,,,,,,,https://sakenowa.com/breweries/244,all_mode,2026-10-09T19:14:58.930884+00:00
245,田原酒造,,15,新潟県,新潟縣,中部,,,,,,,https://sakenowa.com/breweries/245,all_mode,2026-10-09T19:14:58.930996+00:00
246,青木酒造,,15,新潟県,新潟縣,中部,,,,,,,https://sakenowa.com/breweries/246,all_mode,2026-10-09T19:14:58.931093+00:00
247,諸橋酒造,,15,新潟県,新潟縣,中部,,,,,,,https://sakenowa.com/breweries/247,all_mode,2026-10-09T19:14:58.931210+00:00
248,ふじの井酒造,,15,新潟県,新潟縣,中部,,,,,,,https://sakenowa.com/breweries/248,all_mode,2026-10-09T19:14:58.931316+00:00
249,よしかわ杜氏の郷,,15,新潟県,新潟縣,中部,,,,,,,https://sakenowa.com/breweries/249,all_mode,2026-10-09T19:14:58.931424+00:00
250,逸見酒造,,15,新潟県,新潟縣,中部,,,,,,,https://sakenowa.com/breweries/250,all_mode,2026-10-09T19:14:58.931520+00:00
252,塩川酒造,,15,新潟県,新潟縣,中部,,,,,,,https://sakenowa.com/breweries/252,all_mode,2026-10-09T19:14:58.931628+00:00
253,金鵄盃酒造,,15,新潟県,新潟縣,中部,,,,,,,https://sakenowa.com/breweries/253,all_mode,2026-10-09T19:14:58.931739+00:00
255,越後酒造場,,15,新潟県,新潟縣,中部,,,,,,,https://sakenowa.com/breweries/255,all_mode,2026-10-09T19:14:58.931842+00:00
256,加藤酒造,,15,新潟県,新潟縣,中部,,,,,,,https://sakenowa.com/breweries/256,all_mode,2026-10-09T19:14:58.931944+00:00
257,越の華酒造,,15,新潟県,新潟縣,中部,,,,,,,https://sakenowa.com/breweries/257,all_mode,2026-10-09T19:14:58.932053+00:00
258,大洋酒造,,15,新潟県,新潟縣,中部,,,,,,,https://sakenowa.com/breweries/258,all_mode,2026-10-09T19:14:58.932156+00:00
259,吉乃川,,15,新潟県,新潟縣,中部,,,,,,,https://sakenowa.com/breweries/259,all_mode,2026-10-09T19:14:58.932279+00:00
260,今代司酒造,,15,新潟県,新潟縣,中部,,,,,,,https://sakenowa.com/breweries/260,all_mode,2026-10-09T19:14:58.932407+00:00
261,原酒造,,15,新潟県,新潟縣,中部,,,,,,,https://sakenowa.com/breweries/261,all_mode,2026-10-09T19:14:58.932511+00:00
262,高野酒造,,15,新潟県,新潟縣,中部,,,,,,,https://sakenowa.com/breweries/262,all_mode,2026-10-09T19:14:58.932623+00:00
263,恩田酒造,,15,新潟県,新潟縣,中部,,,,,,,https://sakenowa.com/breweries/263,all_mode,2026-10-09T19:14:58.932734+00:00
265,津南醸造,,15,新潟県,新潟縣,中部,,,,,,,https://sakenowa.com/breweries/265,all_mode,2026-10-09T19:14:58.932834+00:00
266,妙高酒造,,15,新潟県,新潟縣,中部,,,,,,,https://sakenowa.com/breweries/266,all_mode,2026-10-09T19:14:58.932939+00:00
267,越後桜酒造,,15,新潟県,新潟縣,中部,,,,,,,https://sakenowa.com/breweries/267,all_mode,2026-10-09T19:14:58.933050+00:00
268,丸山酒造場,,15,新潟県,新潟縣,中部,,,,,,,https://sakenowa.com/breweries/268,all_mode,2026-10-09T19:14:58.933163+00:00
269,笹祝酒造,,15,新潟県,新潟縣,中部,,,,,,,https://sakenowa.com/breweries/269,all_mode,2026-10-09T19:14:58.933264+00:00
270,栃倉酒造,,15,新潟県,新潟縣,中部,,,,,,,https://sakenowa.com/breweries/270,all_mode,2026-10-09T19:14:58.933376+00:00
271,小黒酒造,,15,新潟県,新潟縣,中部,,,,,,,https://sakenowa.com/breweries/271,all_mode,2026-10-09T19:14:58.933475+00:00
272,宝山酒造,,15,新潟県,新潟縣,中部,,,,,,,https://sakenowa.com/breweries/272,all_mode,2026-10-09T19:14:58.933590+00:00
273,八海醸造,,15,新潟県,新潟縣,中部,,,,,,,https://sakenowa.com/breweries/273,all_mode,2026-10-09T19:14:58.933700+00:00
274,美の川酒造,,15,新潟県,新潟縣,中部,,,,,,,https://sakenowa.com/breweries/274,all_mode,2026-10-09T19:14:58.933806+00:00
275,石本酒造,,15,新潟県,新潟縣,中部,,,,,,,https://sakenowa.com/breweries/275,all_mode,2026-10-09T19:14:58.933913+00:00
276,新潟銘醸,,15,新潟県,新潟縣,中部,,,,,,,https://sakenowa.com/breweries/276,all_mode,2026-10-09T19:14:58.934014+00:00
278,関原酒造,,15,新潟県,新潟縣,中部,,,,,,,https://sakenowa.com/breweries/278,all_mode,2026-10-09T19:14:58.934141+00:00
279,越銘醸,,15,新潟県,新潟縣,中部,,,,,,,https://sakenowa.com/breweries/279,all_mode,2026-10-09T19:14:58.934244+00:00
280,越後伝衛門,,15,新潟県,新潟縣,中部,,,,,,,https://sakenowa.com/breweries/280,all_mode,2026-10-09T19:14:58.934359+00:00
281,お福酒造,,15,新潟県,新潟縣,中部,,,,,,,https://sakenowa.com/breweries/281,all_mode,2026-10-09T19:14:58.934470+00:00
282,池田屋酒造,,15,新潟県,新潟縣,中部,,,,,,,https://sakenowa.com/breweries/282,all_mode,2026-10-09T19:14:58.934592+00:00
283,千代の光酒造,,15,新潟県,新潟縣,中部,,,,,,,https://sakenowa.com/breweries/283,all_mode,2026-10-09T19:14:58.934694+00:00
284,福顔酒造,,15,新潟県,新潟縣,中部,,,,,,,https://sakenowa.com/breweries/284,all_mode,2026-10-09T19:14:58.934799+00:00
285,高千代酒造,,15,新潟県,新潟縣,中部,,,,,,,https://sakenowa.com/breweries/285,all_mode,2026-10-09T19:14:58.934904+00:00
286,田中酒造,,15,新潟県,新潟縣,中部,,,,,,,https://sakenowa.com/breweries/286,all_mode,2026-10-09T19:14:58.935022+00:00
287,代々菊醸造,,15,新潟県,新潟縣,中部,,,,,,,https://sakenowa.com/breweries/287,all_mode,2026-10-09T19:14:58.935122+00:00
288,雪椿酒造,,15,新潟県,新潟縣,中部,,,,,,,https://sakenowa.com/breweries/288,all_mode,2026-10-09T19:14:58.935220+00:00
289,マスカガミ,,15,新潟県,新潟縣,中部,,,,,,,https://sakenowa.com/breweries/289,all_mode,2026-10-09T19:14:58.935325+00:00
290,池浦酒造,,15,新潟県,新潟縣,中部,,,,,,,https://sakenowa.com/breweries/290,all_mode,2026-10-09T19:14:58.935435+00:00
291,新潟第一酒造,,15,新潟県,新潟縣,中部,,,,,,,https://sakenowa.com/breweries/291,all_mode,2026-10-09T19:14:58.935532+00:00
292,宮尾酒造,,15,新潟県,新潟縣,中部,,,,,,,https://sakenowa.com/breweries/292,all_mode,2026-10-09T19:14:58.935651+00:00
293,葵酒造,,15,新潟県,新潟縣,中部,,,,,,,https://sakenowa.com/breweries/293,all_mode,2026-10-09T19:14:58.935756+00:00
294,加茂錦酒造,,15,新潟県,新潟縣,中部,,,,,,,https://sakenowa.com/breweries/294,all_mode,2026-10-09T19:14:58.935868+00:00
295,王紋酒造,,15,新潟県,新潟縣,中部,,,,,,,https://sakenowa.com/breweries/295,all_mode,2026-10-09T19:14:58.935985+00:00
296,越後鶴亀,,15,新潟県,新潟縣,中部,,,,,,,https://sakenowa.com/breweries/296,all_mode,2026-10-09T19:14:58.936093+00:00
297,河忠酒造,,15,新潟県,新潟縣,中部,,,,,,,https://sakenowa.com/breweries/297,all_mode,2026-10-09T19:14:58.936210+00:00
298,柏露酒造,,15,新潟県,新潟縣,中部,,,,,,,https://sakenowa.com/breweries/298,all_mode,2026-10-09T19:14:58.936324+00:00
299,尾畑酒造,,15,新潟県,新潟縣,中部,,,,,,,https://sakenowa.com/breweries/299,all_mode,2026-10-09T19:14:58.936452+00:00
300,緑川酒造,,15,新潟県,新潟縣,中部,,,,,,,https://sakenowa.com/breweries/300,all_mode,2026-10-09T19:14:58.936556+00:00
301,渡辺酒造店,,15,新潟県,新潟縣,中部,,,,,,,https://sakenowa.com/breweries/301,all_mode,2026-10-09T19:14:58.936656+00:00
302,魚沼酒造,,15,新潟県,新潟縣,中部,,,,,,,https://sakenowa.com/breweries/302,all_mode,2026-10-09T19:14:58.936756+00:00
303,玉川酒造,,15,新潟県,新潟縣,中部,,,,,,,https://sakenowa.com/breweries/303,all_mode,2026-10-09T19:14:58.936856+00:00
304,頚城酒造,,15,新潟県,新潟縣,中部,,,,,,,https://sakenowa.com/breweries/304,all_mode,2026-10-09T19:14:58.936970+00:00
305,朝日酒造,,15,新潟県,新潟縣,中部,,,,,,,https://sakenowa.com/breweries/305,all_mode,2026-10-09T19:14:58.937081+00:00
307,福井酒造,,15,新潟県,新潟縣,中部,,,,,,,https://sakenowa.com/breweries/307,all_mode,2026-10-09T19:14:58.937207+00:00
308,菊水酒造,,15,新潟県,新潟縣,中部,,,,,,,https://sakenowa.com/breweries/308,all_mode,2026-10-09T19:14:58.937302+00:00
309,樋木酒造,,15,新潟県,新潟縣,中部,,,,,,,https://sakenowa.com/breweries/309,all_mode,2026-10-09T19:14:58.937423+00:00
310,越つかの酒造,,15,新潟県,新潟縣,中部,,,,,,,https://sakenowa.com/breweries/310,all_mode,2026-10-09T19:14:58.937526+00:00
311,麒麟山酒造,,15,新潟県,新潟縣,中部,,,,,,,https://sakenowa.com/breweries/311,all_mode,2026-10-09T19:14:58.937632+00:00
312,久須美酒造,,15,新潟県,新潟縣,中部,,,,,,,https://sakenowa.com/breweries/312,all_mode,2026-10-09T19:14:58.937735+00:00
313,皇国晴酒造,,16,富山県,富山縣,中部,,,,,,,https://sakenowa.com/breweries/313,all_mode,2026-10-09T19:14:58.937844+00:00
314,魚津酒造,,16,富山県,富山縣,中部,,,,,,,https://sakenowa.com/breweries/314,all_mode,2026-10-09T19:14:58.937953+00:00
315,福鶴酒造,,16,富山県,富山縣,中部,,,,,,,https://sakenowa.com/breweries/315,all_mode,2026-10-09T19:14:58.938065+00:00
316,富美菊酒造,,16,富山県,富山縣,中部,,,,,,,https://sakenowa.com/breweries/316,all_mode,2026-10-09T19:14:58.938166+00:00
317,吉乃友酒造,,16,富山県,富山縣,中部,,,,,,,https://sakenowa.com/breweries/317,all_mode,2026-10-09T19:14:58.938278+00:00
318,林酒造場,,16,富山県,富山縣,中部,,,,,,,https://sakenowa.com/breweries/318,all_mode,2026-10-09T19:14:58.938385+00:00
319,三笑楽酒造,,16,富山県,富山縣,中部,,,,,,,https://sakenowa.com/breweries/319,all_mode,2026-10-09T19:14:58.938491+00:00
320,立山酒造,,16,富山県,富山縣,中部,,,,,,,https://sakenowa.com/breweries/320,all_mode,2026-10-09T19:14:58.938593+00:00
321,成政酒造,,16,富山県,富山縣,中部,,,,,,,https://sakenowa.com/breweries/321,all_mode,2026-10-09T19:14:58.938699+00:00
322,高澤酒造場,,16,富山県,富山縣,中部,,,,,,,https://sakenowa.com/breweries/322,all_mode,2026-10-09T19:14:58.938805+00:00
323,銀盤酒造,,16,富山県,富山縣,中部,,,,,,,https://sakenowa.com/breweries/323,all_mode,2026-10-09T19:14:58.938906+00:00
324,若鶴酒造,,16,富山県,富山縣,中部,,,,,,,https://sakenowa.com/breweries/324,all_mode,2026-10-09T19:14:58.939009+00:00
325,桝田酒造店,,16,富山県,富山縣,中部,,,,,,,https://sakenowa.com/breweries/325,all_mode,2026-10-09T19:14:58.939120+00:00
327,加越酒造,,17,石川県,石川縣,中部,,,,,,,https://sakenowa.com/breweries/327,all_mode,2026-10-09T19:14:58.939225+00:00
328,車多酒造,,17,石川県,石川縣,中部,,,,,,,https://sakenowa.com/breweries/328,all_mode,2026-10-09T19:14:58.939375+00:00
329,吉田酒造店,,17,石川県,石川縣,中部,,,,,,,https://sakenowa.com/breweries/329,all_mode,2026-10-09T19:14:58.939487+00:00
330,見砂酒造,,17,石川県,石川縣,中部,,,,,,,https://sakenowa.com/breweries/330,all_mode,2026-10-09T19:14:58.939602+00:00
332,数馬酒造,,17,石川県,石川縣,中部,,,,,,,https://sakenowa.com/breweries/332,all_mode,2026-10-09T19:14:58.939705+00:00
333,御祖酒造,,17,石川県,石川縣,中部,,,,,,,https://sakenowa.com/breweries/333,all_mode,2026-10-09T19:14:58.939813+00:00
334,宗玄酒造,,17,石川県,石川縣,中部,,,,,,,https://sakenowa.com/breweries/334,all_mode,2026-10-09T19:14:58.939920+00:00
335,鹿野酒造,,17,石川県,石川縣,中部,,,,,,,https://sakenowa.com/breweries/335,all_mode,2026-10-09T19:14:58.940023+00:00
336,久世酒造店,,17,石川県,石川縣,中部,,,,,,,https://sakenowa.com/breweries/336,all_mode,2026-10-09T19:14:58.940127+00:00
337,松浦酒造,,17,石川県,石川縣,中部,,,,,,,https://sakenowa.com/breweries/337,all_mode,2026-10-09T19:14:58.940237+00:00
338,中村酒造,,17,石川県,石川縣,中部,,,,,,,https://sakenowa.com/breweries/338,all_mode,2026-10-09T19:14:58.940347+00:00
339,小堀酒造店,,17,石川県,石川縣,中部,,,,,,,https://sakenowa.com/breweries/339,all_mode,2026-10-09T19:14:58.940452+00:00
340,東酒造,,17,石川県,石川縣,中部,,,,,,,https://sakenowa.com/breweries/340,all_mode,2026-10-09T19:14:58.940557+00:00
341,橋本酒造,,17,石川県,石川縣,中部,,,,,,,https://sakenowa.com/breweries/341,all_mode,2026-10-09T19:14:58.940659+00:00
342,菊姫,,17,石川県,石川縣,中部,,,,,,,https://sakenowa.com/breweries/342,all_mode,2026-10-09T19:14:58.940767+00:00
343,金紋酒造,,17,石川県,石川縣,中部,,,,,,,https://sakenowa.com/breweries/343,all_mode,2026-10-09T19:14:58.940871+00:00
344,福光屋,,17,石川県,石川縣,中部,,,,,,,https://sakenowa.com/breweries/344,all_mode,2026-10-09T19:14:58.940969+00:00
345,やちや酒造,,17,石川県,石川縣,中部,,,,,,,https://sakenowa.com/breweries/345,all_mode,2026-10-09T19:14:58.941121+00:00
346,豊酒造,,18,福井県,福井縣,中部,,,,,,,https://sakenowa.com/breweries/346,all_mode,2026-10-09T19:14:58.941222+00:00
347,久保田酒造,,18,福井県,福井縣,中部,,,,,,,https://sakenowa.com/breweries/347,all_mode,2026-10-09T19:14:58.941325+00:00
348,安本酒造,,18,福井県,福井縣,中部,,,,,,,https://sakenowa.com/breweries/348,all_mode,2026-10-09T19:14:58.941432+00:00
349,三宅彦右衛門酒造,,18,福井県,福井縣,中部,,,,,,,https://sakenowa.com/breweries/349,all_mode,2026-10-09T19:14:58.941540+00:00
350,鳥浜酒造,,18,福井県,福井縣,中部,,,,,,,https://sakenowa.com/breweries/350,all_mode,2026-10-09T19:14:58.941644+00:00
351,畠山酒造,,18,福井県,福井縣,中部,,,,,,,https://sakenowa.com/breweries/351,all_mode,2026-10-09T19:14:58.941742+00:00
352,田嶋酒造,,18,福井県,福井縣,中部,,,,,,,https://sakenowa.com/breweries/352,all_mode,2026-10-09T19:14:58.941848+00:00
353,堀口酒造,,18,福井県,福井縣,中部,,,,,,,https://sakenowa.com/breweries/353,all_mode,2026-10-09T19:14:58.941954+00:00
354,井波酒造,,18,福井県,福井縣,中部,,,,,,,https://sakenowa.com/breweries/354,all_mode,2026-10-09T19:14:58.942054+00:00
355,わかさ冨士,,18,福井県,福井縣,中部,,,,,,,https://sakenowa.com/breweries/355,all_mode,2026-10-09T19:14:58.942152+00:00
356,美川酒造場,,18,福井県,福井縣,中部,,,,,,,https://sakenowa.com/breweries/356,all_mode,2026-10-09T19:14:58.942252+00:00
357,丹生酒造,,18,福井県,福井縣,中部,,,,,,,https://sakenowa.com/breweries/357,all_mode,2026-10-09T19:14:58.942361+00:00
359,舟木酒造,,18,福井県,福井縣,中部,,,,,,,https://sakenowa.com/breweries/359,all_mode,2026-10-09T19:14:58.942463+00:00
360,伊藤酒造,,18,福井県,福井縣,中部,,,,,,,https://sakenowa.com/breweries/360,all_mode,2026-10-09T19:14:58.942564+00:00
361,毛利酒造,,18,福井県,福井縣,中部,,,,,,,https://sakenowa.com/breweries/361,all_mode,2026-10-09T19:14:58.942672+00:00
363,宇野酒造場,,18,福井県,福井縣,中部,,,,,,,https://sakenowa.com/breweries/363,all_mode,2026-10-09T19:14:58.942778+00:00
364,一本義久保本店,,18,福井県,福井縣,中部,,,,,,,https://sakenowa.com/breweries/364,all_mode,2026-10-09T19:14:58.942880+00:00
366,常山酒造,,18,福井県,福井縣,中部,,,,,,,https://sakenowa.com/breweries/366,all_mode,2026-10-09T19:14:58.942988+00:00
367,吉田金右衛門商店,,18,福井県,福井縣,中部,,,,,,,https://sakenowa.com/breweries/367,all_mode,2026-10-09T19:14:58.943097+00:00
368,田辺酒造,,18,福井県,福井縣,中部,,,,,,,https://sakenowa.com/breweries/368,all_mode,2026-10-09T19:14:58.943200+00:00
369,片山酒造,,18,福井県,福井縣,中部,,,,,,,https://sakenowa.com/breweries/369,all_mode,2026-10-09T19:14:58.943307+00:00
370,西岡河村酒造,,18,福井県,福井縣,中部,,,,,,,https://sakenowa.com/breweries/370,all_mode,2026-10-09T19:14:58.943413+00:00
371,黒龍酒造,,18,福井県,福井縣,中部,,,,,,,https://sakenowa.com/breweries/371,all_mode,2026-10-09T19:14:58.943514+00:00
372,南部酒造場,,18,福井県,福井縣,中部,,,,,,,https://sakenowa.com/breweries/372,all_mode,2026-10-09T19:14:58.943623+00:00
374,朝日酒造,,18,福井県,福井縣,中部,,,,,,,https://sakenowa.com/breweries/374,all_mode,2026-10-09T19:14:58.943730+00:00
375,越の磯,,18,福井県,福井縣,中部,,,,,,,https://sakenowa.com/breweries/375,all_mode,2026-10-09T19:14:58.943831+00:00
376,寿喜娘酒造,,18,福井県,福井縣,中部,,,,,,,https://sakenowa.com/breweries/376,all_mode,2026-10-09T19:14:58.943939+00:00
377,吉田酒造,,18,福井県,福井縣,中部,,,,,,,https://sakenowa.com/breweries/377,all_mode,2026-10-09T19:14:58.944041+00:00
378,萬屋醸造店,,19,山梨県,山梨縣,中部,,,,,,,https://sakenowa.com/breweries/378,all_mode,2026-10-09T19:14:58.944141+00:00
379,笹一酒造,,19,山梨県,山梨縣,中部,,,,,,,https://sakenowa.com/breweries/379,all_mode,2026-10-09T19:14:58.944242+00:00
380,腕相撲酒造,,19,山梨県,山梨縣,中部,,,,,,,https://sakenowa.com/breweries/380,all_mode,2026-10-09T19:14:58.944372+00:00
381,山梨銘醸,,19,山梨県,山梨縣,中部,,,,,,,https://sakenowa.com/breweries/381,all_mode,2026-10-09T19:14:58.944470+00:00
382,EH酒造,,20,長野県,長野縣,中部,,,,,,,https://sakenowa.com/breweries/382,all_mode,2026-10-09T19:14:58.944579+00:00
383,大澤酒造,,20,長野県,長野縣,中部,,,,,,,https://sakenowa.com/breweries/383,all_mode,2026-10-09T19:14:58.944684+00:00
384,伴野酒造,,20,長野県,長野縣,中部,,,,,,,https://sakenowa.com/breweries/384,all_mode,2026-10-09T19:14:58.944795+00:00
385,市野屋,,20,長野県,長野縣,中部,,,,,,,https://sakenowa.com/breweries/385,all_mode,2026-10-09T19:14:58.944899+00:00
386,七笑酒造,,20,長野県,長野縣,中部,,,,,,,https://sakenowa.com/breweries/386,all_mode,2026-10-09T19:14:58.945010+00:00
387,酒千蔵野,,20,長野県,長野縣,中部,,,,,,,https://sakenowa.com/breweries/387,all_mode,2026-10-09T19:14:58.945114+00:00
388,大塚酒造,,20,長野県,長野縣,中部,,,,,,,https://sakenowa.com/breweries/388,all_mode,2026-10-09T19:14:58.945236+00:00
389,仙醸,,20,長野県,長野縣,中部,,,,,,,https://sakenowa.com/breweries/389,all_mode,2026-10-09T19:14:58.945343+00:00
390,喜久水酒造,,20,長野県,長野縣,中部,,,,,,,https://sakenowa.com/breweries/390,all_mode,2026-10-09T19:14:58.945453+00:00
391,西尾酒造,,20,長野県,長野縣,中部,,,,,,,https://sakenowa.com/breweries/391,all_mode,2026-10-09T19:14:58.945556+00:00
392,春日酒造,,20,長野県,長野縣,中部,,,,,,,https://sakenowa.com/breweries/392,all_mode,2026-10-09T19:14:58.945655+00:00
393,古屋酒造店,,20,長野県,長野縣,中部,,,,,,,https://sakenowa.com/breweries/393,all_mode,2026-10-09T19:14:58.945754+00:00
394,和田龍酒造,,20,長野県,長野縣,中部,,,,,,,https://sakenowa.com/breweries/394,all_mode,2026-10-09T19:14:58.945856+00:00
395,宮坂醸造,,20,長野県,長野縣,中部,,,,,,,https://sakenowa.com/breweries/395,all_mode,2026-10-09T19:14:58.945962+00:00
396,橘倉酒造,,20,長野県,長野縣,中部,,,,,,,https://sakenowa.com/breweries/396,all_mode,2026-10-09T19:14:58.946085+00:00
397,信州銘醸,,20,長野県,長野縣,中部,,,,,,,https://sakenowa.com/breweries/397,all_mode,2026-10-09T19:14:58.946182+00:00
398,大信州酒造,,20,長野県,長野縣,中部,,,,,,,https://sakenowa.com/breweries/398,all_mode,2026-10-09T19:14:58.946308+00:00
399,白馬錦酒造,,20,長野県,長野縣,中部,,,,,,,https://sakenowa.com/breweries/399,all_mode,2026-10-09T19:14:58.946421+00:00
400,宮島酒店,,20,長野県,長野縣,中部,,,,,,,https://sakenowa.com/breweries/400,all_mode,2026-10-09T19:14:58.946527+00:00
401,高沢酒造,,20,長野県,長野縣,中部,,,,,,,https://sakenowa.com/breweries/401,all_mode,2026-10-09T19:14:58.946645+00:00
402,遠藤酒造場,,20,長野県,長野縣,中部,,,,,,,https://sakenowa.com/breweries/402,all_mode,2026-10-09T19:14:58.946745+00:00
403,豊島屋,,20,長野県,長野縣,中部,,,,,,,https://sakenowa.com/breweries/403,all_mode,2026-10-09T19:14:58.946863+00:00
404,福源酒造,,20,長野県,長野縣,中部,,,,,,,https://sakenowa.com/breweries/404,all_mode,2026-10-09T19:14:58.946968+00:00
405,中善酒造店,,20,長野県,長野縣,中部,,,,,,,https://sakenowa.com/breweries/405,all_mode,2026-10-09T19:14:58.947075+00:00
407,志賀泉酒造,,20,長野県,長野縣,中部,,,,,,,https://sakenowa.com/breweries/407,all_mode,2026-10-09T19:14:58.947181+00:00
408,長野銘醸,,20,長野県,長野縣,中部,,,,,,,https://sakenowa.com/breweries/408,all_mode,2026-10-09T19:14:58.947294+00:00
409,米澤酒造,,20,長野県,長野縣,中部,,,,,,,https://sakenowa.com/breweries/409,all_mode,2026-10-09T19:14:58.947405+00:00
410,菱友醸造（廃業）,,20,長野県,長野縣,中部,,,,,,,https://sakenowa.com/breweries/410,all_mode,2026-10-09T19:14:58.947509+00:00
411,玉泉堂酒造,,21,岐阜県,岐阜縣,中部,,,,,,,https://sakenowa.com/breweries/411,all_mode,2026-10-09T19:14:58.947615+00:00
412,三千櫻酒造,,1,北海道,北海道,北海道,,,,,,,https://sakenowa.com/breweries/412,all_mode,2026-10-09T19:14:58.947729+00:00
414,平瀬酒造店,,21,岐阜県,岐阜縣,中部,,,,,,,https://sakenowa.com/breweries/414,all_mode,2026-10-09T19:14:58.947829+00:00
416,原田酒造場,,21,岐阜県,岐阜縣,中部,,,,,,,https://sakenowa.com/breweries/416,all_mode,2026-10-09T19:14:58.947929+00:00
417,白扇酒造,,21,岐阜県,岐阜縣,中部,,,,,,,https://sakenowa.com/breweries/417,all_mode,2026-10-09T19:14:58.948032+00:00
418,林酒造,,21,岐阜県,岐阜縣,中部,,,,,,,https://sakenowa.com/breweries/418,all_mode,2026-10-09T19:14:58.948139+00:00
420,天領酒造,,21,岐阜県,岐阜縣,中部,,,,,,,https://sakenowa.com/breweries/420,all_mode,2026-10-09T19:14:58.948241+00:00
421,三輪酒造,,21,岐阜県,岐阜縣,中部,,,,,,,https://sakenowa.com/breweries/421,all_mode,2026-10-09T19:14:58.948366+00:00
422,恵那醸造,,21,岐阜県,岐阜縣,中部,,,,,,,https://sakenowa.com/breweries/422,all_mode,2026-10-09T19:14:58.948466+00:00
423,菊川,,21,岐阜県,岐阜縣,中部,,,,,,,https://sakenowa.com/breweries/423,all_mode,2026-10-09T19:14:58.948566+00:00
424,蒲酒造場,,21,岐阜県,岐阜縣,中部,,,,,,,https://sakenowa.com/breweries/424,all_mode,2026-10-09T19:14:58.948670+00:00
425,高木酒造,,21,岐阜県,岐阜縣,中部,,,,,,,https://sakenowa.com/breweries/425,all_mode,2026-10-09T19:14:58.948776+00:00
426,中島醸造,,21,岐阜県,岐阜縣,中部,,,,,,,https://sakenowa.com/breweries/426,all_mode,2026-10-09T19:14:58.948880+00:00
427,所酒造,,21,岐阜県,岐阜縣,中部,,,,,,,https://sakenowa.com/breweries/427,all_mode,2026-10-09T19:14:58.948986+00:00
428,三千盛,,21,岐阜県,岐阜縣,中部,,,,,,,https://sakenowa.com/breweries/428,all_mode,2026-10-09T19:14:58.949085+00:00
431,渡辺酒造店,,21,岐阜県,岐阜縣,中部,,,,,,,https://sakenowa.com/breweries/431,all_mode,2026-10-09T19:14:58.949185+00:00
432,御代桜醸造,,21,岐阜県,岐阜縣,中部,,,,,,,https://sakenowa.com/breweries/432,all_mode,2026-10-09T19:14:58.949314+00:00
433,千代菊,,21,岐阜県,岐阜縣,中部,,,,,,,https://sakenowa.com/breweries/433,all_mode,2026-10-09T19:14:58.949437+00:00
434,小坂酒造場,,21,岐阜県,岐阜縣,中部,,,,,,,https://sakenowa.com/breweries/434,all_mode,2026-10-09T19:14:58.949540+00:00
435,小町酒造,,21,岐阜県,岐阜縣,中部,,,,,,,https://sakenowa.com/breweries/435,all_mode,2026-10-09T19:14:58.949646+00:00
436,老田酒造店,,21,岐阜県,岐阜縣,中部,,,,,,,https://sakenowa.com/breweries/436,all_mode,2026-10-09T19:14:58.949749+00:00
437,大村屋酒造場,,22,静岡県,靜岡縣,中部,,,,,,,https://sakenowa.com/breweries/437,all_mode,2026-10-09T19:14:58.949847+00:00
438,富士高砂酒造,,22,静岡県,靜岡縣,中部,,,,,,,https://sakenowa.com/breweries/438,all_mode,2026-10-09T19:14:58.949957+00:00
439,万大醸造,,22,静岡県,靜岡縣,中部,,,,,,,https://sakenowa.com/breweries/439,all_mode,2026-10-09T19:14:58.950062+00:00
440,志太泉酒造,,22,静岡県,靜岡縣,中部,,,,,,,https://sakenowa.com/breweries/440,all_mode,2026-10-09T19:14:58.950183+00:00
441,磯自慢酒造,,22,静岡県,靜岡縣,中部,,,,,,,https://sakenowa.com/breweries/441,all_mode,2026-10-09T19:14:58.950284+00:00
442,三和酒造,,22,静岡県,靜岡縣,中部,,,,,,,https://sakenowa.com/breweries/442,all_mode,2026-10-09T19:14:58.950393+00:00
443,青島酒造,,22,静岡県,靜岡縣,中部,,,,,,,https://sakenowa.com/breweries/443,all_mode,2026-10-09T19:14:58.950492+00:00
445,神沢川酒造場,,22,静岡県,靜岡縣,中部,,,,,,,https://sakenowa.com/breweries/445,all_mode,2026-10-09T19:14:58.950598+00:00
446,牧野酒造,,22,静岡県,靜岡縣,中部,,,,,,,https://sakenowa.com/breweries/446,all_mode,2026-10-09T19:14:58.950704+00:00
448,杉井酒造,,22,静岡県,靜岡縣,中部,,,,,,,https://sakenowa.com/breweries/448,all_mode,2026-10-09T19:14:58.950804+00:00
450,花の舞酒造,,22,静岡県,靜岡縣,中部,,,,,,,https://sakenowa.com/breweries/450,all_mode,2026-10-09T19:14:58.950910+00:00
451,土井酒造場,,22,静岡県,靜岡縣,中部,,,,,,,https://sakenowa.com/breweries/451,all_mode,2026-10-09T19:14:58.951010+00:00
452,初亀醸造,,22,静岡県,靜岡縣,中部,,,,,,,https://sakenowa.com/breweries/452,all_mode,2026-10-09T19:14:58.951110+00:00
453,山﨑,,23,愛知県,愛知縣,中部,,,,,,,https://sakenowa.com/breweries/453,all_mode,2026-10-09T19:14:58.951214+00:00
455,柴田酒造場,,23,愛知県,愛知縣,中部,,,,,,,https://sakenowa.com/breweries/455,all_mode,2026-10-09T19:14:58.951343+00:00
456,日野屋商店,,23,愛知県,愛知縣,中部,,,,,,,https://sakenowa.com/breweries/456,all_mode,2026-10-09T19:14:58.951444+00:00
457,中埜酒造,,23,愛知県,愛知縣,中部,,,,,,,https://sakenowa.com/breweries/457,all_mode,2026-10-09T19:14:58.951544+00:00
458,萬乗醸造,,23,愛知県,愛知縣,中部,,,,,,,https://sakenowa.com/breweries/458,all_mode,2026-10-09T19:14:58.951657+00:00
459,澤田酒造,,23,愛知県,愛知縣,中部,,,,,,,https://sakenowa.com/breweries/459,all_mode,2026-10-09T19:14:58.951763+00:00
461,山忠本家酒造,,23,愛知県,愛知縣,中部,,,,,,,https://sakenowa.com/breweries/461,all_mode,2026-10-09T19:14:58.951868+00:00
462,関谷醸造,,23,愛知県,愛知縣,中部,,,,,,,https://sakenowa.com/breweries/462,all_mode,2026-10-09T19:14:58.951971+00:00
463,甘強酒造,,23,愛知県,愛知縣,中部,,,,,,,https://sakenowa.com/breweries/463,all_mode,2026-10-09T19:14:58.952099+00:00
464,盛田金しゃち酒造,,23,愛知県,愛知縣,中部,,,,,,,https://sakenowa.com/breweries/464,all_mode,2026-10-09T19:14:58.952199+00:00
467,福井酒造,,23,愛知県,愛知縣,中部,,,,,,,https://sakenowa.com/breweries/467,all_mode,2026-10-09T19:14:58.952298+00:00
468,東春酒造,,23,愛知県,愛知縣,中部,,,,,,,https://sakenowa.com/breweries/468,all_mode,2026-10-09T19:14:58.952405+00:00
469,丸一酒造,,23,愛知県,愛知縣,中部,,,,,,,https://sakenowa.com/breweries/469,all_mode,2026-10-09T19:14:58.952511+00:00
470,丸彦酒造,,24,三重県,三重縣,近畿,,,,,,,https://sakenowa.com/breweries/470,all_mode,2026-10-09T19:14:58.952611+00:00
471,今村酒造,,24,三重県,三重縣,近畿,,,,,,,https://sakenowa.com/breweries/471,all_mode,2026-10-09T19:14:58.952712+00:00
472,早川酒造部,,24,三重県,三重縣,近畿,,,,,,,https://sakenowa.com/breweries/472,all_mode,2026-10-09T19:14:58.952811+00:00
474,早川酒造,,24,三重県,三重縣,近畿,,,,,,,https://sakenowa.com/breweries/474,all_mode,2026-10-09T19:14:58.952919+00:00
475,森本仙右衛門商店,,24,三重県,三重縣,近畿,,,,,,,https://sakenowa.com/breweries/475,all_mode,2026-10-09T19:14:58.953029+00:00
476,大田酒造,,24,三重県,三重縣,近畿,,,,,,,https://sakenowa.com/breweries/476,all_mode,2026-10-09T19:14:58.953131+00:00
479,寒紅梅酒造,,24,三重県,三重縣,近畿,,,,,,,https://sakenowa.com/breweries/479,all_mode,2026-10-09T19:14:58.953237+00:00
480,森喜酒造場,,24,三重県,三重縣,近畿,,,,,,,https://sakenowa.com/breweries/480,all_mode,2026-10-09T19:14:58.953358+00:00
481,元坂酒造,,24,三重県,三重縣,近畿,,,,,,,https://sakenowa.com/breweries/481,all_mode,2026-10-09T19:14:58.953476+00:00
482,タカハシ酒造,,24,三重県,三重縣,近畿,,,,,,,https://sakenowa.com/breweries/482,all_mode,2026-10-09T19:14:58.953585+00:00
483,瀧自慢酒造,,24,三重県,三重縣,近畿,,,,,,,https://sakenowa.com/breweries/483,all_mode,2026-10-09T19:14:58.953693+00:00
484,石川酒造,,24,三重県,三重縣,近畿,,,,,,,https://sakenowa.com/breweries/484,all_mode,2026-10-09T19:14:58.953796+00:00
486,細川酒造,,24,三重県,三重縣,近畿,,,,,,,https://sakenowa.com/breweries/486,all_mode,2026-10-09T19:14:58.953895+00:00
487,宮崎本店,,24,三重県,三重縣,近畿,,,,,,,https://sakenowa.com/breweries/487,all_mode,2026-10-09T19:14:58.953994+00:00
488,木屋正酒造,,24,三重県,三重縣,近畿,,,,,,,https://sakenowa.com/breweries/488,all_mode,2026-10-09T19:14:58.954101+00:00
489,油正,,24,三重県,三重縣,近畿,,,,,,,https://sakenowa.com/breweries/489,all_mode,2026-10-09T19:14:58.954210+00:00
490,安達本家酒造,,24,三重県,三重縣,近畿,,,,,,,https://sakenowa.com/breweries/490,all_mode,2026-10-09T19:14:58.954308+00:00
491,若戎酒造,,24,三重県,三重縣,近畿,,,,,,,https://sakenowa.com/breweries/491,all_mode,2026-10-09T19:14:58.954417+00:00
492,冨田酒造,,25,滋賀県,滋賀縣,近畿,,,,,,,https://sakenowa.com/breweries/492,all_mode,2026-10-09T19:14:58.954535+00:00
494,喜多酒造,,25,滋賀県,滋賀縣,近畿,,,,,,,https://sakenowa.com/breweries/494,all_mode,2026-10-09T19:14:58.954641+00:00
495,美冨久酒造,,25,滋賀県,滋賀縣,近畿,,,,,,,https://sakenowa.com/breweries/495,all_mode,2026-10-09T19:14:58.954746+00:00
496,笑四季酒造,,25,滋賀県,滋賀縣,近畿,,,,,,,https://sakenowa.com/breweries/496,all_mode,2026-10-09T19:14:58.954855+00:00
497,浪乃音酒造,,25,滋賀県,滋賀縣,近畿,,,,,,,https://sakenowa.com/breweries/497,all_mode,2026-10-09T19:14:58.954970+00:00
498,竹内酒造,,25,滋賀県,滋賀縣,近畿,,,,,,,https://sakenowa.com/breweries/498,all_mode,2026-10-09T19:14:58.955079+00:00
499,北島酒造,,25,滋賀県,滋賀縣,近畿,,,,,,,https://sakenowa.com/breweries/499,all_mode,2026-10-09T19:14:58.955190+00:00
500,上原酒造,,25,滋賀県,滋賀縣,近畿,,,,,,,https://sakenowa.com/breweries/500,all_mode,2026-10-09T19:14:58.955312+00:00
501,岡村本家,,25,滋賀県,滋賀縣,近畿,,,,,,,https://sakenowa.com/breweries/501,all_mode,2026-10-09T19:14:58.955436+00:00
508,福井弥平商店,,25,滋賀県,滋賀縣,近畿,,,,,,,https://sakenowa.com/breweries/508,all_mode,2026-10-09T19:14:58.955543+00:00
509,川島酒造,,25,滋賀県,滋賀縣,近畿,,,,,,,https://sakenowa.com/breweries/509,all_mode,2026-10-09T19:14:58.955650+00:00
510,吉田酒造,,25,滋賀県,滋賀縣,近畿,,,,,,,https://sakenowa.com/breweries/510,all_mode,2026-10-09T19:14:58.955761+00:00
511,豊澤本店,,26,京都府,京都府,近畿,,,,,,,https://sakenowa.com/breweries/511,all_mode,2026-10-09T19:14:58.955865+00:00
513,北川本家,,26,京都府,京都府,近畿,,,,,,,https://sakenowa.com/breweries/513,all_mode,2026-10-09T19:14:58.955963+00:00
514,松井酒造,,26,京都府,京都府,近畿,,,,,,,https://sakenowa.com/breweries/514,all_mode,2026-10-09T19:14:58.956107+00:00
515,増田徳兵衛商店,,26,京都府,京都府,近畿,,,,,,,https://sakenowa.com/breweries/515,all_mode,2026-10-09T19:14:58.956220+00:00
516,木下酒造,,26,京都府,京都府,近畿,,,,,,,https://sakenowa.com/breweries/516,all_mode,2026-10-09T19:14:58.956332+00:00
517,白糸酒造,,26,京都府,京都府,近畿,,,,,,,https://sakenowa.com/breweries/517,all_mode,2026-10-09T19:14:58.956457+00:00
518,招徳酒造,,26,京都府,京都府,近畿,,,,,,,https://sakenowa.com/breweries/518,all_mode,2026-10-09T19:14:58.956554+00:00
519,平和酒造,,26,京都府,京都府,近畿,,,,,,,https://sakenowa.com/breweries/519,all_mode,2026-10-09T19:14:58.956683+00:00
520,京姫酒造,,26,京都府,京都府,近畿,,,,,,,https://sakenowa.com/breweries/520,all_mode,2026-10-09T19:14:58.956780+00:00
522,都鶴酒造,,26,京都府,京都府,近畿,,,,,,,https://sakenowa.com/breweries/522,all_mode,2026-10-09T19:14:58.956896+00:00
523,松本酒造,,26,京都府,京都府,近畿,,,,,,,https://sakenowa.com/breweries/523,all_mode,2026-10-09T19:14:58.956999+00:00
524,玉乃光酒造,,26,京都府,京都府,近畿,,,,,,,https://sakenowa.com/breweries/524,all_mode,2026-10-09T19:14:58.957108+00:00
525,宝酒造,,26,京都府,京都府,近畿,,,,,,,https://sakenowa.com/breweries/525,all_mode,2026-10-09T19:14:58.957214+00:00
526,月桂冠,,26,京都府,京都府,近畿,,,,,,,https://sakenowa.com/breweries/526,all_mode,2026-10-09T19:14:58.957317+00:00
527,鶴正酒造,,26,京都府,京都府,近畿,,,,,,,https://sakenowa.com/breweries/527,all_mode,2026-10-09T19:14:58.957450+00:00
528,城陽酒造,,26,京都府,京都府,近畿,,,,,,,https://sakenowa.com/breweries/528,all_mode,2026-10-09T19:14:58.957560+00:00
529,ハクレイ酒造,,26,京都府,京都府,近畿,,,,,,,https://sakenowa.com/breweries/529,all_mode,2026-10-09T19:14:58.957667+00:00
530,池田酒造,,26,京都府,京都府,近畿,,,,,,,https://sakenowa.com/breweries/530,all_mode,2026-10-09T19:14:58.957786+00:00
531,齊藤酒造,,26,京都府,京都府,近畿,,,,,,,https://sakenowa.com/breweries/531,all_mode,2026-10-09T19:14:58.957897+00:00
532,山本本家,,26,京都府,京都府,近畿,,,,,,,https://sakenowa.com/breweries/532,all_mode,2026-10-09T19:14:58.958021+00:00
533,キンシ正宗,,26,京都府,京都府,近畿,,,,,,,https://sakenowa.com/breweries/533,all_mode,2026-10-09T19:14:58.958155+00:00
534,三盛酒造,,26,京都府,京都府,近畿,,,,,,,https://sakenowa.com/breweries/534,all_mode,2026-10-09T19:14:58.958267+00:00
535,佐々木酒造,,26,京都府,京都府,近畿,,,,,,,https://sakenowa.com/breweries/535,all_mode,2026-10-09T19:14:58.958375+00:00
536,東山酒造,,26,京都府,京都府,近畿,,,,,,,https://sakenowa.com/breweries/536,all_mode,2026-10-09T19:14:58.958518+00:00
537,向井酒造,,26,京都府,京都府,近畿,,,,,,,https://sakenowa.com/breweries/537,all_mode,2026-10-09T19:14:58.958623+00:00
538,山野酒造,,27,大阪府,大阪府,近畿,,,,,,,https://sakenowa.com/breweries/538,all_mode,2026-10-09T19:14:58.958735+00:00
539,西條,,27,大阪府,大阪府,近畿,,,,,,,https://sakenowa.com/breweries/539,all_mode,2026-10-09T19:14:58.958858+00:00
540,呉春,,27,大阪府,大阪府,近畿,,,,,,,https://sakenowa.com/breweries/540,all_mode,2026-10-09T19:14:58.958963+00:00
542,秋鹿酒造,,27,大阪府,大阪府,近畿,,,,,,,https://sakenowa.com/breweries/542,all_mode,2026-10-09T19:14:58.959090+00:00
546,北山酒造,,28,兵庫県,兵庫縣,近畿,,,,,,,https://sakenowa.com/breweries/546,all_mode,2026-10-09T19:14:58.959213+00:00
547,田中酒造場,,28,兵庫県,兵庫縣,近畿,,,,,,,https://sakenowa.com/breweries/547,all_mode,2026-10-09T19:14:58.959315+00:00
548,田治米,,28,兵庫県,兵庫縣,近畿,,,,,,,https://sakenowa.com/breweries/548,all_mode,2026-10-09T19:14:58.959427+00:00
552,白鷹,,28,兵庫県,兵庫縣,近畿,,,,,,,https://sakenowa.com/breweries/552,all_mode,2026-10-09T19:14:58.959528+00:00
554,名城酒造,,28,兵庫県,兵庫縣,近畿,,,,,,,https://sakenowa.com/breweries/554,all_mode,2026-10-09T19:14:58.959634+00:00
555,都美人酒造,,28,兵庫県,兵庫縣,近畿,,,,,,,https://sakenowa.com/breweries/555,all_mode,2026-10-09T19:14:58.959754+00:00
556,山陽盃酒造,,28,兵庫県,兵庫縣,近畿,,,,,,,https://sakenowa.com/breweries/556,all_mode,2026-10-09T19:14:58.959860+00:00
559,西山酒造場,,28,兵庫県,兵庫縣,近畿,,,,,,,https://sakenowa.com/breweries/559,all_mode,2026-10-09T19:14:58.959966+00:00
560,豊澤酒造,,28,兵庫県,兵庫縣,近畿,,,,,,,https://sakenowa.com/breweries/560,all_mode,2026-10-09T19:14:58.960077+00:00
562,本田商店,,28,兵庫県,兵庫縣,近畿,,,,,,,https://sakenowa.com/breweries/562,all_mode,2026-10-09T19:14:58.960175+00:00
563,小西酒造,,28,兵庫県,兵庫縣,近畿,,,,,,,https://sakenowa.com/breweries/563,all_mode,2026-10-09T19:14:58.960278+00:00
564,剣菱酒造,,28,兵庫県,兵庫縣,近畿,,,,,,,https://sakenowa.com/breweries/564,all_mode,2026-10-09T19:14:58.960407+00:00
565,江井ヶ嶋酒造,,28,兵庫県,兵庫縣,近畿,,,,,,,https://sakenowa.com/breweries/565,all_mode,2026-10-09T19:14:58.960518+00:00
567,日本盛,,28,兵庫県,兵庫縣,近畿,,,,,,,https://sakenowa.com/breweries/567,all_mode,2026-10-09T19:14:58.960622+00:00
568,神戸酒心館,,28,兵庫県,兵庫縣,近畿,,,,,,,https://sakenowa.com/breweries/568,all_mode,2026-10-09T19:14:58.960726+00:00
569,神結酒造,,28,兵庫県,兵庫縣,近畿,,,,,,,https://sakenowa.com/breweries/569,all_mode,2026-10-09T19:14:58.960835+00:00
571,壺坂酒造,,28,兵庫県,兵庫縣,近畿,,,,,,,https://sakenowa.com/breweries/571,all_mode,2026-10-09T19:14:58.960943+00:00
572,辰馬本家酒造,,28,兵庫県,兵庫縣,近畿,,,,,,,https://sakenowa.com/breweries/572,all_mode,2026-10-09T19:14:58.961045+00:00
573,富久錦,,28,兵庫県,兵庫縣,近畿,,,,,,,https://sakenowa.com/breweries/573,all_mode,2026-10-09T19:14:58.961168+00:00
574,白鶴酒造,,28,兵庫県,兵庫縣,近畿,,,,,,,https://sakenowa.com/breweries/574,all_mode,2026-10-09T19:14:58.961286+00:00
576,沢の鶴,,28,兵庫県,兵庫縣,近畿,,,,,,,https://sakenowa.com/breweries/576,all_mode,2026-10-09T19:14:58.961409+00:00
577,櫻正宗,,28,兵庫県,兵庫縣,近畿,,,,,,,https://sakenowa.com/breweries/577,all_mode,2026-10-09T19:14:58.961523+00:00
580,下村酒造店,,28,兵庫県,兵庫縣,近畿,,,,,,,https://sakenowa.com/breweries/580,all_mode,2026-10-09T19:14:58.961645+00:00
581,北村酒造,,29,奈良県,奈良縣,近畿,,,,,,,https://sakenowa.com/breweries/581,all_mode,2026-10-09T19:14:58.961762+00:00
584,喜多酒造,,29,奈良県,奈良縣,近畿,,,,,,,https://sakenowa.com/breweries/584,all_mode,2026-10-09T19:14:58.961866+00:00
585,葛城酒造,,29,奈良県,奈良縣,近畿,,,,,,,https://sakenowa.com/breweries/585,all_mode,2026-10-09T19:14:58.961975+00:00
586,澤田酒造,,29,奈良県,奈良縣,近畿,,,,,,,https://sakenowa.com/breweries/586,all_mode,2026-10-09T19:14:58.962077+00:00
587,増田酒造,,29,奈良県,奈良縣,近畿,,,,,,,https://sakenowa.com/breweries/587,all_mode,2026-10-09T19:14:58.962176+00:00
589,油長酒造,,29,奈良県,奈良縣,近畿,,,,,,,https://sakenowa.com/breweries/589,all_mode,2026-10-09T19:14:58.962279+00:00
590,美吉野醸造,,29,奈良県,奈良縣,近畿,,,,,,,https://sakenowa.com/breweries/590,all_mode,2026-10-09T19:14:58.962400+00:00
592,奈良豊澤酒造,,29,奈良県,奈良縣,近畿,,,,,,,https://sakenowa.com/breweries/592,all_mode,2026-10-09T19:14:58.962511+00:00
594,長龍酒造,,29,奈良県,奈良縣,近畿,,,,,,,https://sakenowa.com/breweries/594,all_mode,2026-10-09T19:14:58.962624+00:00
596,千代酒造,,29,奈良県,奈良縣,近畿,,,,,,,https://sakenowa.com/breweries/596,all_mode,2026-10-09T19:14:58.962746+00:00
597,北岡本店,,29,奈良県,奈良縣,近畿,,,,,,,https://sakenowa.com/breweries/597,all_mode,2026-10-09T19:14:58.962861+00:00
598,梅乃宿酒造,,29,奈良県,奈良縣,近畿,,,,,,,https://sakenowa.com/breweries/598,all_mode,2026-10-09T19:14:58.962967+00:00
599,大倉本家,,29,奈良県,奈良縣,近畿,,,,,,,https://sakenowa.com/breweries/599,all_mode,2026-10-09T19:14:58.963099+00:00
600,今西酒造,,29,奈良県,奈良縣,近畿,,,,,,,https://sakenowa.com/breweries/600,all_mode,2026-10-09T19:14:58.963208+00:00
601,今西清兵衛商店,,29,奈良県,奈良縣,近畿,,,,,,,https://sakenowa.com/breweries/601,all_mode,2026-10-09T19:14:58.963322+00:00
602,尾崎酒造,,30,和歌山県,和歌山縣,近畿,,,,,,,https://sakenowa.com/breweries/602,all_mode,2026-10-09T19:14:58.963439+00:00
603,世界一統,,30,和歌山県,和歌山縣,近畿,,,,,,,https://sakenowa.com/breweries/603,all_mode,2026-10-09T19:14:58.963553+00:00
604,平和酒造,,30,和歌山県,和歌山縣,近畿,,,,,,,https://sakenowa.com/breweries/604,all_mode,2026-10-09T19:14:58.963672+00:00
606,田端酒造,,30,和歌山県,和歌山縣,近畿,,,,,,,https://sakenowa.com/breweries/606,all_mode,2026-10-09T19:14:58.963777+00:00
607,天長島村酒造,,30,和歌山県,和歌山縣,近畿,,,,,,,https://sakenowa.com/breweries/607,all_mode,2026-10-09T19:14:58.963890+00:00
608,名手酒造店,,30,和歌山県,和歌山縣,近畿,,,,,,,https://sakenowa.com/breweries/608,all_mode,2026-10-09T19:14:58.964003+00:00
609,吉村秀雄商店,,30,和歌山県,和歌山縣,近畿,,,,,,,https://sakenowa.com/breweries/609,all_mode,2026-10-09T19:14:58.964111+00:00
610,中川酒造,,31,鳥取県,鳥取縣,中國,,,,,,,https://sakenowa.com/breweries/610,all_mode,2026-10-09T19:14:58.964216+00:00
611,山根酒造場,,31,鳥取県,鳥取縣,中國,,,,,,,https://sakenowa.com/breweries/611,all_mode,2026-10-09T19:14:58.964318+00:00
613,太田酒造場,,31,鳥取県,鳥取縣,中國,,,,,,,https://sakenowa.com/breweries/613,all_mode,2026-10-09T19:14:58.964452+00:00
614,稲田本店,,31,鳥取県,鳥取縣,中國,,,,,,,https://sakenowa.com/breweries/614,all_mode,2026-10-09T19:14:58.964553+00:00
616,千代むすび酒造,,31,鳥取県,鳥取縣,中國,,,,,,,https://sakenowa.com/breweries/616,all_mode,2026-10-09T19:14:58.964658+00:00
617,大谷酒造,,31,鳥取県,鳥取縣,中國,,,,,,,https://sakenowa.com/breweries/617,all_mode,2026-10-09T19:14:58.964764+00:00
618,諏訪酒造,,31,鳥取県,鳥取縣,中國,,,,,,,https://sakenowa.com/breweries/618,all_mode,2026-10-09T19:14:58.964863+00:00
620,米田酒造,,32,島根県,島根縣,中國,,,,,,,https://sakenowa.com/breweries/620,all_mode,2026-10-09T19:14:58.964973+00:00
621,桑原酒場,,32,島根県,島根縣,中國,,,,,,,https://sakenowa.com/breweries/621,all_mode,2026-10-09T19:14:58.965079+00:00
623,右田本店,,32,島根県,島根縣,中國,,,,,,,https://sakenowa.com/breweries/623,all_mode,2026-10-09T19:14:58.965186+00:00
624,都錦酒造,,32,島根県,島根縣,中國,,,,,,,https://sakenowa.com/breweries/624,all_mode,2026-10-09T19:14:58.965284+00:00
627,富士酒造,,32,島根県,島根縣,中國,,,,,,,https://sakenowa.com/breweries/627,all_mode,2026-10-09T19:14:58.965390+00:00
628,國暉酒造,,32,島根県,島根縣,中國,,,,,,,https://sakenowa.com/breweries/628,all_mode,2026-10-09T19:14:58.965492+00:00
629,李白酒造,,32,島根県,島根縣,中國,,,,,,,https://sakenowa.com/breweries/629,all_mode,2026-10-09T19:14:58.965592+00:00
630,吉田酒造,,32,島根県,島根縣,中國,,,,,,,https://sakenowa.com/breweries/630,all_mode,2026-10-09T19:14:58.965694+00:00
633,熊屋酒造,,33,岡山県,岡山縣,中國,,,,,,,https://sakenowa.com/breweries/633,all_mode,2026-10-09T19:14:58.965802+00:00
635,室町酒造,,33,岡山県,岡山縣,中國,,,,,,,https://sakenowa.com/breweries/635,all_mode,2026-10-09T19:14:58.965907+00:00
638,三冠酒造,,33,岡山県,岡山縣,中國,,,,,,,https://sakenowa.com/breweries/638,all_mode,2026-10-09T19:14:58.966006+00:00
639,白菊酒造,,33,岡山県,岡山縣,中國,,,,,,,https://sakenowa.com/breweries/639,all_mode,2026-10-09T19:14:58.966111+00:00
640,平喜酒造,,33,岡山県,岡山縣,中國,,,,,,,https://sakenowa.com/breweries/640,all_mode,2026-10-09T19:14:58.966213+00:00
642,十八盛酒造,,33,岡山県,岡山縣,中國,,,,,,,https://sakenowa.com/breweries/642,all_mode,2026-10-09T19:14:58.966315+00:00
643,宮下酒造,,33,岡山県,岡山縣,中國,,,,,,,https://sakenowa.com/breweries/643,all_mode,2026-10-09T19:14:58.966436+00:00
646,菊池酒造,,33,岡山県,岡山縣,中國,,,,,,,https://sakenowa.com/breweries/646,all_mode,2026-10-09T19:14:58.966548+00:00
647,辻本店,,33,岡山県,岡山縣,中國,,,,,,,https://sakenowa.com/breweries/647,all_mode,2026-10-09T19:14:58.966660+00:00
648,嘉美心酒造,,33,岡山県,岡山縣,中國,,,,,,,https://sakenowa.com/breweries/648,all_mode,2026-10-09T19:14:58.966779+00:00
651,天宝一,,34,広島県,廣島縣,中國,,,,,,,https://sakenowa.com/breweries/651,all_mode,2026-10-09T19:14:58.966895+00:00
652,旭鳳酒造,,34,広島県,廣島縣,中國,,,,,,,https://sakenowa.com/breweries/652,all_mode,2026-10-09T19:14:58.967003+00:00
653,賀茂泉酒造,,34,広島県,廣島縣,中國,,,,,,,https://sakenowa.com/breweries/653,all_mode,2026-10-09T19:14:58.967104+00:00
655,美和桜酒造,,34,広島県,廣島縣,中國,,,,,,,https://sakenowa.com/breweries/655,all_mode,2026-10-09T19:14:58.967211+00:00
657,藤井酒造,,34,広島県,廣島縣,中國,,,,,,,https://sakenowa.com/breweries/657,all_mode,2026-10-09T19:14:58.967319+00:00
658,中国醸造,,34,広島県,廣島縣,中國,,,,,,,https://sakenowa.com/breweries/658,all_mode,2026-10-09T19:14:58.967441+00:00
659,賀茂鶴酒造,,34,広島県,廣島縣,中國,,,,,,,https://sakenowa.com/breweries/659,all_mode,2026-10-09T19:14:58.967554+00:00
660,相原酒造,,34,広島県,廣島縣,中國,,,,,,,https://sakenowa.com/breweries/660,all_mode,2026-10-09T19:14:58.967658+00:00
661,今田酒造本店,,34,広島県,廣島縣,中國,,,,,,,https://sakenowa.com/breweries/661,all_mode,2026-10-09T19:14:58.967771+00:00
662,中尾醸造,,34,広島県,廣島縣,中國,,,,,,,https://sakenowa.com/breweries/662,all_mode,2026-10-09T19:14:58.967882+00:00
665,酔心山根本店,,34,広島県,廣島縣,中國,,,,,,,https://sakenowa.com/breweries/665,all_mode,2026-10-09T19:14:58.967992+00:00
666,白牡丹酒造,,34,広島県,廣島縣,中國,,,,,,,https://sakenowa.com/breweries/666,all_mode,2026-10-09T19:14:58.968099+00:00
667,金光酒造,,34,広島県,廣島縣,中國,,,,,,,https://sakenowa.com/breweries/667,all_mode,2026-10-09T19:14:58.968202+00:00
668,山岡酒造,,34,広島県,廣島縣,中國,,,,,,,https://sakenowa.com/breweries/668,all_mode,2026-10-09T19:14:58.968313+00:00
669,竹鶴酒造,,34,広島県,廣島縣,中國,,,,,,,https://sakenowa.com/breweries/669,all_mode,2026-10-09T19:14:58.968445+00:00
672,八百新酒造,,35,山口県,山口縣,中國,,,,,,,https://sakenowa.com/breweries/672,all_mode,2026-10-09T19:14:58.968546+00:00
674,村重酒造,,35,山口県,山口縣,中國,,,,,,,https://sakenowa.com/breweries/674,all_mode,2026-10-09T19:14:58.968650+00:00
675,岩崎酒造,,35,山口県,山口縣,中國,,,,,,,https://sakenowa.com/breweries/675,all_mode,2026-10-09T19:14:58.968755+00:00
676,澄川酒造場,,35,山口県,山口縣,中國,,,,,,,https://sakenowa.com/breweries/676,all_mode,2026-10-09T19:14:58.968858+00:00
677,酒井酒造,,35,山口県,山口縣,中國,,,,,,,https://sakenowa.com/breweries/677,all_mode,2026-10-09T19:14:58.968967+00:00
678,中村酒造,,35,山口県,山口縣,中國,,,,,,,https://sakenowa.com/breweries/678,all_mode,2026-10-09T19:14:58.969095+00:00
679,獺祭,,35,山口県,山口縣,中國,,,,,,,https://sakenowa.com/breweries/679,all_mode,2026-10-09T19:14:58.969194+00:00
681,金光酒造,,35,山口県,山口縣,中國,,,,,,,https://sakenowa.com/breweries/681,all_mode,2026-10-09T19:14:58.969296+00:00
682,永山酒造,,35,山口県,山口縣,中國,,,,,,,https://sakenowa.com/breweries/682,all_mode,2026-10-09T19:14:58.969402+00:00
683,本家松浦酒造場,,36,徳島県,德島縣,四國,,,,,,,https://sakenowa.com/breweries/683,all_mode,2026-10-09T19:14:58.969508+00:00
684,司菊酒造,,36,徳島県,德島縣,四國,,,,,,,https://sakenowa.com/breweries/684,all_mode,2026-10-09T19:14:58.969610+00:00
685,芳水酒造,,36,徳島県,德島縣,四國,,,,,,,https://sakenowa.com/breweries/685,all_mode,2026-10-09T19:14:58.969709+00:00
687,真野武酒造,,36,徳島県,德島縣,四國,,,,,,,https://sakenowa.com/breweries/687,all_mode,2026-10-09T19:14:58.969812+00:00
688,太閤酒造場,,36,徳島県,德島縣,四國,,,,,,,https://sakenowa.com/breweries/688,all_mode,2026-10-09T19:14:58.969912+00:00
689,三芳菊酒造,,36,徳島県,德島縣,四國,,,,,,,https://sakenowa.com/breweries/689,all_mode,2026-10-09T19:14:58.970017+00:00
691,西野金陵,,37,香川県,香川縣,四國,,,,,,,https://sakenowa.com/breweries/691,all_mode,2026-10-09T19:14:58.970151+00:00
692,川鶴酒造,,37,香川県,香川縣,四國,,,,,,,https://sakenowa.com/breweries/692,all_mode,2026-10-09T19:14:58.970267+00:00
693,丸尾本店,,37,香川県,香川縣,四國,,,,,,,https://sakenowa.com/breweries/693,all_mode,2026-10-09T19:14:58.970392+00:00
694,雪雀酒造,,38,愛媛県,愛媛縣,四國,,,,,,,https://sakenowa.com/breweries/694,all_mode,2026-10-09T19:14:58.970503+00:00
695,首藤酒造,,38,愛媛県,愛媛縣,四國,,,,,,,https://sakenowa.com/breweries/695,all_mode,2026-10-09T19:14:58.970604+00:00
696,後藤酒造,,38,愛媛県,愛媛縣,四國,,,,,,,https://sakenowa.com/breweries/696,all_mode,2026-10-09T19:14:58.970711+00:00
698,成龍酒造,,38,愛媛県,愛媛縣,四國,,,,,,,https://sakenowa.com/breweries/698,all_mode,2026-10-09T19:14:58.970809+00:00
700,宇都宮酒造,,38,愛媛県,愛媛縣,四國,,,,,,,https://sakenowa.com/breweries/700,all_mode,2026-10-09T19:14:58.970918+00:00
701,中城本家酒造,,38,愛媛県,愛媛縣,四國,,,,,,,https://sakenowa.com/breweries/701,all_mode,2026-10-09T19:14:58.971021+00:00
702,武田酒造,,38,愛媛県,愛媛縣,四國,,,,,,,https://sakenowa.com/breweries/702,all_mode,2026-10-09T19:14:58.971124+00:00
703,石鎚酒造,,38,愛媛県,愛媛縣,四國,,,,,,,https://sakenowa.com/breweries/703,all_mode,2026-10-09T19:14:58.971229+00:00
704,近藤酒造,,38,愛媛県,愛媛縣,四國,,,,,,,https://sakenowa.com/breweries/704,all_mode,2026-10-09T19:14:58.971343+00:00
705,協和酒造,,38,愛媛県,愛媛縣,四國,,,,,,,https://sakenowa.com/breweries/705,all_mode,2026-10-09T19:14:58.971443+00:00
706,八木酒造部,,38,愛媛県,愛媛縣,四國,,,,,,,https://sakenowa.com/breweries/706,all_mode,2026-10-09T19:14:58.971544+00:00
707,酒六酒造,,38,愛媛県,愛媛縣,四國,,,,,,,https://sakenowa.com/breweries/707,all_mode,2026-10-09T19:14:58.971645+00:00
708,亀岡酒造,,38,愛媛県,愛媛縣,四國,,,,,,,https://sakenowa.com/breweries/708,all_mode,2026-10-09T19:14:58.971767+00:00
709,栄光酒造,,38,愛媛県,愛媛縣,四國,,,,,,,https://sakenowa.com/breweries/709,all_mode,2026-10-09T19:14:58.971866+00:00
711,水口酒造,,38,愛媛県,愛媛縣,四國,,,,,,,https://sakenowa.com/breweries/711,all_mode,2026-10-09T19:14:58.971971+00:00
713,梅錦山川,,38,愛媛県,愛媛縣,四國,,,,,,,https://sakenowa.com/breweries/713,all_mode,2026-10-09T19:14:58.972081+00:00
714,アリサワ,,39,高知県,高知縣,四國,,,,,,,https://sakenowa.com/breweries/714,all_mode,2026-10-09T19:14:58.972192+00:00
716,亀泉酒造,,39,高知県,高知縣,四國,,,,,,,https://sakenowa.com/breweries/716,all_mode,2026-10-09T19:14:58.972309+00:00
717,酔鯨酒造,,39,高知県,高知縣,四國,,,,,,,https://sakenowa.com/breweries/717,all_mode,2026-10-09T19:14:58.972428+00:00
719,司牡丹酒造,,39,高知県,高知縣,四國,,,,,,,https://sakenowa.com/breweries/719,all_mode,2026-10-09T19:14:58.972531+00:00
720,西岡酒造店,,39,高知県,高知縣,四國,,,,,,,https://sakenowa.com/breweries/720,all_mode,2026-10-09T19:14:58.972639+00:00
721,仙頭酒造場,,39,高知県,高知縣,四國,,,,,,,https://sakenowa.com/breweries/721,all_mode,2026-10-09T19:14:58.972748+00:00
722,南酒造場,,39,高知県,高知縣,四國,,,,,,,https://sakenowa.com/breweries/722,all_mode,2026-10-09T19:14:58.972857+00:00
724,有光酒造場,,39,高知県,高知縣,四國,,,,,,,https://sakenowa.com/breweries/724,all_mode,2026-10-09T19:14:58.972962+00:00
725,土佐鶴酒造,,39,高知県,高知縣,四國,,,,,,,https://sakenowa.com/breweries/725,all_mode,2026-10-09T19:14:58.973066+00:00
726,菊水酒造,,39,高知県,高知縣,四國,,,,,,,https://sakenowa.com/breweries/726,all_mode,2026-10-09T19:14:58.973166+00:00
727,濵川商店,,39,高知県,高知縣,四國,,,,,,,https://sakenowa.com/breweries/727,all_mode,2026-10-09T19:14:58.973279+00:00
729,若波酒造,,40,福岡県,福岡縣,九州,,,,,,,https://sakenowa.com/breweries/729,all_mode,2026-10-09T19:14:58.973394+00:00
730,白糸酒造,,40,福岡県,福岡縣,九州,,,,,,,https://sakenowa.com/breweries/730,all_mode,2026-10-09T19:14:58.973516+00:00
731,瑞穂菊酒造,,40,福岡県,福岡縣,九州,,,,,,,https://sakenowa.com/breweries/731,all_mode,2026-10-09T19:14:58.973625+00:00
733,溝上酒造,,40,福岡県,福岡縣,九州,,,,,,,https://sakenowa.com/breweries/733,all_mode,2026-10-09T19:14:58.973729+00:00
735,池亀酒造,,40,福岡県,福岡縣,九州,,,,,,,https://sakenowa.com/breweries/735,all_mode,2026-10-09T19:14:58.973846+00:00
736,みいの寿,,40,福岡県,福岡縣,九州,,,,,,,https://sakenowa.com/breweries/736,all_mode,2026-10-09T19:14:58.973953+00:00
737,喜多屋,,40,福岡県,福岡縣,九州,,,,,,,https://sakenowa.com/breweries/737,all_mode,2026-10-09T19:14:58.974070+00:00
738,旭菊酒造,,40,福岡県,福岡縣,九州,,,,,,,https://sakenowa.com/breweries/738,all_mode,2026-10-09T19:14:58.974182+00:00
740,山口酒造場,,40,福岡県,福岡縣,九州,,,,,,,https://sakenowa.com/breweries/740,all_mode,2026-10-09T19:14:58.974290+00:00
742,目野酒造,,40,福岡県,福岡縣,九州,,,,,,,https://sakenowa.com/breweries/742,all_mode,2026-10-09T19:14:58.974407+00:00
743,篠崎,,40,福岡県,福岡縣,九州,,,,,,,https://sakenowa.com/breweries/743,all_mode,2026-10-09T19:14:58.974507+00:00
744,杜の蔵,,40,福岡県,福岡縣,九州,,,,,,,https://sakenowa.com/breweries/744,all_mode,2026-10-09T19:14:58.974609+00:00
745,高橋商店,,40,福岡県,福岡縣,九州,,,,,,,https://sakenowa.com/breweries/745,all_mode,2026-10-09T19:14:58.974719+00:00
746,石蔵酒造,,40,福岡県,福岡縣,九州,,,,,,,https://sakenowa.com/breweries/746,all_mode,2026-10-09T19:14:58.974840+00:00
748,東鶴酒造,,41,佐賀県,佐賀縣,九州,,,,,,,https://sakenowa.com/breweries/748,all_mode,2026-10-09T19:14:58.974941+00:00
750,天山酒造,,41,佐賀県,佐賀縣,九州,,,,,,,https://sakenowa.com/breweries/750,all_mode,2026-10-09T19:14:58.975042+00:00
751,光武酒造場,,41,佐賀県,佐賀縣,九州,,,,,,,https://sakenowa.com/breweries/751,all_mode,2026-10-09T19:14:58.975161+00:00
752,五町田酒造,,41,佐賀県,佐賀縣,九州,,,,,,,https://sakenowa.com/breweries/752,all_mode,2026-10-09T19:14:58.975267+00:00
753,中島酒造,,41,佐賀県,佐賀縣,九州,,,,,,,https://sakenowa.com/breweries/753,all_mode,2026-10-09T19:14:58.975378+00:00
754,幸姫酒造,,41,佐賀県,佐賀縣,九州,,,,,,,https://sakenowa.com/breweries/754,all_mode,2026-10-09T19:14:58.975473+00:00
756,天吹酒造,,41,佐賀県,佐賀縣,九州,,,,,,,https://sakenowa.com/breweries/756,all_mode,2026-10-09T19:14:58.975574+00:00
757,古伊万里酒造,,41,佐賀県,佐賀縣,九州,,,,,,,https://sakenowa.com/breweries/757,all_mode,2026-10-09T19:14:58.975685+00:00
758,富久千代酒造,,41,佐賀県,佐賀縣,九州,,,,,,,https://sakenowa.com/breweries/758,all_mode,2026-10-09T19:14:58.975790+00:00
759,吉田屋,,42,長崎県,長崎縣,九州,,,,,,,https://sakenowa.com/breweries/759,all_mode,2026-10-09T19:14:58.975891+00:00
760,杵の川,,42,長崎県,長崎縣,九州,,,,,,,https://sakenowa.com/breweries/760,all_mode,2026-10-09T19:14:58.975988+00:00
761,今里酒造,,42,長崎県,長崎縣,九州,,,,,,,https://sakenowa.com/breweries/761,all_mode,2026-10-09T19:14:58.976098+00:00
762,重家酒造,,42,長崎県,長崎縣,九州,,,,,,,https://sakenowa.com/breweries/762,all_mode,2026-10-09T19:14:58.976198+00:00
763,福田酒造,,42,長崎県,長崎縣,九州,,,,,,,https://sakenowa.com/breweries/763,all_mode,2026-10-09T19:14:58.976311+00:00
764,熊本県酒造研究所,,43,熊本県,熊本縣,九州,,,,,,,https://sakenowa.com/breweries/764,all_mode,2026-10-09T19:14:58.976430+00:00
765,山村酒造,,43,熊本県,熊本縣,九州,,,,,,,https://sakenowa.com/breweries/765,all_mode,2026-10-09T19:14:58.976532+00:00
766,瑞鷹酒造,,43,熊本県,熊本縣,九州,,,,,,,https://sakenowa.com/breweries/766,all_mode,2026-10-09T19:14:58.976635+00:00
767,中野酒造,,44,大分県,大分縣,九州,,,,,,,https://sakenowa.com/breweries/767,all_mode,2026-10-09T19:14:58.976752+00:00
768,佐藤酒造,,44,大分県,大分縣,九州,,,,,,,https://sakenowa.com/breweries/768,all_mode,2026-10-09T19:14:58.976854+00:00
769,老松酒造,,44,大分県,大分縣,九州,,,,,,,https://sakenowa.com/breweries/769,all_mode,2026-10-09T19:14:58.976953+00:00
770,倉光酒造,,44,大分県,大分縣,九州,,,,,,,https://sakenowa.com/breweries/770,all_mode,2026-10-09T19:14:58.977051+00:00
771,久家本店,,44,大分県,大分縣,九州,,,,,,,https://sakenowa.com/breweries/771,all_mode,2026-10-09T19:14:58.977149+00:00
772,井上酒造,,44,大分県,大分縣,九州,,,,,,,https://sakenowa.com/breweries/772,all_mode,2026-10-09T19:14:58.977260+00:00
773,萱島酒造,,44,大分県,大分縣,九州,,,,,,,https://sakenowa.com/breweries/773,all_mode,2026-10-09T19:14:58.977374+00:00
774,藤居酒造,,44,大分県,大分縣,九州,,,,,,,https://sakenowa.com/breweries/774,all_mode,2026-10-09T19:14:58.977474+00:00
776,三和酒類,,44,大分県,大分縣,九州,,,,,,,https://sakenowa.com/breweries/776,all_mode,2026-10-09T19:14:58.977571+00:00
777,浜嶋酒造,,44,大分県,大分縣,九州,,,,,,,https://sakenowa.com/breweries/777,all_mode,2026-10-09T19:14:58.977674+00:00
778,小松酒造場,,44,大分県,大分縣,九州,,,,,,,https://sakenowa.com/breweries/778,all_mode,2026-10-09T19:14:58.977779+00:00
779,クンチョウ酒造,,44,大分県,大分縣,九州,,,,,,,https://sakenowa.com/breweries/779,all_mode,2026-10-09T19:14:58.977883+00:00
781,八鹿酒造,,44,大分県,大分縣,九州,,,,,,,https://sakenowa.com/breweries/781,all_mode,2026-10-09T19:14:58.977984+00:00
782,千徳酒造,,45,宮崎県,宮崎縣,九州,,,,,,,https://sakenowa.com/breweries/782,all_mode,2026-10-09T19:14:58.978103+00:00
783,濱田酒造,,46,鹿児島県,鹿兒島縣,九州,,,,,,,https://sakenowa.com/breweries/783,all_mode,2026-10-09T19:14:58.978215+00:00
831,養老酒造,,19,山梨県,山梨縣,中部,,,,,,,https://sakenowa.com/breweries/831,all_mode,2026-10-09T19:14:58.978323+00:00
832,宝剣酒造,,34,広島県,廣島縣,中國,,,,,,,https://sakenowa.com/breweries/832,all_mode,2026-10-09T19:14:58.978429+00:00
833,中井仁平酒造場,,24,三重県,三重縣,近畿,,,,,,,https://sakenowa.com/breweries/833,all_mode,2026-10-09T19:14:58.978532+00:00
834,藤市酒造,,23,愛知県,愛知縣,中部,,,,,,,https://sakenowa.com/breweries/834,all_mode,2026-10-09T19:14:58.978631+00:00
835,清水清三郎商店,,24,三重県,三重縣,近畿,,,,,,,https://sakenowa.com/breweries/835,all_mode,2026-10-09T19:14:58.978744+00:00
836,小野酒造,,34,広島県,廣島縣,中國,,,,,,,https://sakenowa.com/breweries/836,all_mode,2026-10-09T19:14:58.978856+00:00
837,大雪渓酒造,,20,長野県,長野縣,中部,,,,,,,https://sakenowa.com/breweries/837,all_mode,2026-10-09T19:14:58.978960+00:00
838,中井酒造場,,24,三重県,三重縣,近畿,,,,,,,https://sakenowa.com/breweries/838,all_mode,2026-10-09T19:14:58.979060+00:00
839,寿酒造,,27,大阪府,大阪府,近畿,,,,,,,https://sakenowa.com/breweries/839,all_mode,2026-10-09T19:14:58.979159+00:00
840,一宮酒造,,32,島根県,島根縣,中國,,,,,,,https://sakenowa.com/breweries/840,all_mode,2026-10-09T19:14:58.979265+00:00
841,竹野酒造,,26,京都府,京都府,近畿,,,,,,,https://sakenowa.com/breweries/841,all_mode,2026-10-09T19:14:58.979376+00:00
842,山口,,7,福島県,福島縣,東北,,,,,,,https://sakenowa.com/breweries/842,all_mode,2026-10-09T19:14:58.979491+00:00
843,与謝娘酒造,,26,京都府,京都府,近畿,,,,,,,https://sakenowa.com/breweries/843,all_mode,2026-10-09T19:14:58.979588+00:00
844,北庄司酒造店,,27,大阪府,大阪府,近畿,,,,,,,https://sakenowa.com/breweries/844,all_mode,2026-10-09T19:14:58.979687+00:00
845,世嬉の一酒造,,3,岩手県,岩手縣,東北,,,,,,,https://sakenowa.com/breweries/845,all_mode,2026-10-09T19:14:58.979793+00:00
846,喜久盛酒造,,3,岩手県,岩手縣,東北,,,,,,,https://sakenowa.com/breweries/846,all_mode,2026-10-09T19:14:58.979895+00:00
847,松瀬酒造,,25,滋賀県,滋賀縣,近畿,,,,,,,https://sakenowa.com/breweries/847,all_mode,2026-10-09T19:14:58.980039+00:00
848,麻原酒造,,11,埼玉県,埼玉縣,關東,,,,,,,https://sakenowa.com/breweries/848,all_mode,2026-10-09T19:14:58.980142+00:00
849,松井酒造店,,9,栃木県,栃木縣,關東,,,,,,,https://sakenowa.com/breweries/849,all_mode,2026-10-09T19:14:58.980259+00:00
850,小豆島酒造 (旧 森國酒造),,37,香川県,香川縣,四國,,,,,,,https://sakenowa.com/breweries/850,all_mode,2026-10-09T19:14:58.980373+00:00
851,白井酒造店,,7,福島県,福島縣,東北,,,,,,,https://sakenowa.com/breweries/851,all_mode,2026-10-09T19:14:58.980482+00:00
852,勇心酒造,,37,香川県,香川縣,四國,,,,,,,https://sakenowa.com/breweries/852,all_mode,2026-10-09T19:14:58.980585+00:00
853,松乃井酒造場,,15,新潟県,新潟縣,中部,,,,,,,https://sakenowa.com/breweries/853,all_mode,2026-10-09T19:14:58.980682+00:00
854,八幡川酒造,,34,広島県,廣島縣,中國,,,,,,,https://sakenowa.com/breweries/854,all_mode,2026-10-09T19:14:58.980790+00:00
855,飯沼本家,,12,千葉県,千葉縣,關東,,,,,,,https://sakenowa.com/breweries/855,all_mode,2026-10-09T19:14:58.980891+00:00
856,辻善兵衛商店,,9,栃木県,栃木縣,關東,,,,,,,https://sakenowa.com/breweries/856,all_mode,2026-10-09T19:14:58.981001+00:00
857,冨士酒造,,6,山形県,山形縣,東北,,,,,,,https://sakenowa.com/breweries/857,all_mode,2026-10-09T19:14:58.981109+00:00
858,山形正宗,,6,山形県,山形縣,東北,,,,,,,https://sakenowa.com/breweries/858,all_mode,2026-10-09T19:14:58.981223+00:00
859,NEXT FIVE,,5,秋田県,秋田縣,東北,,,,,,,https://sakenowa.com/breweries/859,all_mode,2026-10-09T19:14:58.981319+00:00
860,鮎正宗酒造ー,,15,新潟県,新潟縣,中部,,,,,,,https://sakenowa.com/breweries/860,all_mode,2026-10-09T19:14:58.981429+00:00
861,鮎正宗酒造,,15,新潟県,新潟縣,中部,,,,,,,https://sakenowa.com/breweries/861,all_mode,2026-10-09T19:14:58.981525+00:00
862,大沼酒造店,,4,宮城県,宮城縣,東北,,,,,,,https://sakenowa.com/breweries/862,all_mode,2026-10-09T19:14:58.981635+00:00
863,野崎酒造,,13,東京都,東京都,關東,,,,,,,https://sakenowa.com/breweries/863,all_mode,2026-10-09T19:14:58.981742+00:00
864,酒ぬのや本金酒造,,20,長野県,長野縣,中部,,,,,,,https://sakenowa.com/breweries/864,all_mode,2026-10-09T19:14:58.981842+00:00
865,清水酒造店,,17,石川県,石川縣,中部,,,,,,,https://sakenowa.com/breweries/865,all_mode,2026-10-09T19:14:58.981946+00:00
866,林龍平酒造場,,40,福岡県,福岡縣,九州,,,,,,,https://sakenowa.com/breweries/866,all_mode,2026-10-09T19:14:58.982045+00:00
867,白龍酒造,,15,新潟県,新潟縣,中部,,,,,,,https://sakenowa.com/breweries/867,all_mode,2026-10-09T19:14:58.982150+00:00
868,岡野酒造,,29,奈良県,奈良縣,近畿,,,,,,,https://sakenowa.com/breweries/868,all_mode,2026-10-09T19:14:58.982251+00:00
869,蔵王酒造,,4,宮城県,宮城縣,東北,,,,,,,https://sakenowa.com/breweries/869,all_mode,2026-10-09T19:14:58.982367+00:00
871,吉江酒造,,16,富山県,富山縣,中部,,,,,,,https://sakenowa.com/breweries/871,all_mode,2026-10-09T19:14:58.982468+00:00
873,浪花酒造,,27,大阪府,大阪府,近畿,,,,,,,https://sakenowa.com/breweries/873,all_mode,2026-10-09T19:14:58.982569+00:00
874,寒菊銘醸,,12,千葉県,千葉縣,關東,,,,,,,https://sakenowa.com/breweries/874,all_mode,2026-10-09T19:14:58.982669+00:00
875,五十嵐酒造,,11,埼玉県,埼玉縣,關東,,,,,,,https://sakenowa.com/breweries/875,all_mode,2026-10-09T19:14:58.982797+00:00
876,白神酒造,,2,青森県,青森縣,東北,,,,,,,https://sakenowa.com/breweries/876,all_mode,2026-10-09T19:14:58.982909+00:00
877,高橋酒造,,34,広島県,廣島縣,中國,,,,,,,https://sakenowa.com/breweries/877,all_mode,2026-10-09T19:14:58.983011+00:00
878,梅津酒造,,31,鳥取県,鳥取縣,中國,,,,,,,https://sakenowa.com/breweries/878,all_mode,2026-10-09T19:14:58.983109+00:00
879,大納川,,5,秋田県,秋田縣,東北,,,,,,,https://sakenowa.com/breweries/879,all_mode,2026-10-09T19:14:58.983219+00:00
880,多胡本家酒造場,,33,岡山県,岡山縣,中國,,,,,,,https://sakenowa.com/breweries/880,all_mode,2026-10-09T19:14:58.983329+00:00
881,飯沼銘醸,,9,栃木県,栃木縣,關東,,,,,,,https://sakenowa.com/breweries/881,all_mode,2026-10-09T19:14:58.983435+00:00
882,久保本家酒造,,29,奈良県,奈良縣,近畿,,,,,,,https://sakenowa.com/breweries/882,all_mode,2026-10-09T19:14:58.983537+00:00
883,松崎酒造店,,7,福島県,福島縣,東北,,,,,,,https://sakenowa.com/breweries/883,all_mode,2026-10-09T19:14:58.983648+00:00
884,若宮酒造,,26,京都府,京都府,近畿,,,,,,,https://sakenowa.com/breweries/884,all_mode,2026-10-09T19:14:58.983752+00:00
885,松尾酒造場,,41,佐賀県,佐賀縣,九州,,,,,,,https://sakenowa.com/breweries/885,all_mode,2026-10-09T19:14:58.983859+00:00
886,亀齢酒造,,34,広島県,廣島縣,中國,,,,,,,https://sakenowa.com/breweries/886,all_mode,2026-10-09T19:14:58.983960+00:00
887,豊島屋酒造,,13,東京都,東京都,關東,,,,,,,https://sakenowa.com/breweries/887,all_mode,2026-10-09T19:14:58.984069+00:00
888,瀧口酒造,,35,山口県,山口縣,中國,,,,,,,https://sakenowa.com/breweries/888,all_mode,2026-10-09T19:14:58.984185+00:00
889,若林酒造,,32,島根県,島根縣,中國,,,,,,,https://sakenowa.com/breweries/889,all_mode,2026-10-09T19:14:58.984284+00:00
890,玉櫻酒造,,32,島根県,島根縣,中國,,,,,,,https://sakenowa.com/breweries/890,all_mode,2026-10-09T19:14:58.984399+00:00
891,竹村酒造店,,8,茨城県,茨城縣,關東,,,,,,,https://sakenowa.com/breweries/891,all_mode,2026-10-09T19:14:58.984499+00:00
892,利守酒造,,33,岡山県,岡山縣,中國,,,,,,,https://sakenowa.com/breweries/892,all_mode,2026-10-09T19:14:58.984602+00:00
893,小布施ワイナリー,,20,長野県,長野縣,中部,,,,,,,https://sakenowa.com/breweries/893,all_mode,2026-10-09T19:14:58.984704+00:00
894,オガタマ酒造,,46,鹿児島県,鹿兒島縣,九州,,,,,,,https://sakenowa.com/breweries/894,all_mode,2026-10-09T19:14:58.984804+00:00
895,白藤酒造店,,17,石川県,石川縣,中部,,,,,,,https://sakenowa.com/breweries/895,all_mode,2026-10-09T19:14:58.984904+00:00
896,湯川酒造店,,20,長野県,長野縣,中部,,,,,,,https://sakenowa.com/breweries/896,all_mode,2026-10-09T19:14:58.985012+00:00
897,畑酒造,,25,滋賀県,滋賀縣,近畿,,,,,,,https://sakenowa.com/breweries/897,all_mode,2026-10-09T19:14:58.985123+00:00
898,赤武酒造,,3,岩手県,岩手縣,東北,,,,,,,https://sakenowa.com/breweries/898,all_mode,2026-10-09T19:14:58.985229+00:00
899,前田酒造場,,30,和歌山県,和歌山縣,近畿,,,,,,,https://sakenowa.com/breweries/899,all_mode,2026-10-09T19:14:58.985333+00:00
900,美寿々酒造,,20,長野県,長野縣,中部,,,,,,,https://sakenowa.com/breweries/900,all_mode,2026-10-09T19:14:58.985440+00:00
901,田中酒造店,,8,茨城県,茨城縣,關東,,,,,,,https://sakenowa.com/breweries/901,all_mode,2026-10-09T19:14:58.985539+00:00
902,碓氷勝三郎商店,,1,北海道,北海道,北海道,,,,,,,https://sakenowa.com/breweries/902,all_mode,2026-10-09T19:14:58.985636+00:00
903,結城酒造,,8,茨城県,茨城縣,關東,,,,,,,https://sakenowa.com/breweries/903,all_mode,2026-10-09T19:14:58.985744+00:00
904,矢野酒造,,41,佐賀県,佐賀縣,九州,,,,,,,https://sakenowa.com/breweries/904,all_mode,2026-10-09T19:14:58.985853+00:00
906,猪又酒造,,15,新潟県,新潟縣,中部,,,,,,,https://sakenowa.com/breweries/906,all_mode,2026-10-09T19:14:58.985970+00:00
907,鈴木酒造店長井蔵,,6,山形県,山形縣,東北,,,,,,,https://sakenowa.com/breweries/907,all_mode,2026-10-09T19:14:58.986077+00:00
908,北島酒造,,25,滋賀県,滋賀縣,近畿,,,,,,,https://sakenowa.com/breweries/908,all_mode,2026-10-09T19:14:58.986177+00:00
909,朝日酒造,,15,新潟県,新潟縣,中部,,,,,,,https://sakenowa.com/breweries/909,all_mode,2026-10-09T19:14:58.986277+00:00
910,菊正宗酒造,,28,兵庫県,兵庫縣,近畿,,,,,,,https://sakenowa.com/breweries/910,all_mode,2026-10-09T19:14:58.986386+00:00
911,三宅本店,,34,広島県,廣島縣,中國,,,,,,,https://sakenowa.com/breweries/911,all_mode,2026-10-09T19:14:58.986493+00:00
912,農口酒造,,17,石川県,石川縣,中部,,,,,,,https://sakenowa.com/breweries/912,all_mode,2026-10-09T19:14:58.986596+00:00
913,よしのや,,20,長野県,長野縣,中部,,,,,,,https://sakenowa.com/breweries/913,all_mode,2026-10-09T19:14:58.986694+00:00
914,池本酒造,,25,滋賀県,滋賀縣,近畿,,,,,,,https://sakenowa.com/breweries/914,all_mode,2026-10-09T19:14:58.986797+00:00
915,大塚酒造,,21,岐阜県,岐阜縣,中部,,,,,,,https://sakenowa.com/breweries/915,all_mode,2026-10-09T19:14:58.986895+00:00
916,山の壽酒造,,40,福岡県,福岡縣,九州,,,,,,,https://sakenowa.com/breweries/916,all_mode,2026-10-09T19:14:58.986997+00:00
917,枡一市村酒造場,,20,長野県,長野縣,中部,,,,,,,https://sakenowa.com/breweries/917,all_mode,2026-10-09T19:14:58.987102+00:00
918,高嶋酒造,,22,静岡県,靜岡縣,中部,,,,,,,https://sakenowa.com/breweries/918,all_mode,2026-10-09T19:14:58.987201+00:00
919,松浦一酒造,,41,佐賀県,佐賀縣,九州,,,,,,,https://sakenowa.com/breweries/919,all_mode,2026-10-09T19:14:58.987306+00:00
920,加藤吉平商店,,18,福井県,福井縣,中部,,,,,,,https://sakenowa.com/breweries/920,all_mode,2026-10-09T19:14:58.987418+00:00
921,六花酒造,,2,青森県,青森縣,東北,,,,,,,https://sakenowa.com/breweries/921,all_mode,2026-10-09T19:14:58.987532+00:00
922,三浦酒造,,2,青森県,青森縣,東北,,,,,,,https://sakenowa.com/breweries/922,all_mode,2026-10-09T19:14:58.987644+00:00
923,二世古酒造,,1,北海道,北海道,北海道,,,,,,,https://sakenowa.com/breweries/923,all_mode,2026-10-09T19:14:58.987761+00:00
924,新谷酒造,,35,山口県,山口縣,中國,,,,,,,https://sakenowa.com/breweries/924,all_mode,2026-10-09T19:14:58.987861+00:00
925,盛川酒造,,34,広島県,廣島縣,中國,,,,,,,https://sakenowa.com/breweries/925,all_mode,2026-10-09T19:14:58.987961+00:00
926,金分銅酒造,,35,山口県,山口縣,中國,,,,,,,https://sakenowa.com/breweries/926,all_mode,2026-10-09T19:14:58.988071+00:00
927,王祿酒造,,32,島根県,島根縣,中國,,,,,,,https://sakenowa.com/breweries/927,all_mode,2026-10-09T19:14:58.988169+00:00
928,出石酒造,,28,兵庫県,兵庫縣,近畿,,,,,,,https://sakenowa.com/breweries/928,all_mode,2026-10-09T19:14:58.988282+00:00
929,吉井酒造,,9,栃木県,栃木縣,關東,,,,,,,https://sakenowa.com/breweries/929,all_mode,2026-10-09T19:14:58.988387+00:00
930,潜龍酒造,,42,長崎県,長崎縣,九州,,,,,,,https://sakenowa.com/breweries/930,all_mode,2026-10-09T19:14:58.988484+00:00
931,井坂酒造店,,8,茨城県,茨城縣,關東,,,,,,,https://sakenowa.com/breweries/931,all_mode,2026-10-09T19:14:58.988593+00:00
932,寒北斗酒造,,40,福岡県,福岡縣,九州,,,,,,,https://sakenowa.com/breweries/932,all_mode,2026-10-09T19:14:58.988690+00:00
933,刈穂酒造,,5,秋田県,秋田縣,東北,,,,,,,https://sakenowa.com/breweries/933,all_mode,2026-10-09T19:14:58.988798+00:00
934,若竹屋酒造場,,40,福岡県,福岡縣,九州,,,,,,,https://sakenowa.com/breweries/934,all_mode,2026-10-09T19:14:58.988894+00:00
935,久住ワイナリー,,44,大分県,大分縣,九州,,,,,,,https://sakenowa.com/breweries/935,all_mode,2026-10-09T19:14:58.989014+00:00
936,五ヶ瀬ワイナリー,,45,宮崎県,宮崎縣,九州,,,,,,,https://sakenowa.com/breweries/936,all_mode,2026-10-09T19:14:58.989116+00:00
937,紫波酒造店,,3,岩手県,岩手縣,東北,,,,,,,https://sakenowa.com/breweries/937,all_mode,2026-10-09T19:14:58.989213+00:00
938,いそのさわ,,40,福岡県,福岡縣,九州,,,,,,,https://sakenowa.com/breweries/938,all_mode,2026-10-09T19:14:58.989326+00:00
939,峰の雪酒造場,,7,福島県,福島縣,東北,,,,,,,https://sakenowa.com/breweries/939,all_mode,2026-10-09T19:14:58.989450+00:00
940,若松酒造,,46,鹿児島県,鹿兒島縣,九州,,,,,,,https://sakenowa.com/breweries/940,all_mode,2026-10-09T19:14:58.989562+00:00
941,下関酒造,,35,山口県,山口縣,中國,,,,,,,https://sakenowa.com/breweries/941,all_mode,2026-10-09T19:14:58.989659+00:00
942,中澤酒造,,14,神奈川県,神奈川縣,關東,,,,,,,https://sakenowa.com/breweries/942,all_mode,2026-10-09T19:14:58.989757+00:00
943,善哉酒造,,20,長野県,長野縣,中部,,,,,,,https://sakenowa.com/breweries/943,all_mode,2026-10-09T19:14:58.989871+00:00
944,恒松酒造本店,,43,熊本県,熊本縣,九州,,,,,,,https://sakenowa.com/breweries/944,all_mode,2026-10-09T19:14:58.989974+00:00
945,千寿酒造,,22,静岡県,靜岡縣,中部,,,,,,,https://sakenowa.com/breweries/945,all_mode,2026-10-09T19:14:58.990071+00:00
946,武内酒造,,21,岐阜県,岐阜縣,中部,,,,,,,https://sakenowa.com/breweries/946,all_mode,2026-10-09T19:14:58.990168+00:00
947,泉酒造,,28,兵庫県,兵庫縣,近畿,,,,,,,https://sakenowa.com/breweries/947,all_mode,2026-10-09T19:14:58.990272+00:00
948,磯蔵酒造,,8,茨城県,茨城縣,關東,,,,,,,https://sakenowa.com/breweries/948,all_mode,2026-10-09T19:14:58.990390+00:00
949,高橋庄作酒造店,,7,福島県,福島縣,東北,,,,,,,https://sakenowa.com/breweries/949,all_mode,2026-10-09T19:14:58.990495+00:00
950,金門酒造,,8,茨城県,茨城縣,關東,,,,,,,https://sakenowa.com/breweries/950,all_mode,2026-10-09T19:14:58.990594+00:00
952,戸田酒造,,20,長野県,長野縣,中部,,,,,,,https://sakenowa.com/breweries/952,all_mode,2026-10-09T19:14:58.990692+00:00
953,清都酒造場,,16,富山県,富山縣,中部,,,,,,,https://sakenowa.com/breweries/953,all_mode,2026-10-09T19:14:58.990790+00:00
954,那賀酒造,,36,徳島県,德島縣,四國,,,,,,,https://sakenowa.com/breweries/954,all_mode,2026-10-09T19:14:58.990894+00:00
955,島崎酒造,,9,栃木県,栃木縣,關東,,,,,,,https://sakenowa.com/breweries/955,all_mode,2026-10-09T19:14:58.990994+00:00
956,鈴木酒造店 長井蔵,,6,山形県,山形縣,東北,,,,,,,https://sakenowa.com/breweries/956,all_mode,2026-10-09T19:14:58.991117+00:00
957,中野BC,,30,和歌山県,和歌山縣,近畿,,,,,,,https://sakenowa.com/breweries/957,all_mode,2026-10-09T19:14:58.991219+00:00
959,奥出雲酒造,,32,島根県,島根縣,中國,,,,,,,https://sakenowa.com/breweries/959,all_mode,2026-10-09T19:14:58.991326+00:00
960,旭日酒造,,32,島根県,島根縣,中國,,,,,,,https://sakenowa.com/breweries/960,all_mode,2026-10-09T19:14:58.991434+00:00
961,川亀酒造,,38,愛媛県,愛媛縣,四國,,,,,,,https://sakenowa.com/breweries/961,all_mode,2026-10-09T19:14:58.991536+00:00
962,森民酒造本家,,4,宮城県,宮城縣,東北,,,,,,,https://sakenowa.com/breweries/962,all_mode,2026-10-09T19:14:58.991637+00:00
963,舩坂酒造店,,21,岐阜県,岐阜縣,中部,,,,,,,https://sakenowa.com/breweries/963,all_mode,2026-10-09T19:14:58.991733+00:00
964,尾畑酒造,,15,新潟県,新潟縣,中部,,,,,,,https://sakenowa.com/breweries/964,all_mode,2026-10-09T19:14:58.991836+00:00
965,木内酒造,,8,茨城県,茨城縣,關東,,,,,,,https://sakenowa.com/breweries/965,all_mode,2026-10-09T19:14:58.991935+00:00
966,武内酒造店,,17,石川県,石川縣,中部,,,,,,,https://sakenowa.com/breweries/966,all_mode,2026-10-09T19:14:58.992039+00:00
967,清鶴酒造,,27,大阪府,大阪府,近畿,,,,,,,https://sakenowa.com/breweries/967,all_mode,2026-10-09T19:14:58.992137+00:00
968,高木酒造,,39,高知県,高知縣,四國,,,,,,,https://sakenowa.com/breweries/968,all_mode,2026-10-09T19:14:58.992234+00:00
969,清川酒造,,7,福島県,福島縣,東北,,,,,,,https://sakenowa.com/breweries/969,all_mode,2026-10-09T19:14:58.992347+00:00
970,森田酒造,,33,岡山県,岡山縣,中國,,,,,,,https://sakenowa.com/breweries/970,all_mode,2026-10-09T19:14:58.992446+00:00
971,加賀の井酒造,,15,新潟県,新潟縣,中部,,,,,,,https://sakenowa.com/breweries/971,all_mode,2026-10-09T19:14:58.992545+00:00
972,大関,,28,兵庫県,兵庫縣,近畿,,,,,,,https://sakenowa.com/breweries/972,all_mode,2026-10-09T19:14:58.992644+00:00
973,増本酒造場,,25,滋賀県,滋賀縣,近畿,,,,,,,https://sakenowa.com/breweries/973,all_mode,2026-10-09T19:14:58.992764+00:00
974,宗政酒造,,41,佐賀県,佐賀縣,九州,,,,,,,https://sakenowa.com/breweries/974,all_mode,2026-10-09T19:14:58.992863+00:00
975,稲垣酒造場,,24,三重県,三重縣,近畿,,,,,,,https://sakenowa.com/breweries/975,all_mode,2026-10-09T19:14:58.992969+00:00
976,稲川酒造店,,7,福島県,福島縣,東北,,,,,,,https://sakenowa.com/breweries/976,all_mode,2026-10-09T19:14:58.993066+00:00
977,萩錦酒造,,22,静岡県,靜岡縣,中部,,,,,,,https://sakenowa.com/breweries/977,all_mode,2026-10-09T19:14:58.993168+00:00
978,酒造長生社,,20,長野県,長野縣,中部,,,,,,,https://sakenowa.com/breweries/978,all_mode,2026-10-09T19:14:58.993268+00:00
979,清洲桜醸造,,23,愛知県,愛知縣,中部,,,,,,,https://sakenowa.com/breweries/979,all_mode,2026-10-09T19:14:58.993375+00:00
980,高垣酒造,,30,和歌山県,和歌山縣,近畿,,,,,,,https://sakenowa.com/breweries/980,all_mode,2026-10-09T19:14:58.993481+00:00
981,中谷酒造,,29,奈良県,奈良縣,近畿,,,,,,,https://sakenowa.com/breweries/981,all_mode,2026-10-09T19:14:58.993592+00:00
982,奥田酒造店,,5,秋田県,秋田縣,東北,,,,,,,https://sakenowa.com/breweries/982,all_mode,2026-10-09T19:14:58.993694+00:00
983,多胡本家酒造場,,33,岡山県,岡山縣,中國,,,,,,,https://sakenowa.com/breweries/983,all_mode,2026-10-09T19:14:58.993795+00:00
984,佐久の花酒造,,20,長野県,長野縣,中部,,,,,,,https://sakenowa.com/breweries/984,all_mode,2026-10-09T19:14:58.993889+00:00
985,尾崎酒造,,2,青森県,青森縣,東北,,,,,,,https://sakenowa.com/breweries/985,all_mode,2026-10-09T19:14:58.993988+00:00
987,丸石醸造,,23,愛知県,愛知縣,中部,,,,,,,https://sakenowa.com/breweries/987,all_mode,2026-10-09T19:14:58.994104+00:00
988,三輪酒造,,34,広島県,廣島縣,中國,,,,,,,https://sakenowa.com/breweries/988,all_mode,2026-10-09T19:14:58.994224+00:00
989,松葉屋本店,,20,長野県,長野縣,中部,,,,,,,https://sakenowa.com/breweries/989,all_mode,2026-10-09T19:14:58.994324+00:00
990,岡崎酒造,,20,長野県,長野縣,中部,,,,,,,https://sakenowa.com/breweries/990,all_mode,2026-10-09T19:14:58.994432+00:00
991,駿河酒造場,,22,静岡県,靜岡縣,中部,,,,,,,https://sakenowa.com/breweries/991,all_mode,2026-10-09T19:14:58.994534+00:00
992,土屋酒造店,,20,長野県,長野縣,中部,,,,,,,https://sakenowa.com/breweries/992,all_mode,2026-10-09T19:14:58.994635+00:00
993,横関酒造店,,11,埼玉県,埼玉縣,關東,,,,,,,https://sakenowa.com/breweries/993,all_mode,2026-10-09T19:14:58.994741+00:00
994,丸世酒造店,,20,長野県,長野縣,中部,,,,,,,https://sakenowa.com/breweries/994,all_mode,2026-10-09T19:14:58.994838+00:00
995,鳥屋酒造,,17,石川県,石川縣,中部,,,,,,,https://sakenowa.com/breweries/995,all_mode,2026-10-09T19:14:58.994943+00:00
996,角口酒造,,20,長野県,長野縣,中部,,,,,,,https://sakenowa.com/breweries/996,all_mode,2026-10-09T19:14:58.995047+00:00
997,稲花酒造,,12,千葉県,千葉縣,關東,,,,,,,https://sakenowa.com/breweries/997,all_mode,2026-10-09T19:14:58.995144+00:00
998,國香酒造,,22,静岡県,靜岡縣,中部,,,,,,,https://sakenowa.com/breweries/998,all_mode,2026-10-09T19:14:58.995246+00:00
999,稲葉酒造,,28,兵庫県,兵庫縣,近畿,,,,,,,https://sakenowa.com/breweries/999,all_mode,2026-10-09T19:14:58.995357+00:00
1000,富久娘酒造,,28,兵庫県,兵庫縣,近畿,,,,,,,https://sakenowa.com/breweries/1000,all_mode,2026-10-09T19:14:58.995455+00:00
1001,岡田本家,,28,兵庫県,兵庫縣,近畿,,,,,,,https://sakenowa.com/breweries/1001,all_mode,2026-10-09T19:14:58.995557+00:00
1002,高田酒造,,31,鳥取県,鳥取縣,中國,,,,,,,https://sakenowa.com/breweries/1002,all_mode,2026-10-09T19:14:58.995671+00:00
1003,ヤヱガキ酒造,,28,兵庫県,兵庫縣,近畿,,,,,,,https://sakenowa.com/breweries/1003,all_mode,2026-10-09T19:14:58.995769+00:00
1005,千代鶴酒造,,16,富山県,富山縣,中部,,,,,,,https://sakenowa.com/breweries/1005,all_mode,2026-10-09T19:14:58.995876+00:00
1006,萬歳樂,,17,石川県,石川縣,中部,,,,,,,https://sakenowa.com/breweries/1006,all_mode,2026-10-09T19:14:58.995975+00:00
1007,請福酒造,,47,沖縄県,沖繩縣,沖繩,,,,,,,https://sakenowa.com/breweries/1007,all_mode,2026-10-09T19:14:58.996075+00:00
1008,上原酒造所,,47,沖縄県,沖繩縣,沖繩,,,,,,,https://sakenowa.com/breweries/1008,all_mode,2026-10-09T19:14:58.996172+00:00
1009,松浦酒造,,25,滋賀県,滋賀縣,近畿,,,,,,,https://sakenowa.com/breweries/1009,all_mode,2026-10-09T19:14:58.996266+00:00
1010,聖酒造,,10,群馬県,群馬縣,關東,,,,,,,https://sakenowa.com/breweries/1010,all_mode,2026-10-09T19:14:58.996367+00:00
1012,石井醸造,,14,神奈川県,神奈川縣,關東,,,,,,,https://sakenowa.com/breweries/1012,all_mode,2026-10-09T19:14:58.996476+00:00
1013,池月酒造,,32,島根県,島根縣,中國,,,,,,,https://sakenowa.com/breweries/1013,all_mode,2026-10-09T19:14:58.996579+00:00
1015,笹目宗兵衛商店,,8,茨城県,茨城縣,關東,,,,,,,https://sakenowa.com/breweries/1015,all_mode,2026-10-09T19:14:58.996683+00:00
1016,宮本酒造店,,17,石川県,石川縣,中部,,,,,,,https://sakenowa.com/breweries/1016,all_mode,2026-10-09T19:14:58.996780+00:00
1017,北安醸造,,20,長野県,長野縣,中部,,,,,,,https://sakenowa.com/breweries/1017,all_mode,2026-10-09T19:14:58.996877+00:00
1018,河合酒造,,29,奈良県,奈良縣,近畿,,,,,,,https://sakenowa.com/breweries/1018,all_mode,2026-10-09T19:14:58.996985+00:00
1019,國稀酒造,,1,北海道,北海道,北海道,,,,,,,https://sakenowa.com/breweries/1019,all_mode,2026-10-09T19:14:58.997087+00:00
1020,山和酒造店,,4,宮城県,宮城縣,東北,,,,,,,https://sakenowa.com/breweries/1020,all_mode,2026-10-09T19:14:58.997194+00:00
1021,花の露,,40,福岡県,福岡縣,九州,,,,,,,https://sakenowa.com/breweries/1021,all_mode,2026-10-09T19:14:58.997303+00:00
1022,阿部勘酒造店,,4,宮城県,宮城縣,東北,,,,,,,https://sakenowa.com/breweries/1022,all_mode,2026-10-09T19:14:58.997411+00:00
1023,真名鶴酒造,,18,福井県,福井縣,中部,,,,,,,https://sakenowa.com/breweries/1023,all_mode,2026-10-09T19:14:58.997517+00:00
1024,吾妻嶺酒造店,,3,岩手県,岩手縣,東北,,,,,,,https://sakenowa.com/breweries/1024,all_mode,2026-10-09T19:14:58.997618+00:00
1025,東薫酒造,,12,千葉県,千葉縣,關東,,,,,,,https://sakenowa.com/breweries/1025,all_mode,2026-10-09T19:14:58.997719+00:00
1026,三宅酒造,,28,兵庫県,兵庫縣,近畿,,,,,,,https://sakenowa.com/breweries/1026,all_mode,2026-10-09T19:14:58.997819+00:00
1027,福羅酒造,,32,島根県,島根縣,中國,,,,,,,https://sakenowa.com/breweries/1027,all_mode,2026-10-09T19:14:58.997916+00:00
1028,福羅酒造,,31,鳥取県,鳥取縣,中國,,,,,,,https://sakenowa.com/breweries/1028,all_mode,2026-10-09T19:14:58.998010+00:00
1030,奥飛騨酒造,,21,岐阜県,岐阜縣,中部,,,,,,,https://sakenowa.com/breweries/1030,all_mode,2026-10-09T19:14:58.998109+00:00
1031,中島屋酒造場,,35,山口県,山口縣,中國,,,,,,,https://sakenowa.com/breweries/1031,all_mode,2026-10-09T19:14:58.998208+00:00
1032,長珍酒造,,23,愛知県,愛知縣,中部,,,,,,,https://sakenowa.com/breweries/1032,all_mode,2026-10-09T19:14:58.998317+00:00
1033,小江戸鏡山酒造,,11,埼玉県,埼玉縣,關東,,,,,,,https://sakenowa.com/breweries/1033,all_mode,2026-10-09T19:14:58.998432+00:00
1034,磐梯酒造,,7,福島県,福島縣,東北,,,,,,,https://sakenowa.com/breweries/1034,all_mode,2026-10-09T19:14:58.998535+00:00
1035,香住鶴,,28,兵庫県,兵庫縣,近畿,,,,,,,https://sakenowa.com/breweries/1035,all_mode,2026-10-09T19:14:58.998638+00:00
1036,小川本家酒造,,28,兵庫県,兵庫縣,近畿,,,,,,,https://sakenowa.com/breweries/1036,all_mode,2026-10-09T19:14:58.998738+00:00
1037,藤岡酒造,,26,京都府,京都府,近畿,,,,,,,https://sakenowa.com/breweries/1037,all_mode,2026-10-09T19:14:58.998832+00:00
1038,西飯田酒造店,,20,長野県,長野縣,中部,,,,,,,https://sakenowa.com/breweries/1038,all_mode,2026-10-09T19:14:58.998936+00:00
1039,永山本家酒造場,,35,山口県,山口縣,中國,,,,,,,https://sakenowa.com/breweries/1039,all_mode,2026-10-09T19:14:58.999038+00:00
1040,飯田酒造場,,12,千葉県,千葉縣,關東,,,,,,,https://sakenowa.com/breweries/1040,all_mode,2026-10-09T19:14:58.999142+00:00
1041,舞姫酒造,,20,長野県,長野縣,中部,,,,,,,https://sakenowa.com/breweries/1041,all_mode,2026-10-09T19:14:58.999241+00:00
1042,神聖,,26,京都府,京都府,近畿,,,,,,,https://sakenowa.com/breweries/1042,all_mode,2026-10-09T19:14:58.999358+00:00
1043,太陽酒造,,28,兵庫県,兵庫縣,近畿,,,,,,,https://sakenowa.com/breweries/1043,all_mode,2026-10-09T19:14:58.999457+00:00
1045,谷櫻酒造,,19,山梨県,山梨縣,中部,,,,,,,https://sakenowa.com/breweries/1045,all_mode,2026-10-09T19:14:58.999556+00:00
1046,佐嘉酒造,,41,佐賀県,佐賀縣,九州,,,,,,,https://sakenowa.com/breweries/1046,all_mode,2026-10-09T19:14:58.999655+00:00
1047,尾澤酒造場,,20,長野県,長野縣,中部,,,,,,,https://sakenowa.com/breweries/1047,all_mode,2026-10-09T19:14:58.999768+00:00
1048,伊丹老松酒造,,28,兵庫県,兵庫縣,近畿,,,,,,,https://sakenowa.com/breweries/1048,all_mode,2026-10-09T19:14:58.999870+00:00
1049,浦野,,23,愛知県,愛知縣,中部,,,,,,,https://sakenowa.com/breweries/1049,all_mode,2026-10-09T19:14:58.999968+00:00
1050,英君酒造,,22,静岡県,靜岡縣,中部,,,,,,,https://sakenowa.com/breweries/1050,all_mode,2026-10-09T19:14:59.000067+00:00
1051,玄葉本店,,7,福島県,福島縣,東北,,,,,,,https://sakenowa.com/breweries/1051,all_mode,2026-10-09T19:14:59.000168+00:00
1052,武の井酒造,,19,山梨県,山梨縣,中部,,,,,,,https://sakenowa.com/breweries/1052,all_mode,2026-10-09T19:14:59.000274+00:00
1053,川尻酒造場,,21,岐阜県,岐阜縣,中部,,,,,,,https://sakenowa.com/breweries/1053,all_mode,2026-10-09T19:14:59.000382+00:00
1054,黄桜,,26,京都府,京都府,近畿,,,,,,,https://sakenowa.com/breweries/1054,all_mode,2026-10-09T19:14:59.000484+00:00
1055,馬場酒造場,,41,佐賀県,佐賀縣,九州,,,,,,,https://sakenowa.com/breweries/1055,all_mode,2026-10-09T19:14:59.000602+00:00
1056,山名酒造,,28,兵庫県,兵庫縣,近畿,,,,,,,https://sakenowa.com/breweries/1056,all_mode,2026-10-09T19:14:59.000703+00:00
1057,板倉酒造,,32,島根県,島根縣,中國,,,,,,,https://sakenowa.com/breweries/1057,all_mode,2026-10-09T19:14:59.000811+00:00
1058,小野酒造店,,20,長野県,長野縣,中部,,,,,,,https://sakenowa.com/breweries/1058,all_mode,2026-10-09T19:14:59.000917+00:00
1059,佐々木酒造店,,4,宮城県,宮城縣,東北,,,,,,,https://sakenowa.com/breweries/1059,all_mode,2026-10-09T19:14:59.001021+00:00
1060,太田酒造 千代田蔵,,28,兵庫県,兵庫縣,近畿,,,,,,,https://sakenowa.com/breweries/1060,all_mode,2026-10-09T19:14:59.001120+00:00
1061,原田酒造,,23,愛知県,愛知縣,中部,,,,,,,https://sakenowa.com/breweries/1061,all_mode,2026-10-09T19:14:59.001224+00:00
1062,鳳鳴酒造,,28,兵庫県,兵庫縣,近畿,,,,,,,https://sakenowa.com/breweries/1062,all_mode,2026-10-09T19:14:59.001330+00:00
1063,安福又四郎商店,,28,兵庫県,兵庫縣,近畿,,,,,,,https://sakenowa.com/breweries/1063,all_mode,2026-10-09T19:14:59.001438+00:00
1064,武重本家酒造,,20,長野県,長野縣,中部,,,,,,,https://sakenowa.com/breweries/1064,all_mode,2026-10-09T19:14:59.001538+00:00
1065,黄金井酒造,,14,神奈川県,神奈川縣,關東,,,,,,,https://sakenowa.com/breweries/1065,all_mode,2026-10-09T19:14:59.001650+00:00
1066,宝酒造 白壁蔵,,28,兵庫県,兵庫縣,近畿,,,,,,,https://sakenowa.com/breweries/1066,all_mode,2026-10-09T19:14:59.001753+00:00
1067,鳴滝酒造,,41,佐賀県,佐賀縣,九州,,,,,,,https://sakenowa.com/breweries/1067,all_mode,2026-10-09T19:14:59.001857+00:00
1068,梅田酒造場,,34,広島県,廣島縣,中國,,,,,,,https://sakenowa.com/breweries/1068,all_mode,2026-10-09T19:14:59.001960+00:00
1069,加茂福酒造,,32,島根県,島根縣,中國,,,,,,,https://sakenowa.com/breweries/1069,all_mode,2026-10-09T19:14:59.002060+00:00
1070,長澤酒造,,11,埼玉県,埼玉縣,關東,,,,,,,https://sakenowa.com/breweries/1070,all_mode,2026-10-09T19:14:59.002175+00:00
1071,熊澤酒造,,14,神奈川県,神奈川縣,關東,,,,,,,https://sakenowa.com/breweries/1071,all_mode,2026-10-09T19:14:59.002279+00:00
1072,堀江酒場,,35,山口県,山口縣,中國,,,,,,,https://sakenowa.com/breweries/1072,all_mode,2026-10-09T19:14:59.002424+00:00
1073,黒松仙醸,,20,長野県,長野縣,中部,,,,,,,https://sakenowa.com/breweries/1073,all_mode,2026-10-09T19:14:59.002525+00:00
1074,九重雑賀K,,30,和歌山県,和歌山縣,近畿,,,,,,,https://sakenowa.com/breweries/1074,all_mode,2026-10-09T19:14:59.002621+00:00
1075,根上酒造店,,22,静岡県,靜岡縣,中部,,,,,,,https://sakenowa.com/breweries/1075,all_mode,2026-10-09T19:14:59.002732+00:00
1076,湯川酒造店,,20,長野県,長野縣,中部,,,,,,,https://sakenowa.com/breweries/1076,all_mode,2026-10-09T19:14:59.002832+00:00
1077,通潤酒造,,43,熊本県,熊本縣,九州,,,,,,,https://sakenowa.com/breweries/1077,all_mode,2026-10-09T19:14:59.002933+00:00
1078,白嶽酒造,,42,長崎県,長崎縣,九州,,,,,,,https://sakenowa.com/breweries/1078,all_mode,2026-10-09T19:14:59.003038+00:00
1079,米澤・小嶋総本店,,6,山形県,山形縣,東北,,,,,,,https://sakenowa.com/breweries/1079,all_mode,2026-10-09T19:14:59.003136+00:00
1080,玉旭酒造,,16,富山県,富山縣,中部,,,,,,,https://sakenowa.com/breweries/1080,all_mode,2026-10-09T19:14:59.003238+00:00
1081,大海酒造,,46,鹿児島県,鹿兒島縣,九州,,,,,,,https://sakenowa.com/breweries/1081,all_mode,2026-10-09T19:14:59.003346+00:00
1082,静岡平喜酒造,,22,静岡県,靜岡縣,中部,,,,,,,https://sakenowa.com/breweries/1082,all_mode,2026-10-09T19:14:59.003447+00:00
1083,清瀧酒造,,11,埼玉県,埼玉縣,關東,,,,,,,https://sakenowa.com/breweries/1083,all_mode,2026-10-09T19:14:59.003555+00:00
1084,金の井酒造,,4,宮城県,宮城縣,東北,,,,,,,https://sakenowa.com/breweries/1084,all_mode,2026-10-09T19:14:59.003657+00:00
1085,後藤酒造場,,24,三重県,三重縣,近畿,,,,,,,https://sakenowa.com/breweries/1085,all_mode,2026-10-09T19:14:59.003760+00:00
1086,吉崎酒造,,12,千葉県,千葉縣,關東,,,,,,,https://sakenowa.com/breweries/1086,all_mode,2026-10-09T19:14:59.003863+00:00
1087,熊野酒造,,26,京都府,京都府,近畿,,,,,,,https://sakenowa.com/breweries/1087,all_mode,2026-10-09T19:14:59.003960+00:00
1088,関乃井酒造,,2,青森県,青森縣,東北,,,,,,,https://sakenowa.com/breweries/1088,all_mode,2026-10-09T19:14:59.004060+00:00
1090,有薫酒造,,40,福岡県,福岡縣,九州,,,,,,,https://sakenowa.com/breweries/1090,all_mode,2026-10-09T19:14:59.004182+00:00
1091,宮武酒造,,37,香川県,香川縣,四國,,,,,,,https://sakenowa.com/breweries/1091,all_mode,2026-10-09T19:14:59.004278+00:00
1092,西海酒造,,28,兵庫県,兵庫縣,近畿,,,,,,,https://sakenowa.com/breweries/1092,all_mode,2026-10-09T19:14:59.004384+00:00
1093,奥藤商事,,28,兵庫県,兵庫縣,近畿,,,,,,,https://sakenowa.com/breweries/1093,all_mode,2026-10-09T19:14:59.004483+00:00
1094,久保田酒造,,34,広島県,廣島縣,中國,,,,,,,https://sakenowa.com/breweries/1094,all_mode,2026-10-09T19:14:59.004584+00:00
1095,島田酒造,,38,愛媛県,愛媛縣,四國,,,,,,,https://sakenowa.com/breweries/1095,all_mode,2026-10-09T19:14:59.004685+00:00
1096,寒梅酒造,,4,宮城県,宮城縣,東北,,,,,,,https://sakenowa.com/breweries/1096,all_mode,2026-10-09T19:14:59.004785+00:00
1097,米島酒造,,47,沖縄県,沖繩縣,沖繩,,,,,,,https://sakenowa.com/breweries/1097,all_mode,2026-10-09T19:14:59.004898+00:00
1098,朝日川酒造,,6,山形県,山形縣,東北,,,,,,,https://sakenowa.com/breweries/1098,all_mode,2026-10-09T19:14:59.004994+00:00
1099,千代の園酒造,,43,熊本県,熊本縣,九州,,,,,,,https://sakenowa.com/breweries/1099,all_mode,2026-10-09T19:14:59.005091+00:00
1100,小林酒造本店,,40,福岡県,福岡縣,九州,,,,,,,https://sakenowa.com/breweries/1100,all_mode,2026-10-09T19:14:59.005201+00:00
1101,桜顔酒造,,3,岩手県,岩手縣,東北,,,,,,,https://sakenowa.com/breweries/1101,all_mode,2026-10-09T19:14:59.005304+00:00
1102,日本海酒造,,32,島根県,島根縣,中國,,,,,,,https://sakenowa.com/breweries/1102,all_mode,2026-10-09T19:14:59.005436+00:00
1103,比婆美人酒造,,34,広島県,廣島縣,中國,,,,,,,https://sakenowa.com/breweries/1103,all_mode,2026-10-09T19:14:59.005541+00:00
1104,キング醸造,,28,兵庫県,兵庫縣,近畿,,,,,,,https://sakenowa.com/breweries/1104,all_mode,2026-10-09T19:14:59.005640+00:00
1105,岡部,,8,茨城県,茨城縣,關東,,,,,,,https://sakenowa.com/breweries/1105,all_mode,2026-10-09T19:14:59.005741+00:00
1106,酒持田本店,,32,島根県,島根縣,中國,,,,,,,https://sakenowa.com/breweries/1106,all_mode,2026-10-09T19:14:59.005842+00:00
1107,太冠酒造,,19,山梨県,山梨縣,中部,,,,,,,https://sakenowa.com/breweries/1107,all_mode,2026-10-09T19:14:59.005942+00:00
1108,江原酒造本店,,31,鳥取県,鳥取縣,中國,,,,,,,https://sakenowa.com/breweries/1108,all_mode,2026-10-09T19:14:59.006037+00:00
1109,天寶一,,34,広島県,廣島縣,中國,,,,,,,https://sakenowa.com/breweries/1109,all_mode,2026-10-09T19:14:59.006138+00:00
1110,はつもみぢ,,35,山口県,山口縣,中國,,,,,,,https://sakenowa.com/breweries/1110,all_mode,2026-10-09T19:14:59.006233+00:00
1111,松屋酒造,,10,群馬県,群馬縣,關東,,,,,,,https://sakenowa.com/breweries/1111,all_mode,2026-10-09T19:14:59.006333+00:00
1112,泰石酒造,,47,沖縄県,沖繩縣,沖繩,,,,,,,https://sakenowa.com/breweries/1112,all_mode,2026-10-09T19:14:59.006444+00:00
1113,日本清酒,,1,北海道,北海道,北海道,,,,,,,https://sakenowa.com/breweries/1113,all_mode,2026-10-09T19:14:59.006543+00:00
1114,釜屋,,11,埼玉県,埼玉縣,關東,,,,,,,https://sakenowa.com/breweries/1114,all_mode,2026-10-09T19:14:59.006653+00:00
1115,難波酒造,,33,岡山県,岡山縣,中國,,,,,,,https://sakenowa.com/breweries/1115,all_mode,2026-10-09T19:14:59.006753+00:00
1116,麗人酒造,,20,長野県,長野縣,中部,,,,,,,https://sakenowa.com/breweries/1116,all_mode,2026-10-09T19:14:59.006856+00:00
1117,高天酒造,,20,長野県,長野縣,中部,,,,,,,https://sakenowa.com/breweries/1117,all_mode,2026-10-09T19:14:59.006960+00:00
1118,桝一市村酒造場,,20,長野県,長野縣,中部,,,,,,,https://sakenowa.com/breweries/1118,all_mode,2026-10-09T19:14:59.007062+00:00
1119,わしの尾,,3,岩手県,岩手縣,東北,,,,,,,https://sakenowa.com/breweries/1119,all_mode,2026-10-09T19:14:59.007169+00:00
1120,木内醸造,,20,長野県,長野縣,中部,,,,,,,https://sakenowa.com/breweries/1120,all_mode,2026-10-09T19:14:59.007276+00:00
1121,南陽醸造,,11,埼玉県,埼玉縣,關東,,,,,,,https://sakenowa.com/breweries/1121,all_mode,2026-10-09T19:14:59.007385+00:00
1122,矢尾本店,,11,埼玉県,埼玉縣,關東,,,,,,,https://sakenowa.com/breweries/1122,all_mode,2026-10-09T19:14:59.007494+00:00
1123,玉村本店,,20,長野県,長野縣,中部,,,,,,,https://sakenowa.com/breweries/1123,all_mode,2026-10-09T19:14:59.007609+00:00
1125,井上酒造,,14,神奈川県,神奈川縣,關東,,,,,,,https://sakenowa.com/breweries/1125,all_mode,2026-10-09T19:14:59.007715+00:00
1126,月の井酒造店,,8,茨城県,茨城縣,關東,,,,,,,https://sakenowa.com/breweries/1126,all_mode,2026-10-09T19:14:59.007817+00:00
1127,源平酒造,,18,福井県,福井縣,中部,,,,,,,https://sakenowa.com/breweries/1127,all_mode,2026-10-09T19:14:59.007933+00:00
1128,吉の川酒造店,,7,福島県,福島縣,東北,,,,,,,https://sakenowa.com/breweries/1128,all_mode,2026-10-09T19:14:59.008033+00:00
1129,長谷川酒造,,15,新潟県,新潟縣,中部,,,,,,,https://sakenowa.com/breweries/1129,all_mode,2026-10-09T19:14:59.008140+00:00
1130,落酒造場,,33,岡山県,岡山縣,中國,,,,,,,https://sakenowa.com/breweries/1130,all_mode,2026-10-09T19:14:59.008245+00:00
1131,酒田醗酵,,6,山形県,山形縣,東北,,,,,,,https://sakenowa.com/breweries/1131,all_mode,2026-10-09T19:14:59.008353+00:00
1132,榎酒造,,34,広島県,廣島縣,中國,,,,,,,https://sakenowa.com/breweries/1132,all_mode,2026-10-09T19:14:59.008451+00:00
1133,太田酒造,,25,滋賀県,滋賀縣,近畿,,,,,,,https://sakenowa.com/breweries/1133,all_mode,2026-10-09T19:14:59.008554+00:00
1134,小原酒造,,7,福島県,福島縣,東北,,,,,,,https://sakenowa.com/breweries/1134,all_mode,2026-10-09T19:14:59.008657+00:00
1135,磐乃井酒造,,3,岩手県,岩手縣,東北,,,,,,,https://sakenowa.com/breweries/1135,all_mode,2026-10-09T19:14:59.008758+00:00
1136,船木酒造,,24,三重県,三重縣,近畿,,,,,,,https://sakenowa.com/breweries/1136,all_mode,2026-10-09T19:14:59.008866+00:00
1137,四家酒造店,,7,福島県,福島縣,東北,,,,,,,https://sakenowa.com/breweries/1137,all_mode,2026-10-09T19:14:59.008963+00:00
1138,賀茂輝酒造,,34,広島県,廣島縣,中國,,,,,,,https://sakenowa.com/breweries/1138,all_mode,2026-10-09T19:14:59.009063+00:00
1139,羽田酒造,,26,京都府,京都府,近畿,,,,,,,https://sakenowa.com/breweries/1139,all_mode,2026-10-09T19:14:59.009162+00:00
1140,花の香酒造,,43,熊本県,熊本縣,九州,,,,,,,https://sakenowa.com/breweries/1140,all_mode,2026-10-09T19:14:59.009269+00:00
1141,村祐酒造,,15,新潟県,新潟縣,中部,,,,,,,https://sakenowa.com/breweries/1141,all_mode,2026-10-09T19:14:59.009384+00:00
1142,小澤酒造場,,13,東京都,東京都,關東,,,,,,,https://sakenowa.com/breweries/1142,all_mode,2026-10-09T19:14:59.009494+00:00
1143,亀の井酒造,,44,大分県,大分縣,九州,,,,,,,https://sakenowa.com/breweries/1143,all_mode,2026-10-09T19:14:59.009598+00:00
1144,吉川醸造,,14,神奈川県,神奈川縣,關東,,,,,,,https://sakenowa.com/breweries/1144,all_mode,2026-10-09T19:14:59.009699+00:00
1145,千曲錦酒造,,20,長野県,長野縣,中部,,,,,,,https://sakenowa.com/breweries/1145,all_mode,2026-10-09T19:14:59.009809+00:00
1146,西條鶴醸造,,34,広島県,廣島縣,中國,,,,,,,https://sakenowa.com/breweries/1146,all_mode,2026-10-09T19:14:59.009920+00:00
1148,菊姫,,16,富山県,富山縣,中部,,,,,,,https://sakenowa.com/breweries/1148,all_mode,2026-10-09T19:14:59.010031+00:00
1149,菊姫酒造,,16,富山県,富山縣,中部,,,,,,,https://sakenowa.com/breweries/1149,all_mode,2026-10-09T19:14:59.010127+00:00
1150,田中酒造場,,33,岡山県,岡山縣,中國,,,,,,,https://sakenowa.com/breweries/1150,all_mode,2026-10-09T19:14:59.010222+00:00
1151,福乃友酒造,,5,秋田県,秋田縣,東北,,,,,,,https://sakenowa.com/breweries/1151,all_mode,2026-10-09T19:14:59.010321+00:00
1152,天領盃酒造,,15,新潟県,新潟縣,中部,,,,,,,https://sakenowa.com/breweries/1152,all_mode,2026-10-09T19:14:59.010428+00:00
1153,金水晶酒造店,,7,福島県,福島縣,東北,,,,,,,https://sakenowa.com/breweries/1153,all_mode,2026-10-09T19:14:59.010535+00:00
1154,二木酒造,,21,岐阜県,岐阜縣,中部,,,,,,,https://sakenowa.com/breweries/1154,all_mode,2026-10-09T19:14:59.010638+00:00
1155,茨木酒造,,28,兵庫県,兵庫縣,近畿,,,,,,,https://sakenowa.com/breweries/1155,all_mode,2026-10-09T19:14:59.010736+00:00
1156,井澤本家,,28,兵庫県,兵庫縣,近畿,,,,,,,https://sakenowa.com/breweries/1156,all_mode,2026-10-09T19:14:59.010836+00:00
1157,比翼鶴酒造,,40,福岡県,福岡縣,九州,,,,,,,https://sakenowa.com/breweries/1157,all_mode,2026-10-09T19:14:59.010933+00:00
1158,大賀酒造,,40,福岡県,福岡縣,九州,,,,,,,https://sakenowa.com/breweries/1158,all_mode,2026-10-09T19:14:59.011036+00:00
1159,白木恒助商店,,21,岐阜県,岐阜縣,中部,,,,,,,https://sakenowa.com/breweries/1159,all_mode,2026-10-09T19:14:59.011147+00:00
1160,野口酒造店,,13,東京都,東京都,關東,,,,,,,https://sakenowa.com/breweries/1160,all_mode,2026-10-09T19:14:59.011252+00:00
1161,吉久保酒造,,8,茨城県,茨城縣,關東,,,,,,,https://sakenowa.com/breweries/1161,all_mode,2026-10-09T19:14:59.011357+00:00
1162,平田酒造,,21,岐阜県,岐阜縣,中部,,,,,,,https://sakenowa.com/breweries/1162,all_mode,2026-10-09T19:14:59.011467+00:00
1163,丸本酒造,,33,岡山県,岡山縣,中國,,,,,,,https://sakenowa.com/breweries/1163,all_mode,2026-10-09T19:14:59.011566+00:00
1164,黒澤酒造,,20,長野県,長野縣,中部,,,,,,,https://sakenowa.com/breweries/1164,all_mode,2026-10-09T19:14:59.011675+00:00
1165,林酒造場,,15,新潟県,新潟縣,中部,,,,,,,https://sakenowa.com/breweries/1165,all_mode,2026-10-09T19:14:59.011792+00:00
1167,近藤酒造,,15,新潟県,新潟縣,中部,,,,,,,https://sakenowa.com/breweries/1167,all_mode,2026-10-09T19:14:59.011891+00:00
1168,せんきん,,9,栃木県,栃木縣,關東,,,,,,,https://sakenowa.com/breweries/1168,all_mode,2026-10-09T19:14:59.011994+00:00
1169,中井酒造,,31,鳥取県,鳥取縣,中國,,,,,,,https://sakenowa.com/breweries/1169,all_mode,2026-10-09T19:14:59.012124+00:00
1170,清水酒造,,11,埼玉県,埼玉縣,關東,,,,,,,https://sakenowa.com/breweries/1170,all_mode,2026-10-09T19:14:59.012225+00:00
1171,新良酒造,,24,三重県,三重縣,近畿,,,,,,,https://sakenowa.com/breweries/1171,all_mode,2026-10-09T19:14:59.012325+00:00
1172,美少年,,43,熊本県,熊本縣,九州,,,,,,,https://sakenowa.com/breweries/1172,all_mode,2026-10-09T19:14:59.012431+00:00
1173,千代の亀酒造,,38,愛媛県,愛媛縣,四國,,,,,,,https://sakenowa.com/breweries/1173,all_mode,2026-10-09T19:14:59.012528+00:00
1174,民宿とおの,,3,岩手県,岩手縣,東北,,,,,,,https://sakenowa.com/breweries/1174,all_mode,2026-10-09T19:14:59.012632+00:00
1175,浜田,,6,山形県,山形縣,東北,,,,,,,https://sakenowa.com/breweries/1175,all_mode,2026-10-09T19:14:59.012737+00:00
1176,中田酒造（廃業済）,,33,岡山県,岡山縣,中國,,,,,,,https://sakenowa.com/breweries/1176,all_mode,2026-10-09T19:14:59.012835+00:00
1177,中和商店,,36,徳島県,德島縣,四國,,,,,,,https://sakenowa.com/breweries/1177,all_mode,2026-10-09T19:14:59.012933+00:00
1178,福司酒造,,1,北海道,北海道,北海道,,,,,,,https://sakenowa.com/breweries/1178,all_mode,2026-10-09T19:14:59.013038+00:00
1179,髙德銘醸,,28,兵庫県,兵庫縣,近畿,,,,,,,https://sakenowa.com/breweries/1179,all_mode,2026-10-09T19:14:59.013139+00:00
1180,門傳醸造,,4,宮城県,宮城縣,東北,,,,,,,https://sakenowa.com/breweries/1180,all_mode,2026-10-09T19:14:59.013239+00:00
1181,石井酒造,,11,埼玉県,埼玉縣,關東,,,,,,,https://sakenowa.com/breweries/1181,all_mode,2026-10-09T19:14:59.013349+00:00
1182,三河屋商店,,14,神奈川県,神奈川縣,關東,,,,,,,https://sakenowa.com/breweries/1182,all_mode,2026-10-09T19:14:59.013459+00:00
1183,守屋酒造,,12,千葉県,千葉縣,關東,,,,,,,https://sakenowa.com/breweries/1183,all_mode,2026-10-09T19:14:59.013554+00:00
1184,桜うづまき酒造,,38,愛媛県,愛媛縣,四國,,,,,,,https://sakenowa.com/breweries/1184,all_mode,2026-10-09T19:14:59.013652+00:00
1185,吉田酒造,,27,大阪府,大阪府,近畿,,,,,,,https://sakenowa.com/breweries/1185,all_mode,2026-10-09T19:14:59.013753+00:00
1187,戸塚酒造,,20,長野県,長野縣,中部,,,,,,,https://sakenowa.com/breweries/1187,all_mode,2026-10-09T19:14:59.013850+00:00
1188,鳴海醸造店,,2,青森県,青森縣,東北,,,,,,,https://sakenowa.com/breweries/1188,all_mode,2026-10-09T19:14:59.013951+00:00
1189,中尾酒造,,27,大阪府,大阪府,近畿,,,,,,,https://sakenowa.com/breweries/1189,all_mode,2026-10-09T19:14:59.014059+00:00
1191,大山甚七商店 宮ケ浜蒸留所,,46,鹿児島県,鹿兒島縣,九州,,,,,,,https://sakenowa.com/breweries/1191,all_mode,2026-10-09T19:14:59.014157+00:00
1192,松岡醸造,,11,埼玉県,埼玉縣,關東,,,,,,,https://sakenowa.com/breweries/1192,all_mode,2026-10-09T19:14:59.014262+00:00
1193,高橋助作酒造店,,20,長野県,長野縣,中部,,,,,,,https://sakenowa.com/breweries/1193,all_mode,2026-10-09T19:14:59.014373+00:00
1195,中島酒造店,,17,石川県,石川縣,中部,,,,,,,https://sakenowa.com/breweries/1195,all_mode,2026-10-09T19:14:59.014477+00:00
1196,白杉酒造,,26,京都府,京都府,近畿,,,,,,,https://sakenowa.com/breweries/1196,all_mode,2026-10-09T19:14:59.014572+00:00
1197,上越酒造,,15,新潟県,新潟縣,中部,,,,,,,https://sakenowa.com/breweries/1197,all_mode,2026-10-09T19:14:59.014678+00:00
1198,長老酒造,,26,京都府,京都府,近畿,,,,,,,https://sakenowa.com/breweries/1198,all_mode,2026-10-09T19:14:59.014776+00:00
1199,渡邊佐平商店,,9,栃木県,栃木縣,關東,,,,,,,https://sakenowa.com/breweries/1199,all_mode,2026-10-09T19:14:59.014873+00:00
1200,井賀屋酒造場,,20,長野県,長野縣,中部,,,,,,,https://sakenowa.com/breweries/1200,all_mode,2026-10-09T19:14:59.014975+00:00
1202,香坂酒造,,6,山形県,山形縣,東北,,,,,,,https://sakenowa.com/breweries/1202,all_mode,2026-10-09T19:14:59.015076+00:00
1204,西出酒造,,17,石川県,石川縣,中部,,,,,,,https://sakenowa.com/breweries/1204,all_mode,2026-10-09T19:14:59.015179+00:00
1205,オガタマ酒造,,40,福岡県,福岡縣,九州,,,,,,,https://sakenowa.com/breweries/1205,all_mode,2026-10-09T19:14:59.015288+00:00
1206,岡崎酒造,,35,山口県,山口縣,中國,,,,,,,https://sakenowa.com/breweries/1206,all_mode,2026-10-09T19:14:59.015401+00:00
1207,加茂川酒造,,6,山形県,山形縣,東北,,,,,,,https://sakenowa.com/breweries/1207,all_mode,2026-10-09T19:14:59.015501+00:00
1208,井手酒造,,41,佐賀県,佐賀縣,九州,,,,,,,https://sakenowa.com/breweries/1208,all_mode,2026-10-09T19:14:59.015598+00:00
1209,亀田屋酒造店,,20,長野県,長野縣,中部,,,,,,,https://sakenowa.com/breweries/1209,all_mode,2026-10-09T19:14:59.015696+00:00
1210,岩波酒造,,20,長野県,長野縣,中部,,,,,,,https://sakenowa.com/breweries/1210,all_mode,2026-10-09T19:14:59.015796+00:00
1211,藤本酒造,,25,滋賀県,滋賀縣,近畿,,,,,,,https://sakenowa.com/breweries/1211,all_mode,2026-10-09T19:14:59.015895+00:00
1212,本金,,20,長野県,長野縣,中部,,,,,,,https://sakenowa.com/breweries/1212,all_mode,2026-10-09T19:14:59.016005+00:00
1213,若駒酒造場,,16,富山県,富山縣,中部,,,,,,,https://sakenowa.com/breweries/1213,all_mode,2026-10-09T19:14:59.016106+00:00
1215,橋平酒造店,,4,宮城県,宮城縣,東北,,,,,,,https://sakenowa.com/breweries/1215,all_mode,2026-10-09T19:14:59.016202+00:00
1217,愛友酒造,,8,茨城県,茨城縣,關東,,,,,,,https://sakenowa.com/breweries/1217,all_mode,2026-10-09T19:14:59.016306+00:00
1218,亀田酒造,,12,千葉県,千葉縣,關東,,,,,,,https://sakenowa.com/breweries/1218,all_mode,2026-10-09T19:14:59.016414+00:00
1219,内ヶ崎酒造店,,4,宮城県,宮城縣,東北,,,,,,,https://sakenowa.com/breweries/1219,all_mode,2026-10-09T19:14:59.016515+00:00
1220,北関酒造,,9,栃木県,栃木縣,關東,,,,,,,https://sakenowa.com/breweries/1220,all_mode,2026-10-09T19:14:59.016621+00:00
1221,元帥酒造,,31,鳥取県,鳥取縣,中國,,,,,,,https://sakenowa.com/breweries/1221,all_mode,2026-10-09T19:14:59.016734+00:00
1223,東灘醸造,,12,千葉県,千葉縣,關東,,,,,,,https://sakenowa.com/breweries/1223,all_mode,2026-10-09T19:14:59.016835+00:00
1224,狩場一酒造,,28,兵庫県,兵庫縣,近畿,,,,,,,https://sakenowa.com/breweries/1224,all_mode,2026-10-09T19:14:59.016940+00:00
1225,栄光冨士,,6,山形県,山形縣,東北,,,,,,,https://sakenowa.com/breweries/1225,all_mode,2026-10-09T19:14:59.017039+00:00
1226,筑紫の誉,,40,福岡県,福岡縣,九州,,,,,,,https://sakenowa.com/breweries/1226,all_mode,2026-10-09T19:14:59.017139+00:00
1227,野村醸造,,8,茨城県,茨城縣,關東,,,,,,,https://sakenowa.com/breweries/1227,all_mode,2026-10-09T19:14:59.017241+00:00
1228,岡村酒造場,,28,兵庫県,兵庫縣,近畿,,,,,,,https://sakenowa.com/breweries/1228,all_mode,2026-10-09T19:14:59.017348+00:00
1230,久米桜酒造,,31,鳥取県,鳥取縣,中國,,,,,,,https://sakenowa.com/breweries/1230,all_mode,2026-10-09T19:14:59.017447+00:00
1231,久米仙酒造,,47,沖縄県,沖繩縣,沖繩,,,,,,,https://sakenowa.com/breweries/1231,all_mode,2026-10-09T19:14:59.017550+00:00
1232,西沢藤平商店,,25,滋賀県,滋賀縣,近畿,,,,,,,https://sakenowa.com/breweries/1232,all_mode,2026-10-09T19:14:59.017650+00:00
1234,浜松酒造,,22,静岡県,靜岡縣,中部,,,,,,,https://sakenowa.com/breweries/1234,all_mode,2026-10-09T19:14:59.017751+00:00
1235,幡随院長兵衛,,41,佐賀県,佐賀縣,九州,,,,,,,https://sakenowa.com/breweries/1235,all_mode,2026-10-09T19:14:59.017856+00:00
1236,川辺酒造,,28,兵庫県,兵庫縣,近畿,,,,,,,https://sakenowa.com/breweries/1236,all_mode,2026-10-09T19:14:59.017957+00:00
1237,佐藤酒造,,25,滋賀県,滋賀縣,近畿,,,,,,,https://sakenowa.com/breweries/1237,all_mode,2026-10-09T19:14:59.018061+00:00
1238,神の井酒造,,23,愛知県,愛知縣,中部,,,,,,,https://sakenowa.com/breweries/1238,all_mode,2026-10-09T19:14:59.018175+00:00
1239,弥彦酒造,,15,新潟県,新潟縣,中部,,,,,,,https://sakenowa.com/breweries/1239,all_mode,2026-10-09T19:14:59.018273+00:00
1240,石州酒造,,32,島根県,島根縣,中國,,,,,,,https://sakenowa.com/breweries/1240,all_mode,2026-10-09T19:14:59.018390+00:00
1241,華泉酒造,,32,島根県,島根縣,中國,,,,,,,https://sakenowa.com/breweries/1241,all_mode,2026-10-09T19:14:59.018488+00:00
1242,小布施ワイナリー,,20,長野県,長野縣,中部,,,,,,,https://sakenowa.com/breweries/1242,all_mode,2026-10-09T19:14:59.018594+00:00
1243,伊東酒造,,20,長野県,長野縣,中部,,,,,,,https://sakenowa.com/breweries/1243,all_mode,2026-10-09T19:14:59.018694+00:00
1244,簸上酒造,,32,島根県,島根縣,中國,,,,,,,https://sakenowa.com/breweries/1244,all_mode,2026-10-09T19:14:59.018795+00:00
1245,藤村酒造,,29,奈良県,奈良縣,近畿,,,,,,,https://sakenowa.com/breweries/1245,all_mode,2026-10-09T19:14:59.018900+00:00
1246,此の友酒造,,28,兵庫県,兵庫縣,近畿,,,,,,,https://sakenowa.com/breweries/1246,all_mode,2026-10-09T19:14:59.019000+00:00
1247,香佳鶴,,28,兵庫県,兵庫縣,近畿,,,,,,,https://sakenowa.com/breweries/1247,all_mode,2026-10-09T19:14:59.019110+00:00
1248,山清酒造,,20,長野県,長野縣,中部,,,,,,,https://sakenowa.com/breweries/1248,all_mode,2026-10-09T19:14:59.019209+00:00
1249,天野酒,,27,大阪府,大阪府,近畿,,,,,,,https://sakenowa.com/breweries/1249,all_mode,2026-10-09T19:14:59.019305+00:00
1250,浜地酒造,,40,福岡県,福岡縣,九州,,,,,,,https://sakenowa.com/breweries/1250,all_mode,2026-10-09T19:14:59.019414+00:00
1251,千年乃松,,40,福岡県,福岡縣,九州,,,,,,,https://sakenowa.com/breweries/1251,all_mode,2026-10-09T19:14:59.019514+00:00
1252,鶴野酒造店,,17,石川県,石川縣,中部,,,,,,,https://sakenowa.com/breweries/1252,all_mode,2026-10-09T19:14:59.019611+00:00
1253,小山本家酒造 灘浜福鶴蔵,,28,兵庫県,兵庫縣,近畿,,,,,,,https://sakenowa.com/breweries/1253,all_mode,2026-10-09T19:14:59.019712+00:00
1254,鷹正宗,,40,福岡県,福岡縣,九州,,,,,,,https://sakenowa.com/breweries/1254,all_mode,2026-10-09T19:14:59.019815+00:00
1255,富川酒造店,,9,栃木県,栃木縣,關東,,,,,,,https://sakenowa.com/breweries/1255,all_mode,2026-10-09T19:14:59.019914+00:00
1256,若葉,,21,岐阜県,岐阜縣,中部,,,,,,,https://sakenowa.com/breweries/1256,all_mode,2026-10-09T19:14:59.020026+00:00
1257,水谷酒造,,23,愛知県,愛知縣,中部,,,,,,,https://sakenowa.com/breweries/1257,all_mode,2026-10-09T19:14:59.020131+00:00
1258,東薫酒造,,12,千葉県,千葉縣,關東,,,,,,,https://sakenowa.com/breweries/1258,all_mode,2026-10-09T19:14:59.020232+00:00
1259,若乃井酒造,,6,山形県,山形縣,東北,,,,,,,https://sakenowa.com/breweries/1259,all_mode,2026-10-09T19:14:59.020331+00:00
1260,亀萬酒造,,43,熊本県,熊本縣,九州,,,,,,,https://sakenowa.com/breweries/1260,all_mode,2026-10-09T19:14:59.020440+00:00
1261,中垣酒造,,23,愛知県,愛知縣,中部,,,,,,,https://sakenowa.com/breweries/1261,all_mode,2026-10-09T19:14:59.020548+00:00
1262,稲見酒造,,28,兵庫県,兵庫縣,近畿,,,,,,,https://sakenowa.com/breweries/1262,all_mode,2026-10-09T19:14:59.020649+00:00
1263,丹山酒造,,26,京都府,京都府,近畿,,,,,,,https://sakenowa.com/breweries/1263,all_mode,2026-10-09T19:14:59.020748+00:00
1264,八町坂酒造場,,45,宮崎県,宮崎縣,九州,,,,,,,https://sakenowa.com/breweries/1264,all_mode,2026-10-09T19:14:59.020850+00:00
1265,井出醸造店,,19,山梨県,山梨縣,中部,,,,,,,https://sakenowa.com/breweries/1265,all_mode,2026-10-09T19:14:59.020949+00:00
1266,丸山酒造,,11,埼玉県,埼玉縣,關東,,,,,,,https://sakenowa.com/breweries/1266,all_mode,2026-10-09T19:14:59.021053+00:00
1267,阿部酒造,,15,新潟県,新潟縣,中部,,,,,,,https://sakenowa.com/breweries/1267,all_mode,2026-10-09T19:14:59.021152+00:00
1268,山本本家,,26,京都府,京都府,近畿,,,,,,,https://sakenowa.com/breweries/1268,all_mode,2026-10-09T19:14:59.021255+00:00
1269,岡山ZARU,,33,岡山県,岡山縣,中國,,,,,,,https://sakenowa.com/breweries/1269,all_mode,2026-10-09T19:14:59.021361+00:00
1270,鳳鸞酒造,,9,栃木県,栃木縣,關東,,,,,,,https://sakenowa.com/breweries/1270,all_mode,2026-10-09T19:14:59.021459+00:00
1271,赤名酒造,,32,島根県,島根縣,中國,,,,,,,https://sakenowa.com/breweries/1271,all_mode,2026-10-09T19:14:59.021559+00:00
1272,Yamagata Honten,,35,山口県,山口縣,中國,,,,,,,https://sakenowa.com/breweries/1272,all_mode,2026-10-09T19:14:59.021657+00:00
1273,青木酒造,,23,愛知県,愛知縣,中部,,,,,,,https://sakenowa.com/breweries/1273,all_mode,2026-10-09T19:14:59.021760+00:00
1274,八木酒造,,29,奈良県,奈良縣,近畿,,,,,,,https://sakenowa.com/breweries/1274,all_mode,2026-10-09T19:14:59.021866+00:00
1276,隠岐酒造,,32,島根県,島根縣,中國,,,,,,,https://sakenowa.com/breweries/1276,all_mode,2026-10-09T19:14:59.021961+00:00
1277,三原村（どぶろく特区）,,39,高知県,高知縣,四國,,,,,,,https://sakenowa.com/breweries/1277,all_mode,2026-10-09T19:14:59.022069+00:00
1278,玉柏,,21,岐阜県,岐阜縣,中部,,,,,,,https://sakenowa.com/breweries/1278,all_mode,2026-10-09T19:14:59.022169+00:00
1279,君の井酒造,,15,新潟県,新潟縣,中部,,,,,,,https://sakenowa.com/breweries/1279,all_mode,2026-10-09T19:14:59.022264+00:00
1280,杉原酒造,,21,岐阜県,岐阜縣,中部,,,,,,,https://sakenowa.com/breweries/1280,all_mode,2026-10-09T19:14:59.022377+00:00
1281,晴雲酒造,,11,埼玉県,埼玉縣,關東,,,,,,,https://sakenowa.com/breweries/1281,all_mode,2026-10-09T19:14:59.022496+00:00
1282,大石酒造,,26,京都府,京都府,近畿,,,,,,,https://sakenowa.com/breweries/1282,all_mode,2026-10-09T19:14:59.022596+00:00
1283,麓井酒造,,6,山形県,山形縣,東北,,,,,,,https://sakenowa.com/breweries/1283,all_mode,2026-10-09T19:14:59.022695+00:00
1284,相良酒造,,9,栃木県,栃木縣,關東,,,,,,,https://sakenowa.com/breweries/1284,all_mode,2026-10-09T19:14:59.022791+00:00
1285,山城屋酒造,,35,山口県,山口縣,中國,,,,,,,https://sakenowa.com/breweries/1285,all_mode,2026-10-09T19:14:59.022892+00:00
1286,盛田,,23,愛知県,愛知縣,中部,,,,,,,https://sakenowa.com/breweries/1286,all_mode,2026-10-09T19:14:59.022991+00:00
1287,峰松酒造,,41,佐賀県,佐賀縣,九州,,,,,,,https://sakenowa.com/breweries/1287,all_mode,2026-10-09T19:14:59.023103+00:00
1288,鳥本酒造,,6,山形県,山形縣,東北,,,,,,,https://sakenowa.com/breweries/1288,all_mode,2026-10-09T19:14:59.023204+00:00
1289,澤佐酒造,,24,三重県,三重縣,近畿,,,,,,,https://sakenowa.com/breweries/1289,all_mode,2026-10-09T19:14:59.023299+00:00
1290,長内酒造店みせ,,2,青森県,青森縣,東北,,,,,,,https://sakenowa.com/breweries/1290,all_mode,2026-10-09T19:14:59.023412+00:00
1291,増本藤兵衛酒造,,25,滋賀県,滋賀縣,近畿,,,,,,,https://sakenowa.com/breweries/1291,all_mode,2026-10-09T19:14:59.023509+00:00
1292,桜田酒造,,17,石川県,石川縣,中部,,,,,,,https://sakenowa.com/breweries/1292,all_mode,2026-10-09T19:14:59.023608+00:00
1293,基山商店,,41,佐賀県,佐賀縣,九州,,,,,,,https://sakenowa.com/breweries/1293,all_mode,2026-10-09T19:14:59.023703+00:00
1294,竹浪酒造店,,2,青森県,青森縣,東北,,,,,,,https://sakenowa.com/breweries/1294,all_mode,2026-10-09T19:14:59.023803+00:00
1295,菊美人酒造,,40,福岡県,福岡縣,九州,,,,,,,https://sakenowa.com/breweries/1295,all_mode,2026-10-09T19:14:59.023904+00:00
1296,森本酒造,,22,静岡県,靜岡縣,中部,,,,,,,https://sakenowa.com/breweries/1296,all_mode,2026-10-09T19:14:59.024002+00:00
1297,加茂鶴,,34,広島県,廣島縣,中國,,,,,,,https://sakenowa.com/breweries/1297,all_mode,2026-10-09T19:14:59.024105+00:00
1298,永井本家,,10,群馬県,群馬縣,關東,,,,,,,https://sakenowa.com/breweries/1298,all_mode,2026-10-09T19:14:59.024200+00:00
1299,Tasting-Honke Brewing,,28,兵庫県,兵庫縣,近畿,,,,,,,https://sakenowa.com/breweries/1299,all_mode,2026-10-09T19:14:59.024297+00:00
1300,原本店,,34,広島県,廣島縣,中國,,,,,,,https://sakenowa.com/breweries/1300,all_mode,2026-10-09T19:14:59.024404+00:00
1301,白相酒造,,9,栃木県,栃木縣,關東,,,,,,,https://sakenowa.com/breweries/1301,all_mode,2026-10-09T19:14:59.024507+00:00
1302,山田商店,,34,広島県,廣島縣,中國,,,,,,,https://sakenowa.com/breweries/1302,all_mode,2026-10-09T19:14:59.024605+00:00
1303,渡邉酒造,,9,栃木県,栃木縣,關東,,,,,,,https://sakenowa.com/breweries/1303,all_mode,2026-10-09T19:14:59.024700+00:00
1304,木次酒造,,32,島根県,島根縣,中國,,,,,,,https://sakenowa.com/breweries/1304,all_mode,2026-10-09T19:14:59.024802+00:00
1305,山盛酒造,,23,愛知県,愛知縣,中部,,,,,,,https://sakenowa.com/breweries/1305,all_mode,2026-10-09T19:14:59.024899+00:00
1306,民宿やまかのうや 佐藤泉太,,7,福島県,福島縣,東北,,,,,,,https://sakenowa.com/breweries/1306,all_mode,2026-10-09T19:14:59.024997+00:00
1307,青砥酒造,,32,島根県,島根縣,中國,,,,,,,https://sakenowa.com/breweries/1307,all_mode,2026-10-09T19:14:59.025097+00:00
1308,秋田県醗酵工業,,5,秋田県,秋田縣,東北,,,,,,,https://sakenowa.com/breweries/1308,all_mode,2026-10-09T19:14:59.025201+00:00
1309,伊藤酒造,,24,三重県,三重縣,近畿,,,,,,,https://sakenowa.com/breweries/1309,all_mode,2026-10-09T19:14:59.025296+00:00
1310,土佐酒造,,39,高知県,高知縣,四國,,,,,,,https://sakenowa.com/breweries/1310,all_mode,2026-10-09T19:14:59.025405+00:00
1311,金虎酒造,,23,愛知県,愛知縣,中部,,,,,,,https://sakenowa.com/breweries/1311,all_mode,2026-10-09T19:14:59.025508+00:00
1312,寿々乃井酒造店,,7,福島県,福島縣,東北,,,,,,,https://sakenowa.com/breweries/1312,all_mode,2026-10-09T19:14:59.025606+00:00
1313,中澤酒造,,25,滋賀県,滋賀縣,近畿,,,,,,,https://sakenowa.com/breweries/1313,all_mode,2026-10-09T19:14:59.025716+00:00
1314,橋本酒造場,,24,三重県,三重縣,近畿,,,,,,,https://sakenowa.com/breweries/1314,all_mode,2026-10-09T19:14:59.025823+00:00
1315,富士正酒造,,22,静岡県,靜岡縣,中部,,,,,,,https://sakenowa.com/breweries/1315,all_mode,2026-10-09T19:14:59.025919+00:00
1316,初桜酒造,,30,和歌山県,和歌山縣,近畿,,,,,,,https://sakenowa.com/breweries/1316,all_mode,2026-10-09T19:14:59.026022+00:00
1317,ヌグネ,,0,その他,,,,,,,,,https://sakenowa.com/breweries/1317,all_mode,2026-10-09T19:14:59.026122+00:00
1318,藤娘酒造,,39,高知県,高知縣,四國,,,,,,,https://sakenowa.com/breweries/1318,all_mode,2026-10-09T19:14:59.026221+00:00
1319,木谷酒造,,28,兵庫県,兵庫縣,近畿,,,,,,,https://sakenowa.com/breweries/1319,all_mode,2026-10-09T19:14:59.026319+00:00
1320,平井商店,,25,滋賀県,滋賀縣,近畿,,,,,,,https://sakenowa.com/breweries/1320,all_mode,2026-10-09T19:14:59.026426+00:00
1321,若林醸造,,20,長野県,長野縣,中部,,,,,,,https://sakenowa.com/breweries/1321,all_mode,2026-10-09T19:14:59.026529+00:00
1322,藤井酒造店,,7,福島県,福島縣,東北,,,,,,,https://sakenowa.com/breweries/1322,all_mode,2026-10-09T19:14:59.026634+00:00
1323,佐々木酒造,,3,岩手県,岩手縣,東北,,,,,,,https://sakenowa.com/breweries/1323,all_mode,2026-10-09T19:14:59.026737+00:00
1324,三春酒造,,7,福島県,福島縣,東北,,,,,,,https://sakenowa.com/breweries/1324,all_mode,2026-10-09T19:14:59.026833+00:00
1325,綾菊酒造,,37,香川県,香川縣,四國,,,,,,,https://sakenowa.com/breweries/1325,all_mode,2026-10-09T19:14:59.026935+00:00
1326,大嶺酒造,,35,山口県,山口縣,中國,,,,,,,https://sakenowa.com/breweries/1326,all_mode,2026-10-09T19:14:59.027035+00:00
1327,高知酒造,,39,高知県,高知縣,四國,,,,,,,https://sakenowa.com/breweries/1327,all_mode,2026-10-09T19:14:59.027142+00:00
1328,老松酒造,,28,兵庫県,兵庫縣,近畿,,,,,,,https://sakenowa.com/breweries/1328,all_mode,2026-10-09T19:14:59.027242+00:00
1329,森戸酒造,,9,栃木県,栃木縣,關東,,,,,,,https://sakenowa.com/breweries/1329,all_mode,2026-10-09T19:14:59.027349+00:00
1330,中本酒造店,,29,奈良県,奈良縣,近畿,,,,,,,https://sakenowa.com/breweries/1330,all_mode,2026-10-09T19:14:59.027447+00:00
1331,多賀,,25,滋賀県,滋賀縣,近畿,,,,,,,https://sakenowa.com/breweries/1331,all_mode,2026-10-09T19:14:59.027545+00:00
1332,山田商店,,21,岐阜県,岐阜縣,中部,,,,,,,https://sakenowa.com/breweries/1332,all_mode,2026-10-09T19:14:59.027651+00:00
1333,蔵元やまだ,,21,岐阜県,岐阜縣,中部,,,,,,,https://sakenowa.com/breweries/1333,all_mode,2026-10-09T19:14:59.027745+00:00
1334,西勝酒造,,25,滋賀県,滋賀縣,近畿,,,,,,,https://sakenowa.com/breweries/1334,all_mode,2026-10-09T19:14:59.027842+00:00
1335,英君,,22,静岡県,靜岡縣,中部,,,,,,,https://sakenowa.com/breweries/1335,all_mode,2026-10-09T19:14:59.027936+00:00
1337,金紋秋田酒造,,5,秋田県,秋田縣,東北,,,,,,,https://sakenowa.com/breweries/1337,all_mode,2026-10-09T19:14:59.028031+00:00
1338,川端酒造,,11,埼玉県,埼玉縣,關東,,,,,,,https://sakenowa.com/breweries/1338,all_mode,2026-10-09T19:14:59.028129+00:00
1339,滝沢本店,,12,千葉県,千葉縣,關東,,,,,,,https://sakenowa.com/breweries/1339,all_mode,2026-10-09T19:14:59.028226+00:00
1340,八鹿酒造,,28,兵庫県,兵庫縣,近畿,,,,,,,https://sakenowa.com/breweries/1340,all_mode,2026-10-09T19:14:59.028332+00:00
1341,鴨庄酒造,,28,兵庫県,兵庫縣,近畿,,,,,,,https://sakenowa.com/breweries/1341,all_mode,2026-10-09T19:14:59.028436+00:00
1342,松尾酒造,,28,兵庫県,兵庫縣,近畿,,,,,,,https://sakenowa.com/breweries/1342,all_mode,2026-10-09T19:14:59.028540+00:00
1343,櫻酒造,,28,兵庫県,兵庫縣,近畿,,,,,,,https://sakenowa.com/breweries/1343,all_mode,2026-10-09T19:14:59.028638+00:00
1344,内藤醸造,,23,愛知県,愛知縣,中部,,,,,,,https://sakenowa.com/breweries/1344,all_mode,2026-10-09T19:14:59.028738+00:00
1345,飛龍酒造,,40,福岡県,福岡縣,九州,,,,,,,https://sakenowa.com/breweries/1345,all_mode,2026-10-09T19:14:59.028836+00:00
1346,内木酒造,,11,埼玉県,埼玉縣,關東,,,,,,,https://sakenowa.com/breweries/1346,all_mode,2026-10-09T19:14:59.028934+00:00
1347,神杉酒造,,23,愛知県,愛知縣,中部,,,,,,,https://sakenowa.com/breweries/1347,all_mode,2026-10-09T19:14:59.029031+00:00
1348,Kinotsukasa Shuzou,,30,和歌山県,和歌山縣,近畿,,,,,,,https://sakenowa.com/breweries/1348,all_mode,2026-10-09T19:14:59.029130+00:00
1349,岩村醸造,,21,岐阜県,岐阜縣,中部,,,,,,,https://sakenowa.com/breweries/1349,all_mode,2026-10-09T19:14:59.029228+00:00
1350,窪田酒造,,12,千葉県,千葉縣,關東,,,,,,,https://sakenowa.com/breweries/1350,all_mode,2026-10-09T19:14:59.029329+00:00
1351,岡田屋本店,,32,島根県,島根縣,中國,,,,,,,https://sakenowa.com/breweries/1351,all_mode,2026-10-09T19:14:59.029434+00:00
1352,藤井酒造,,31,鳥取県,鳥取縣,中國,,,,,,,https://sakenowa.com/breweries/1352,all_mode,2026-10-09T19:14:59.029537+00:00
1353,瀬頭酒造,,41,佐賀県,佐賀縣,九州,,,,,,,https://sakenowa.com/breweries/1353,all_mode,2026-10-09T19:14:59.029635+00:00
1354,小手川酒造,,44,大分県,大分縣,九州,,,,,,,https://sakenowa.com/breweries/1354,all_mode,2026-10-09T19:14:59.029735+00:00
1355,サリモスどぶろく製造所,,44,大分県,大分縣,九州,,,,,,,https://sakenowa.com/breweries/1355,all_mode,2026-10-09T19:14:59.029834+00:00
1356,木村酒造,,10,群馬県,群馬縣,關東,,,,,,,https://sakenowa.com/breweries/1356,all_mode,2026-10-09T19:14:59.029979+00:00
1357,田中酒造店,,20,長野県,長野縣,中部,,,,,,,https://sakenowa.com/breweries/1357,all_mode,2026-10-09T19:14:59.030103+00:00
1358,富士錦酒造,,22,静岡県,靜岡縣,中部,,,,,,,https://sakenowa.com/breweries/1358,all_mode,2026-10-09T19:14:59.030206+00:00
1359,佐藤酒造,,5,秋田県,秋田縣,東北,,,,,,,https://sakenowa.com/breweries/1359,all_mode,2026-10-09T19:14:59.030322+00:00
1360,森民酒造,,4,宮城県,宮城縣,東北,,,,,,,https://sakenowa.com/breweries/1360,all_mode,2026-10-09T19:14:59.030438+00:00
1361,千年一酒造,,28,兵庫県,兵庫縣,近畿,,,,,,,https://sakenowa.com/breweries/1361,all_mode,2026-10-09T19:14:59.030539+00:00
1362,山路酒造,,25,滋賀県,滋賀縣,近畿,,,,,,,https://sakenowa.com/breweries/1362,all_mode,2026-10-09T19:14:59.030639+00:00
1363,角口酒造店,,20,長野県,長野縣,中部,,,,,,,https://sakenowa.com/breweries/1363,all_mode,2026-10-09T19:14:59.030737+00:00
1364,大澤本家酒造,,28,兵庫県,兵庫縣,近畿,,,,,,,https://sakenowa.com/breweries/1364,all_mode,2026-10-09T19:14:59.030841+00:00
1365,地酒屋五十嵐酒店,,15,新潟県,新潟縣,中部,,,,,,,https://sakenowa.com/breweries/1365,all_mode,2026-10-09T19:14:59.030939+00:00
1366,石塚酒造,,15,新潟県,新潟縣,中部,,,,,,,https://sakenowa.com/breweries/1366,all_mode,2026-10-09T19:14:59.031038+00:00
1367,山田酒造,,23,愛知県,愛知縣,中部,,,,,,,https://sakenowa.com/breweries/1367,all_mode,2026-10-09T19:14:59.031134+00:00
1368,東の麓酒造,,6,山形県,山形縣,東北,,,,,,,https://sakenowa.com/breweries/1368,all_mode,2026-10-09T19:14:59.031232+00:00
1369,和饗酒造,,20,長野県,長野縣,中部,,,,,,,https://sakenowa.com/breweries/1369,all_mode,2026-10-09T19:14:59.031351+00:00
1370,山口,,7,福島県,福島縣,東北,,,,,,,https://sakenowa.com/breweries/1370,all_mode,2026-10-09T19:14:59.031461+00:00
1371,大坪酒造,,21,岐阜県,岐阜縣,中部,,,,,,,https://sakenowa.com/breweries/1371,all_mode,2026-10-09T19:14:59.031562+00:00
1372,高橋酒造場,,3,岩手県,岩手縣,東北,,,,,,,https://sakenowa.com/breweries/1372,all_mode,2026-10-09T19:14:59.031664+00:00
1373,山ニわたなべ,,1,北海道,北海道,北海道,,,,,,,https://sakenowa.com/breweries/1373,all_mode,2026-10-09T19:14:59.031759+00:00
1374,山岡酒造,,25,滋賀県,滋賀縣,近畿,,,,,,,https://sakenowa.com/breweries/1374,all_mode,2026-10-09T19:14:59.031857+00:00
1375,山中酒造,,22,静岡県,靜岡縣,中部,,,,,,,https://sakenowa.com/breweries/1375,all_mode,2026-10-09T19:14:59.031955+00:00
1376,はざま酒造,,21,岐阜県,岐阜縣,中部,,,,,,,https://sakenowa.com/breweries/1376,all_mode,2026-10-09T19:14:59.032054+00:00
1377,藤居本家,,25,滋賀県,滋賀縣,近畿,,,,,,,https://sakenowa.com/breweries/1377,all_mode,2026-10-09T19:14:59.032155+00:00
1378,山陽鶴酒造,,34,広島県,廣島縣,中國,,,,,,,https://sakenowa.com/breweries/1378,all_mode,2026-10-09T19:14:59.032256+00:00
1380,灘菊酒造,,28,兵庫県,兵庫縣,近畿,,,,,,,https://sakenowa.com/breweries/1380,all_mode,2026-10-09T19:14:59.032380+00:00
1381,清水屋酒造,,10,群馬県,群馬縣,關東,,,,,,,https://sakenowa.com/breweries/1381,all_mode,2026-10-09T19:14:59.032479+00:00
1382,上田酒造,,29,奈良県,奈良縣,近畿,,,,,,,https://sakenowa.com/breweries/1382,all_mode,2026-10-09T19:14:59.032580+00:00
1383,松山酒造,,6,山形県,山形縣,東北,,,,,,,https://sakenowa.com/breweries/1383,all_mode,2026-10-09T19:14:59.032683+00:00
1384,ひらしま酒店,,40,福岡県,福岡縣,九州,,,,,,,https://sakenowa.com/breweries/1384,all_mode,2026-10-09T19:14:59.032778+00:00
1386,平野醸造,,21,岐阜県,岐阜縣,中部,,,,,,,https://sakenowa.com/breweries/1386,all_mode,2026-10-09T19:14:59.032877+00:00
1387,日吉酒造店,,17,石川県,石川縣,中部,,,,,,,https://sakenowa.com/breweries/1387,all_mode,2026-10-09T19:14:59.032976+00:00
1388,山縣本店,,35,山口県,山口縣,中國,,,,,,,https://sakenowa.com/breweries/1388,all_mode,2026-10-09T19:14:59.033093+00:00
1390,片山酒造,,9,栃木県,栃木縣,關東,,,,,,,https://sakenowa.com/breweries/1390,all_mode,2026-10-09T19:14:59.033220+00:00
1391,苗場酒造,,15,新潟県,新潟縣,中部,,,,,,,https://sakenowa.com/breweries/1391,all_mode,2026-10-09T19:14:59.033320+00:00
1393,大谷忠吉本店,,7,福島県,福島縣,東北,,,,,,,https://sakenowa.com/breweries/1393,all_mode,2026-10-09T19:14:59.033444+00:00
1394,福美人酒造,,34,広島県,廣島縣,中國,,,,,,,https://sakenowa.com/breweries/1394,all_mode,2026-10-09T19:14:59.033543+00:00
1395,玉水酒造,,40,福岡県,福岡縣,九州,,,,,,,https://sakenowa.com/breweries/1395,all_mode,2026-10-09T19:14:59.033642+00:00
1396,寒梅酒造,,11,埼玉県,埼玉縣,關東,,,,,,,https://sakenowa.com/breweries/1396,all_mode,2026-10-09T19:14:59.033743+00:00
1397,金升酒造,,15,新潟県,新潟縣,中部,,,,,,,https://sakenowa.com/breweries/1397,all_mode,2026-10-09T19:14:59.033839+00:00
1398,森ファーム,,8,茨城県,茨城縣,關東,,,,,,,https://sakenowa.com/breweries/1398,all_mode,2026-10-09T19:14:59.033937+00:00
1399,柄酒造,,34,広島県,廣島縣,中國,,,,,,,https://sakenowa.com/breweries/1399,all_mode,2026-10-09T19:14:59.034033+00:00
1400,檜物屋酒造,,7,福島県,福島縣,東北,,,,,,,https://sakenowa.com/breweries/1400,all_mode,2026-10-09T19:14:59.034135+00:00
1401,森酒造店,,12,千葉県,千葉縣,關東,,,,,,,https://sakenowa.com/breweries/1401,all_mode,2026-10-09T19:14:59.034231+00:00
1402,梅美人酒造,,38,愛媛県,愛媛縣,四國,,,,,,,https://sakenowa.com/breweries/1402,all_mode,2026-10-09T19:14:59.034332+00:00
1403,青木酒造,,8,茨城県,茨城縣,關東,,,,,,,https://sakenowa.com/breweries/1403,all_mode,2026-10-09T19:14:59.034445+00:00
1404,吉久保酒造,,9,栃木県,栃木縣,關東,,,,,,,https://sakenowa.com/breweries/1404,all_mode,2026-10-09T19:14:59.034546+00:00
1405,井坂酒造場,,27,大阪府,大阪府,近畿,,,,,,,https://sakenowa.com/breweries/1405,all_mode,2026-10-09T19:14:59.034641+00:00
1406,文本酒造,,39,高知県,高知縣,四國,,,,,,,https://sakenowa.com/breweries/1406,all_mode,2026-10-09T19:14:59.034738+00:00
1407,せらワイナリー,,34,広島県,廣島縣,中國,,,,,,,https://sakenowa.com/breweries/1407,all_mode,2026-10-09T19:14:59.034840+00:00
1409,藤崎そう兵衛商店,,25,滋賀県,滋賀縣,近畿,,,,,,,https://sakenowa.com/breweries/1409,all_mode,2026-10-09T19:14:59.034935+00:00
1410,樋渡酒造場,,41,佐賀県,佐賀縣,九州,,,,,,,https://sakenowa.com/breweries/1410,all_mode,2026-10-09T19:14:59.035030+00:00
1411,神崎酒造場,,28,兵庫県,兵庫縣,近畿,,,,,,,https://sakenowa.com/breweries/1411,all_mode,2026-10-09T19:14:59.035127+00:00
1412,稲葉酒造場,,8,茨城県,茨城縣,關東,,,,,,,https://sakenowa.com/breweries/1412,all_mode,2026-10-09T19:14:59.035222+00:00
1413,小松酒造,,41,佐賀県,佐賀縣,九州,,,,,,,https://sakenowa.com/breweries/1413,all_mode,2026-10-09T19:14:59.035318+00:00
1414,会津錦,,7,福島県,福島縣,東北,,,,,,,https://sakenowa.com/breweries/1414,all_mode,2026-10-09T19:14:59.035426+00:00
1415,ヨイキゲン,,33,岡山県,岡山縣,中國,,,,,,,https://sakenowa.com/breweries/1415,all_mode,2026-10-09T19:14:59.035527+00:00
1416,Tanaka Shuzou Kabushikikaisha,,25,滋賀県,滋賀縣,近畿,,,,,,,https://sakenowa.com/breweries/1416,all_mode,2026-10-09T19:14:59.035622+00:00
1417,ムラオカ食品,,1,北海道,北海道,北海道,,,,,,,https://sakenowa.com/breweries/1417,all_mode,2026-10-09T19:14:59.035719+00:00
1418,浦川酒造,,42,長崎県,長崎縣,九州,,,,,,,https://sakenowa.com/breweries/1418,all_mode,2026-10-09T19:14:59.035814+00:00
1419,東京和醸,,13,東京都,東京都,關東,,,,,,,https://sakenowa.com/breweries/1419,all_mode,2026-10-09T19:14:59.035909+00:00
1420,薩摩金山蔵,,46,鹿児島県,鹿兒島縣,九州,,,,,,,https://sakenowa.com/breweries/1420,all_mode,2026-10-09T19:14:59.036004+00:00
1421,三光正宗,,33,岡山県,岡山縣,中國,,,,,,,https://sakenowa.com/breweries/1421,all_mode,2026-10-09T19:14:59.036101+00:00
1422,八巻酒造店,,19,山梨県,山梨縣,中部,,,,,,,https://sakenowa.com/breweries/1422,all_mode,2026-10-09T19:14:59.036214+00:00
1423,美濃錦酒造,,21,岐阜県,岐阜縣,中部,,,,,,,https://sakenowa.com/breweries/1423,all_mode,2026-10-09T19:14:59.036313+00:00
1424,雲海酒造,,45,宮崎県,宮崎縣,九州,,,,,,,https://sakenowa.com/breweries/1424,all_mode,2026-10-09T19:14:59.036415+00:00
1425,山三酒造,,20,長野県,長野縣,中部,,,,,,,https://sakenowa.com/breweries/1425,all_mode,2026-10-09T19:14:59.036513+00:00
1427,武蔵野酒造,,15,新潟県,新潟縣,中部,,,,,,,https://sakenowa.com/breweries/1427,all_mode,2026-10-09T19:14:59.036618+00:00
1428,武蔵鶴酒造,,11,埼玉県,埼玉縣,關東,,,,,,,https://sakenowa.com/breweries/1428,all_mode,2026-10-09T19:14:59.036718+00:00
1429,大和酒造,,41,佐賀県,佐賀縣,九州,,,,,,,https://sakenowa.com/breweries/1429,all_mode,2026-10-09T19:14:59.036813+00:00
1430,山形県酒造組合,,6,山形県,山形縣,東北,,,,,,,https://sakenowa.com/breweries/1430,all_mode,2026-10-09T19:14:59.036907+00:00
1431,キング醸造,,28,兵庫県,兵庫縣,近畿,,,,,,,https://sakenowa.com/breweries/1431,all_mode,2026-10-09T19:14:59.037002+00:00
1432,五條酒造,,29,奈良県,奈良縣,近畿,,,,,,,https://sakenowa.com/breweries/1432,all_mode,2026-10-09T19:14:59.037097+00:00
1433,春成酒造店,,17,石川県,石川縣,中部,,,,,,,https://sakenowa.com/breweries/1433,all_mode,2026-10-09T19:14:59.037197+00:00
1434,山和酒造,,4,宮城県,宮城縣,東北,,,,,,,https://sakenowa.com/breweries/1434,all_mode,2026-10-09T19:14:59.037291+00:00
1435,矢尾酒造,,25,滋賀県,滋賀縣,近畿,,,,,,,https://sakenowa.com/breweries/1435,all_mode,2026-10-09T19:14:59.037393+00:00
1436,瀬古酒造,,25,滋賀県,滋賀縣,近畿,,,,,,,https://sakenowa.com/breweries/1436,all_mode,2026-10-09T19:14:59.037492+00:00
1437,菊司醸造,,29,奈良県,奈良縣,近畿,,,,,,,https://sakenowa.com/breweries/1437,all_mode,2026-10-09T19:14:59.037591+00:00
1438,旭松酒造,,40,福岡県,福岡縣,九州,,,,,,,https://sakenowa.com/breweries/1438,all_mode,2026-10-09T19:14:59.037687+00:00
1439,沓掛酒造,,20,長野県,長野縣,中部,,,,,,,https://sakenowa.com/breweries/1439,all_mode,2026-10-09T19:14:59.037782+00:00
1440,有賀醸造,,7,福島県,福島縣,東北,,,,,,,https://sakenowa.com/breweries/1440,all_mode,2026-10-09T19:14:59.037887+00:00
1441,本庄酒造,,28,兵庫県,兵庫縣,近畿,,,,,,,https://sakenowa.com/breweries/1441,all_mode,2026-10-09T19:14:59.038000+00:00
1442,飛夢,,8,茨城県,茨城縣,關東,,,,,,,https://sakenowa.com/breweries/1442,all_mode,2026-10-09T19:14:59.038094+00:00
1443,Taniguchi Shuzo Co. Ltd.,,26,京都府,京都府,近畿,,,,,,,https://sakenowa.com/breweries/1443,all_mode,2026-10-09T19:14:59.038191+00:00
1444,虎屋 西川工場,,6,山形県,山形縣,東北,,,,,,,https://sakenowa.com/breweries/1444,all_mode,2026-10-09T19:14:59.038287+00:00
1445,信州銘醸(株),,20,長野県,長野縣,中部,,,,,,,https://sakenowa.com/breweries/1445,all_mode,2026-10-09T19:14:59.038389+00:00
1446,寺田酒造,,27,大阪府,大阪府,近畿,,,,,,,https://sakenowa.com/breweries/1446,all_mode,2026-10-09T19:14:59.038484+00:00
1447,東飯田酒造店,,20,長野県,長野縣,中部,,,,,,,https://sakenowa.com/breweries/1447,all_mode,2026-10-09T19:14:59.038579+00:00
1448,林本店,,21,岐阜県,岐阜縣,中部,,,,,,,https://sakenowa.com/breweries/1448,all_mode,2026-10-09T19:14:59.038682+00:00
1449,くまもと酒文化の会,,43,熊本県,熊本縣,九州,,,,,,,https://sakenowa.com/breweries/1449,all_mode,2026-10-09T19:14:59.038791+00:00
1450,安井酒造場,,25,滋賀県,滋賀縣,近畿,,,,,,,https://sakenowa.com/breweries/1450,all_mode,2026-10-09T19:14:59.038888+00:00
1451,喜楽長,,25,滋賀県,滋賀縣,近畿,,,,,,,https://sakenowa.com/breweries/1451,all_mode,2026-10-09T19:14:59.038992+00:00
1452,伊豆本店,,40,福岡県,福岡縣,九州,,,,,,,https://sakenowa.com/breweries/1452,all_mode,2026-10-09T19:14:59.039087+00:00
1453,磯千鳥酒造,,33,岡山県,岡山縣,中國,,,,,,,https://sakenowa.com/breweries/1453,all_mode,2026-10-09T19:14:59.039181+00:00
1454,八千代酒造,,35,山口県,山口縣,中國,,,,,,,https://sakenowa.com/breweries/1454,all_mode,2026-10-09T19:14:59.039280+00:00
1455,櫻田酒造,,17,石川県,石川縣,中部,,,,,,,https://sakenowa.com/breweries/1455,all_mode,2026-10-09T19:14:59.039382+00:00
1456,福徳長酒類,,12,千葉県,千葉縣,關東,,,,,,,https://sakenowa.com/breweries/1456,all_mode,2026-10-09T19:14:59.039477+00:00
1457,大河,,17,石川県,石川縣,中部,,,,,,,https://sakenowa.com/breweries/1457,all_mode,2026-10-09T19:14:59.039572+00:00
1458,金谷酒造店,,17,石川県,石川縣,中部,,,,,,,https://sakenowa.com/breweries/1458,all_mode,2026-10-09T19:14:59.039670+00:00
1459,山内酒造場,,21,岐阜県,岐阜縣,中部,,,,,,,https://sakenowa.com/breweries/1459,all_mode,2026-10-09T19:14:59.039768+00:00
1460,福持酒造場,,24,三重県,三重縣,近畿,,,,,,,https://sakenowa.com/breweries/1460,all_mode,2026-10-09T19:14:59.039863+00:00
1462,喜多いきいきくらぶ,,43,熊本県,熊本縣,九州,,,,,,,https://sakenowa.com/breweries/1462,all_mode,2026-10-09T19:14:59.039964+00:00
1463,三岳酒造,,46,鹿児島県,鹿兒島縣,九州,,,,,,,https://sakenowa.com/breweries/1463,all_mode,2026-10-09T19:14:59.040059+00:00
1464,家満寿美,,7,福島県,福島縣,東北,,,,,,,https://sakenowa.com/breweries/1464,all_mode,2026-10-09T19:14:59.040154+00:00
1465,利休蔵,,27,大阪府,大阪府,近畿,,,,,,,https://sakenowa.com/breweries/1465,all_mode,2026-10-09T19:14:59.040248+00:00
1466,太田酒造,,28,兵庫県,兵庫縣,近畿,,,,,,,https://sakenowa.com/breweries/1466,all_mode,2026-10-09T19:14:59.040364+00:00
1467,板野酒造,,33,岡山県,岡山縣,中國,,,,,,,https://sakenowa.com/breweries/1467,all_mode,2026-10-09T19:14:59.040459+00:00
1468,今井酒造店,,20,長野県,長野縣,中部,,,,,,,https://sakenowa.com/breweries/1468,all_mode,2026-10-09T19:14:59.040554+00:00
1469,チョーヤ,,27,大阪府,大阪府,近畿,,,,,,,https://sakenowa.com/breweries/1469,all_mode,2026-10-09T19:14:59.040657+00:00
1470,千古乃岩酒造,,21,岐阜県,岐阜縣,中部,,,,,,,https://sakenowa.com/breweries/1470,all_mode,2026-10-09T19:14:59.040752+00:00
1471,山星酒造,,23,愛知県,愛知縣,中部,,,,,,,https://sakenowa.com/breweries/1471,all_mode,2026-10-09T19:14:59.040846+00:00
1472,近江酒造,,25,滋賀県,滋賀縣,近畿,,,,,,,https://sakenowa.com/breweries/1472,all_mode,2026-10-09T19:14:59.040944+00:00
1473,小泉酒造,,12,千葉県,千葉縣,關東,,,,,,,https://sakenowa.com/breweries/1473,all_mode,2026-10-09T19:14:59.041040+00:00
1474,外池酒造店,,9,栃木県,栃木縣,關東,,,,,,,https://sakenowa.com/breweries/1474,all_mode,2026-10-09T19:14:59.041147+00:00
1475,渡辺酒造本店,,7,福島県,福島縣,東北,,,,,,,https://sakenowa.com/breweries/1475,all_mode,2026-10-09T19:14:59.041254+00:00
1476,瀧自慢,,24,三重県,三重縣,近畿,,,,,,,https://sakenowa.com/breweries/1476,all_mode,2026-10-09T19:14:59.041359+00:00
1477,簸上清酒,,32,島根県,島根縣,中國,,,,,,,https://sakenowa.com/breweries/1477,all_mode,2026-10-09T19:14:59.041454+00:00
1478,恩納酒造所,,47,沖縄県,沖繩縣,沖繩,,,,,,,https://sakenowa.com/breweries/1478,all_mode,2026-10-09T19:14:59.041550+00:00
1479,室原,,43,熊本県,熊本縣,九州,,,,,,,https://sakenowa.com/breweries/1479,all_mode,2026-10-09T19:14:59.041646+00:00
1480,日本泉酒造,,21,岐阜県,岐阜縣,中部,,,,,,,https://sakenowa.com/breweries/1480,all_mode,2026-10-09T19:14:59.041740+00:00
1481,臺灣菸酒股份有限公司,,0,その他,,,,,,,,,https://sakenowa.com/breweries/1481,all_mode,2026-10-09T19:14:59.041835+00:00
1482,酒田発酵,,6,山形県,山形縣,東北,,,,,,,https://sakenowa.com/breweries/1482,all_mode,2026-10-09T19:14:59.041929+00:00
1483,石上酒造,,12,千葉県,千葉縣,關東,,,,,,,https://sakenowa.com/breweries/1483,all_mode,2026-10-09T19:14:59.042023+00:00
1484,君盃酒造,,22,静岡県,靜岡縣,中部,,,,,,,https://sakenowa.com/breweries/1484,all_mode,2026-10-09T19:14:59.042117+00:00
1485,平和錦酒造,,21,岐阜県,岐阜縣,中部,,,,,,,https://sakenowa.com/breweries/1485,all_mode,2026-10-09T19:14:59.042212+00:00
1486,富永酒造,,35,山口県,山口縣,中國,,,,,,,https://sakenowa.com/breweries/1486,all_mode,2026-10-09T19:14:59.042307+00:00
1487,梅ヶ枝酒造,,42,長崎県,長崎縣,九州,,,,,,,https://sakenowa.com/breweries/1487,all_mode,2026-10-09T19:14:59.042410+00:00
1488,日本清酒,,1,北海道,北海道,北海道,,,,,,,https://sakenowa.com/breweries/1488,all_mode,2026-10-09T19:14:59.042509+00:00
1489,赤磐酒造,,33,岡山県,岡山縣,中國,,,,,,,https://sakenowa.com/breweries/1489,all_mode,2026-10-09T19:14:59.042605+00:00
1490,西内酒造,,29,奈良県,奈良縣,近畿,,,,,,,https://sakenowa.com/breweries/1490,all_mode,2026-10-09T19:14:59.042705+00:00
1491,芳村酒造,,29,奈良県,奈良縣,近畿,,,,,,,https://sakenowa.com/breweries/1491,all_mode,2026-10-09T19:14:59.042800+00:00
1492,房の露,,43,熊本県,熊本縣,九州,,,,,,,https://sakenowa.com/breweries/1492,all_mode,2026-10-09T19:14:59.042895+00:00
1493,森山酒造,,14,神奈川県,神奈川縣,關東,,,,,,,https://sakenowa.com/breweries/1493,all_mode,2026-10-09T19:14:59.042991+00:00
1494,森澤酒造,,33,岡山県,岡山縣,中國,,,,,,,https://sakenowa.com/breweries/1494,all_mode,2026-10-09T19:14:59.043088+00:00
1495,打田酒造,,28,兵庫県,兵庫縣,近畿,,,,,,,https://sakenowa.com/breweries/1495,all_mode,2026-10-09T19:14:59.043183+00:00
1496,ロッテ七星飲料酒類部門,,0,その他,,,,,,,,,https://sakenowa.com/breweries/1496,all_mode,2026-10-09T19:14:59.043279+00:00
1497,（株）東亜酒造,,11,埼玉県,埼玉縣,關東,,,,,,,https://sakenowa.com/breweries/1497,all_mode,2026-10-09T19:14:59.043385+00:00
1499,東京港醸造,,13,東京都,東京都,關東,,,,,,,https://sakenowa.com/breweries/1499,all_mode,2026-10-09T19:14:59.043480+00:00
1500,天領譽酒造,,20,長野県,長野縣,中部,,,,,,,https://sakenowa.com/breweries/1500,all_mode,2026-10-09T19:14:59.043585+00:00
1501,水谷酒店,,25,滋賀県,滋賀縣,近畿,,,,,,,https://sakenowa.com/breweries/1501,all_mode,2026-10-09T19:14:59.043680+00:00
1502,三井の寿,,40,福岡県,福岡縣,九州,,,,,,,https://sakenowa.com/breweries/1502,all_mode,2026-10-09T19:14:59.043776+00:00
1503,万代大澤醸造,,28,兵庫県,兵庫縣,近畿,,,,,,,https://sakenowa.com/breweries/1503,all_mode,2026-10-09T19:14:59.043871+00:00
1504,しらたき酒造,,35,山口県,山口縣,中國,,,,,,,https://sakenowa.com/breweries/1504,all_mode,2026-10-09T19:14:59.043966+00:00
1505,霧峰農會酒莊,,0,その他,,,,,,,,,https://sakenowa.com/breweries/1505,all_mode,2026-10-09T19:14:59.044063+00:00
1506,常陸太田自酒プロジェクト,,8,茨城県,茨城縣,關東,,,,,,,https://sakenowa.com/breweries/1506,all_mode,2026-10-09T19:14:59.044170+00:00
1507,勲碧酒造,,23,愛知県,愛知縣,中部,,,,,,,https://sakenowa.com/breweries/1507,all_mode,2026-10-09T19:14:59.044265+00:00
1508,無手無冠,,39,高知県,高知縣,四國,,,,,,,https://sakenowa.com/breweries/1508,all_mode,2026-10-09T19:14:59.044374+00:00
1509,竹鶴酒造,,34,広島県,廣島縣,中國,,,,,,,https://sakenowa.com/breweries/1509,all_mode,2026-10-09T19:14:59.044469+00:00
1510,無法松酒造,,40,福岡県,福岡縣,九州,,,,,,,https://sakenowa.com/breweries/1510,all_mode,2026-10-09T19:14:59.044566+00:00
1511,東亜酒造,,11,埼玉県,埼玉縣,關東,,,,,,,https://sakenowa.com/breweries/1511,all_mode,2026-10-09T19:14:59.044660+00:00
1512,加藤喜八郎酒造,,6,山形県,山形縣,東北,,,,,,,https://sakenowa.com/breweries/1512,all_mode,2026-10-09T19:14:59.044758+00:00
1513,高田酒造場,,31,鳥取県,鳥取縣,中國,,,,,,,https://sakenowa.com/breweries/1513,all_mode,2026-10-09T19:14:59.044852+00:00
1514,岩手銘醸,,3,岩手県,岩手縣,東北,,,,,,,https://sakenowa.com/breweries/1514,all_mode,2026-10-09T19:14:59.044956+00:00
1515,台湾,,0,その他,,,,,,,,,https://sakenowa.com/breweries/1515,all_mode,2026-10-09T19:14:59.045061+00:00
1516,板野酒造本店,,33,岡山県,岡山縣,中國,,,,,,,https://sakenowa.com/breweries/1516,all_mode,2026-10-09T19:14:59.045157+00:00
1517,豊乃鶴酒造,,12,千葉県,千葉縣,關東,,,,,,,https://sakenowa.com/breweries/1517,all_mode,2026-10-09T19:14:59.045252+00:00
1518,中納酒造,,17,石川県,石川縣,中部,,,,,,,https://sakenowa.com/breweries/1518,all_mode,2026-10-09T19:14:59.045359+00:00
1519,佐藤佐冶右衛門,,6,山形県,山形縣,東北,,,,,,,https://sakenowa.com/breweries/1519,all_mode,2026-10-09T19:14:59.045456+00:00
1520,大里酒造,,40,福岡県,福岡縣,九州,,,,,,,https://sakenowa.com/breweries/1520,all_mode,2026-10-09T19:14:59.045553+00:00
1521,鈴木酒造,,5,秋田県,秋田縣,東北,,,,,,,https://sakenowa.com/breweries/1521,all_mode,2026-10-09T19:14:59.045651+00:00
1522,石井酒造,,11,埼玉県,埼玉縣,關東,,,,,,,https://sakenowa.com/breweries/1522,all_mode,2026-10-09T19:14:59.045745+00:00
1523,水新酒店,,9,栃木県,栃木縣,關東,,,,,,,https://sakenowa.com/breweries/1523,all_mode,2026-10-09T19:14:59.045840+00:00
1524,銀海酒造,,28,兵庫県,兵庫縣,近畿,,,,,,,https://sakenowa.com/breweries/1524,all_mode,2026-10-09T19:14:59.045935+00:00
1525,会津酒造,,7,福島県,福島縣,東北,,,,,,,https://sakenowa.com/breweries/1525,all_mode,2026-10-09T19:14:59.046029+00:00
1526,梅津酒店,,4,宮城県,宮城縣,東北,,,,,,,https://sakenowa.com/breweries/1526,all_mode,2026-10-09T19:14:59.046126+00:00
1527,池島酒造,,9,栃木県,栃木縣,關東,,,,,,,https://sakenowa.com/breweries/1527,all_mode,2026-10-09T19:14:59.046222+00:00
1528,萬歳酒造,,33,岡山県,岡山縣,中國,,,,,,,https://sakenowa.com/breweries/1528,all_mode,2026-10-09T19:14:59.046322+00:00
1529,山川光男プロジェクト,,6,山形県,山形縣,東北,,,,,,,https://sakenowa.com/breweries/1529,all_mode,2026-10-09T19:14:59.046425+00:00
1530,玉泉酒造,,33,岡山県,岡山縣,中國,,,,,,,https://sakenowa.com/breweries/1530,all_mode,2026-10-09T19:14:59.046531+00:00
1531,魚沼酒造,,15,新潟県,新潟縣,中部,,,,,,,https://sakenowa.com/breweries/1531,all_mode,2026-10-09T19:14:59.046626+00:00
1532,鶴見酒造,,23,愛知県,愛知縣,中部,,,,,,,https://sakenowa.com/breweries/1532,all_mode,2026-10-09T19:14:59.046724+00:00
1533,藤本雅一酒造醸,,27,大阪府,大阪府,近畿,,,,,,,https://sakenowa.com/breweries/1533,all_mode,2026-10-09T19:14:59.046820+00:00
1534,金盃酒造,,28,兵庫県,兵庫縣,近畿,,,,,,,https://sakenowa.com/breweries/1534,all_mode,2026-10-09T19:14:59.046918+00:00
1535,阿武の鶴酒造,,35,山口県,山口縣,中國,,,,,,,https://sakenowa.com/breweries/1535,all_mode,2026-10-09T19:14:59.047014+00:00
1536,大橋酒造,,21,岐阜県,岐阜縣,中部,,,,,,,https://sakenowa.com/breweries/1536,all_mode,2026-10-09T19:14:59.047125+00:00
1537,高嶋酒類食品,,28,兵庫県,兵庫縣,近畿,,,,,,,https://sakenowa.com/breweries/1537,all_mode,2026-10-09T19:14:59.047221+00:00
1538,はさまや酒造,,4,宮城県,宮城縣,東北,,,,,,,https://sakenowa.com/breweries/1538,all_mode,2026-10-09T19:14:59.047322+00:00
1539,三宅酒造,,33,岡山県,岡山縣,中國,,,,,,,https://sakenowa.com/breweries/1539,all_mode,2026-10-09T19:14:59.047425+00:00
1540,河津酒造,,43,熊本県,熊本縣,九州,,,,,,,https://sakenowa.com/breweries/1540,all_mode,2026-10-09T19:14:59.047523+00:00
1541,猪又酒造,,15,新潟県,新潟縣,中部,,,,,,,https://sakenowa.com/breweries/1541,all_mode,2026-10-09T19:14:59.047630+00:00
1542,ほまれ酒造,,40,福岡県,福岡縣,九州,,,,,,,https://sakenowa.com/breweries/1542,all_mode,2026-10-09T19:14:59.047725+00:00
1543,大美酒造,,33,岡山県,岡山縣,中國,,,,,,,https://sakenowa.com/breweries/1543,all_mode,2026-10-09T19:14:59.047820+00:00
1544,井坂酒造場,,21,岐阜県,岐阜縣,中部,,,,,,,https://sakenowa.com/breweries/1544,all_mode,2026-10-09T19:14:59.047917+00:00
1545,久納酒造,,21,岐阜県,岐阜縣,中部,,,,,,,https://sakenowa.com/breweries/1545,all_mode,2026-10-09T19:14:59.048013+00:00
1546,七賢,,19,山梨県,山梨縣,中部,,,,,,,https://sakenowa.com/breweries/1546,all_mode,2026-10-09T19:14:59.048108+00:00
1547,濵川商店,,39,高知県,高知縣,四國,,,,,,,https://sakenowa.com/breweries/1547,all_mode,2026-10-09T19:14:59.048204+00:00
1548,大熊酒造,,28,兵庫県,兵庫縣,近畿,,,,,,,https://sakenowa.com/breweries/1548,all_mode,2026-10-09T19:14:59.048300+00:00
1549,西田酒造,,29,奈良県,奈良縣,近畿,,,,,,,https://sakenowa.com/breweries/1549,all_mode,2026-10-09T19:14:59.048439+00:00
1550,倉本酒造,,29,奈良県,奈良縣,近畿,,,,,,,https://sakenowa.com/breweries/1550,all_mode,2026-10-09T19:14:59.048540+00:00
1551,花酔酒造,,34,広島県,廣島縣,中國,,,,,,,https://sakenowa.com/breweries/1551,all_mode,2026-10-09T19:14:59.048644+00:00
1552,中野光次郎酒造,,34,広島県,廣島縣,中國,,,,,,,https://sakenowa.com/breweries/1552,all_mode,2026-10-09T19:14:59.048740+00:00
1553,農家民宿どぶろく荘,,15,新潟県,新潟縣,中部,,,,,,,https://sakenowa.com/breweries/1553,all_mode,2026-10-09T19:14:59.048838+00:00
1554,中川酒造,,15,新潟県,新潟縣,中部,,,,,,,https://sakenowa.com/breweries/1554,all_mode,2026-10-09T19:14:59.048934+00:00
1555,愛知酒造,,25,滋賀県,滋賀縣,近畿,,,,,,,https://sakenowa.com/breweries/1555,all_mode,2026-10-09T19:14:59.049030+00:00
1556,椎名酒造店,,8,茨城県,茨城縣,關東,,,,,,,https://sakenowa.com/breweries/1556,all_mode,2026-10-09T19:14:59.049127+00:00
1557,稲田本店酒造,,31,鳥取県,鳥取縣,中國,,,,,,,https://sakenowa.com/breweries/1557,all_mode,2026-10-09T19:14:59.049234+00:00
1558,布屋 原酒造場,,21,岐阜県,岐阜縣,中部,,,,,,,https://sakenowa.com/breweries/1558,all_mode,2026-10-09T19:14:59.049330+00:00
1559,古橋酒造,,32,島根県,島根縣,中國,,,,,,,https://sakenowa.com/breweries/1559,all_mode,2026-10-09T19:14:59.049434+00:00
1560,霧島酒造,,45,宮崎県,宮崎縣,九州,,,,,,,https://sakenowa.com/breweries/1560,all_mode,2026-10-09T19:14:59.049531+00:00
1561,小山酒造店,,15,新潟県,新潟縣,中部,,,,,,,https://sakenowa.com/breweries/1561,all_mode,2026-10-09T19:14:59.049627+00:00
1562,蔵本屋本店,,38,愛媛県,愛媛縣,四國,,,,,,,https://sakenowa.com/breweries/1562,all_mode,2026-10-09T19:14:59.049722+00:00
1563,神無月,,34,広島県,廣島縣,中國,,,,,,,https://sakenowa.com/breweries/1563,all_mode,2026-10-09T19:14:59.049818+00:00
1565,明石酒類醸造,,28,兵庫県,兵庫縣,近畿,,,,,,,https://sakenowa.com/breweries/1565,all_mode,2026-10-09T19:14:59.049913+00:00
1566,神崎酒造,,28,兵庫県,兵庫縣,近畿,,,,,,,https://sakenowa.com/breweries/1566,all_mode,2026-10-09T19:14:59.050013+00:00
1567,谷口酒造,,26,京都府,京都府,近畿,,,,,,,https://sakenowa.com/breweries/1567,all_mode,2026-10-09T19:14:59.050108+00:00
1568,吟醸 沖ノ島,,40,福岡県,福岡縣,九州,,,,,,,https://sakenowa.com/breweries/1568,all_mode,2026-10-09T19:14:59.050204+00:00
1569,勝屋酒造,,40,福岡県,福岡縣,九州,,,,,,,https://sakenowa.com/breweries/1569,all_mode,2026-10-09T19:14:59.050301+00:00
1570,ヘリオス酒造,,47,沖縄県,沖繩縣,沖繩,,,,,,,https://sakenowa.com/breweries/1570,all_mode,2026-10-09T19:14:59.050404+00:00
1571,東洋自慢酒造,,23,愛知県,愛知縣,中部,,,,,,,https://sakenowa.com/breweries/1571,all_mode,2026-10-09T19:14:59.050509+00:00
1572,根元酒造,,8,茨城県,茨城縣,關東,,,,,,,https://sakenowa.com/breweries/1572,all_mode,2026-10-09T19:14:59.050605+00:00
1573,両磐酒造,,3,岩手県,岩手縣,東北,,,,,,,https://sakenowa.com/breweries/1573,all_mode,2026-10-09T19:14:59.050701+00:00
1574,丸竹酒造店,,2,青森県,青森縣,東北,,,,,,,https://sakenowa.com/breweries/1574,all_mode,2026-10-09T19:14:59.050797+00:00
1575,西本酒造,,38,愛媛県,愛媛縣,四國,,,,,,,https://sakenowa.com/breweries/1575,all_mode,2026-10-09T19:14:59.050897+00:00
1576,上閉伊酒造,,3,岩手県,岩手縣,東北,,,,,,,https://sakenowa.com/breweries/1576,all_mode,2026-10-09T19:14:59.050993+00:00
1577,カネタ玉田酒造店,,2,青森県,青森縣,東北,,,,,,,https://sakenowa.com/breweries/1577,all_mode,2026-10-09T19:14:59.051089+00:00
1578,布施酒造店,,17,石川県,石川縣,中部,,,,,,,https://sakenowa.com/breweries/1578,all_mode,2026-10-09T19:14:59.051194+00:00
1579,渡辺酒造,,23,愛知県,愛知縣,中部,,,,,,,https://sakenowa.com/breweries/1579,all_mode,2026-10-09T19:14:59.051290+00:00
1580,西本酒造場,,31,鳥取県,鳥取縣,中國,,,,,,,https://sakenowa.com/breweries/1580,all_mode,2026-10-09T19:14:59.051393+00:00
1581,矢澤酒造店,,7,福島県,福島縣,東北,,,,,,,https://sakenowa.com/breweries/1581,all_mode,2026-10-09T19:14:59.051498+00:00
1582,栄川酒造,,7,福島県,福島縣,東北,,,,,,,https://sakenowa.com/breweries/1582,all_mode,2026-10-09T19:14:59.051595+00:00
1583,山西専太郎商店,,30,和歌山県,和歌山縣,近畿,,,,,,,https://sakenowa.com/breweries/1583,all_mode,2026-10-09T19:14:59.051691+00:00
1584,最上川酒造,,6,山形県,山形縣,東北,,,,,,,https://sakenowa.com/breweries/1584,all_mode,2026-10-09T19:14:59.051787+00:00
1585,上川大雪酒造,,1,北海道,北海道,北海道,,,,,,,https://sakenowa.com/breweries/1585,all_mode,2026-10-09T19:14:59.051883+00:00
1586,江頭酒造,,40,福岡県,福岡縣,九州,,,,,,,https://sakenowa.com/breweries/1586,all_mode,2026-10-09T19:14:59.051998+00:00
1587,小坂酒造,,33,岡山県,岡山縣,中國,,,,,,,https://sakenowa.com/breweries/1587,all_mode,2026-10-09T19:14:59.052094+00:00
1588,Inoue,,12,千葉県,千葉縣,關東,,,,,,,https://sakenowa.com/breweries/1588,all_mode,2026-10-09T19:14:59.052190+00:00
1589,新潟のたくさんの蔵元,,15,新潟県,新潟縣,中部,,,,,,,https://sakenowa.com/breweries/1589,all_mode,2026-10-09T19:14:59.052286+00:00
1590,小泉本店,,34,広島県,廣島縣,中國,,,,,,,https://sakenowa.com/breweries/1590,all_mode,2026-10-09T19:14:59.052393+00:00
1591,男自慢酒造,,35,山口県,山口縣,中國,,,,,,,https://sakenowa.com/breweries/1591,all_mode,2026-10-09T19:14:59.052491+00:00
1593,コカ・コーラカンパニー,,0,その他,,,,,,,,,https://sakenowa.com/breweries/1593,all_mode,2026-10-09T19:14:59.052587+00:00
1594,大関,,0,その他,,,,,,,,,https://sakenowa.com/breweries/1594,all_mode,2026-10-09T19:14:59.052684+00:00
1595,田中酒造,,25,滋賀県,滋賀縣,近畿,,,,,,,https://sakenowa.com/breweries/1595,all_mode,2026-10-09T19:14:59.052780+00:00
1596,峰乃白梅酒造,,15,新潟県,新潟縣,中部,,,,,,,https://sakenowa.com/breweries/1596,all_mode,2026-10-09T19:14:59.052877+00:00
1597,仙禽酒造,,9,栃木県,栃木縣,關東,,,,,,,https://sakenowa.com/breweries/1597,all_mode,2026-10-09T19:14:59.052987+00:00
1598,伊勢屋商店,,23,愛知県,愛知縣,中部,,,,,,,https://sakenowa.com/breweries/1598,all_mode,2026-10-09T19:14:59.053084+00:00
1599,壱岐の蔵酒造,,42,長崎県,長崎縣,九州,,,,,,,https://sakenowa.com/breweries/1599,all_mode,2026-10-09T19:14:59.053180+00:00
1600,安岡酒造場,,40,福岡県,福岡縣,九州,,,,,,,https://sakenowa.com/breweries/1600,all_mode,2026-10-09T19:14:59.053276+00:00
1601,丸山集落,,28,兵庫県,兵庫縣,近畿,,,,,,,https://sakenowa.com/breweries/1601,all_mode,2026-10-09T19:14:59.053380+00:00
1602,集落丸山,,28,兵庫県,兵庫縣,近畿,,,,,,,https://sakenowa.com/breweries/1602,all_mode,2026-10-09T19:14:59.053480+00:00
1603,船坂酒造店,,20,長野県,長野縣,中部,,,,,,,https://sakenowa.com/breweries/1603,all_mode,2026-10-09T19:14:59.053576+00:00
1605,平松本家醸造,,30,和歌山県,和歌山縣,近畿,,,,,,,https://sakenowa.com/breweries/1605,all_mode,2026-10-09T19:14:59.053676+00:00
1606,渡辺酒造本店,,33,岡山県,岡山縣,中國,,,,,,,https://sakenowa.com/breweries/1606,all_mode,2026-10-09T19:14:59.053772+00:00
1607,藤崎摠兵衛商店,,11,埼玉県,埼玉縣,關東,,,,,,,https://sakenowa.com/breweries/1607,all_mode,2026-10-09T19:14:59.053867+00:00
1608,鈴木酒造,,11,埼玉県,埼玉縣,關東,,,,,,,https://sakenowa.com/breweries/1608,all_mode,2026-10-09T19:14:59.053972+00:00
1609,芙蓉酒造,,20,長野県,長野縣,中部,,,,,,,https://sakenowa.com/breweries/1609,all_mode,2026-10-09T19:14:59.054067+00:00
1610,ショッカー,,0,その他,,,,,,,,,https://sakenowa.com/breweries/1610,all_mode,2026-10-09T19:14:59.054165+00:00
1611,SakeOne,,0,その他,,,,,,,,,https://sakenowa.com/breweries/1611,all_mode,2026-10-09T19:14:59.054260+00:00
1612,河武醸造,,24,三重県,三重縣,近畿,,,,,,,https://sakenowa.com/breweries/1612,all_mode,2026-10-09T19:14:59.054363+00:00
1613,奥羽自慢,,6,山形県,山形縣,東北,,,,,,,https://sakenowa.com/breweries/1613,all_mode,2026-10-09T19:14:59.054476+00:00
1615,みらいファーム21,,7,福島県,福島縣,東北,,,,,,,https://sakenowa.com/breweries/1615,all_mode,2026-10-09T19:14:59.054577+00:00
1616,山崎本店酒造所,,42,長崎県,長崎縣,九州,,,,,,,https://sakenowa.com/breweries/1616,all_mode,2026-10-09T19:14:59.054672+00:00
1617,進藤酒造店,,6,山形県,山形縣,東北,,,,,,,https://sakenowa.com/breweries/1617,all_mode,2026-10-09T19:14:59.054769+00:00
1618,DHC酒造,,15,新潟県,新潟縣,中部,,,,,,,https://sakenowa.com/breweries/1618,all_mode,2026-10-09T19:14:59.054865+00:00
1619,小堀酒酒造,,17,石川県,石川縣,中部,,,,,,,https://sakenowa.com/breweries/1619,all_mode,2026-10-09T19:14:59.054961+00:00
1620,小堀酒造,,17,石川県,石川縣,中部,,,,,,,https://sakenowa.com/breweries/1620,all_mode,2026-10-09T19:14:59.055059+00:00
1621,Rock Sake,,0,その他,,,,,,,,,https://sakenowa.com/breweries/1621,all_mode,2026-10-09T19:14:59.055154+00:00
1622,清流酒造,,11,埼玉県,埼玉縣,關東,,,,,,,https://sakenowa.com/breweries/1622,all_mode,2026-10-09T19:14:59.055250+00:00
1623,NEXT5,,5,秋田県,秋田縣,東北,,,,,,,https://sakenowa.com/breweries/1623,all_mode,2026-10-09T19:14:59.055353+00:00
1624,王祿酒造,,32,島根県,島根縣,中國,,,,,,,https://sakenowa.com/breweries/1624,all_mode,2026-10-09T19:14:59.055451+00:00
1625,笹井酒造,,20,長野県,長野縣,中部,,,,,,,https://sakenowa.com/breweries/1625,all_mode,2026-10-09T19:14:59.055546+00:00
1626,遠野 どぶろく,,3,岩手県,岩手縣,東北,,,,,,,https://sakenowa.com/breweries/1626,all_mode,2026-10-09T19:14:59.055642+00:00
1627,大門酒造,,27,大阪府,大阪府,近畿,,,,,,,https://sakenowa.com/breweries/1627,all_mode,2026-10-09T19:14:59.055737+00:00
1628,寺嶋酒造本舗,,6,山形県,山形縣,東北,,,,,,,https://sakenowa.com/breweries/1628,all_mode,2026-10-09T19:14:59.055832+00:00
1629,農口尚彦研究所,,17,石川県,石川縣,中部,,,,,,,https://sakenowa.com/breweries/1629,all_mode,2026-10-09T19:14:59.055927+00:00
1630,Kigen,,28,兵庫県,兵庫縣,近畿,,,,,,,https://sakenowa.com/breweries/1630,all_mode,2026-10-09T19:14:59.056029+00:00
1631,さけのわ,,0,その他,,,,,,,,,https://sakenowa.com/breweries/1631,all_mode,2026-10-09T19:14:59.056131+00:00
1632,根本酒造,,8,茨城県,茨城縣,關東,,,,,,,https://sakenowa.com/breweries/1632,all_mode,2026-10-09T19:14:59.056226+00:00
1633,家久長本店,,8,茨城県,茨城縣,關東,,,,,,,https://sakenowa.com/breweries/1633,all_mode,2026-10-09T19:14:59.056323+00:00
1634,豊乃鶴,,12,千葉県,千葉縣,關東,,,,,,,https://sakenowa.com/breweries/1634,all_mode,2026-10-09T19:14:59.056436+00:00
1635,吉良酒造,,44,大分県,大分縣,九州,,,,,,,https://sakenowa.com/breweries/1635,all_mode,2026-10-09T19:14:59.056532+00:00
1636,東の麓,,6,山形県,山形縣,東北,,,,,,,https://sakenowa.com/breweries/1636,all_mode,2026-10-09T19:14:59.056628+00:00
1637,梅林酒造,,29,奈良県,奈良縣,近畿,,,,,,,https://sakenowa.com/breweries/1637,all_mode,2026-10-09T19:14:59.056729+00:00
1638,設楽酒造店,,6,山形県,山形縣,東北,,,,,,,https://sakenowa.com/breweries/1638,all_mode,2026-10-09T19:14:59.056826+00:00
1639,戸渡酒造,,40,福岡県,福岡縣,九州,,,,,,,https://sakenowa.com/breweries/1639,all_mode,2026-10-09T19:14:59.056921+00:00
1640,泉酒造,,28,兵庫県,兵庫縣,近畿,,,,,,,https://sakenowa.com/breweries/1640,all_mode,2026-10-09T19:14:59.057018+00:00
1641,舟山酒造,,26,京都府,京都府,近畿,,,,,,,https://sakenowa.com/breweries/1641,all_mode,2026-10-09T19:14:59.057115+00:00
1643,石塚酒造,,15,新潟県,新潟縣,中部,,,,,,,https://sakenowa.com/breweries/1643,all_mode,2026-10-09T19:14:59.057210+00:00
1644,井田酒造,,10,群馬県,群馬縣,關東,,,,,,,https://sakenowa.com/breweries/1644,all_mode,2026-10-09T19:14:59.057305+00:00
1645,東和酒造,,26,京都府,京都府,近畿,,,,,,,https://sakenowa.com/breweries/1645,all_mode,2026-10-09T19:14:59.057411+00:00
1646,赤武酒造,,3,岩手県,岩手縣,東北,,,,,,,https://sakenowa.com/breweries/1646,all_mode,2026-10-09T19:14:59.057506+00:00
1647,こだま工房,,6,山形県,山形縣,東北,,,,,,,https://sakenowa.com/breweries/1647,all_mode,2026-10-09T19:14:59.057601+00:00
1648,菊姫,,28,兵庫県,兵庫縣,近畿,,,,,,,https://sakenowa.com/breweries/1648,all_mode,2026-10-09T19:14:59.057696+00:00
1649,花泉酒造,,18,福井県,福井縣,中部,,,,,,,https://sakenowa.com/breweries/1649,all_mode,2026-10-09T19:14:59.057791+00:00
1650,吉田酒造,,17,石川県,石川縣,中部,,,,,,,https://sakenowa.com/breweries/1650,all_mode,2026-10-09T19:14:59.057886+00:00
1651,人気酒造,,7,福島県,福島縣,東北,,,,,,,https://sakenowa.com/breweries/1651,all_mode,2026-10-09T19:14:59.057981+00:00
1652,楯の川酒造,,6,山形県,山形縣,東北,,,,,,,https://sakenowa.com/breweries/1652,all_mode,2026-10-09T19:14:59.058076+00:00
1653,桃川,,2,青森県,青森縣,東北,,,,,,,https://sakenowa.com/breweries/1653,all_mode,2026-10-09T19:14:59.058171+00:00
1654,瑞穂錦酒造,,40,福岡県,福岡縣,九州,,,,,,,https://sakenowa.com/breweries/1654,all_mode,2026-10-09T19:14:59.058267+00:00
1655,手塚酒造場,,17,石川県,石川縣,中部,,,,,,,https://sakenowa.com/breweries/1655,all_mode,2026-10-09T19:14:59.058372+00:00
1656,松波酒造,,17,石川県,石川縣,中部,,,,,,,https://sakenowa.com/breweries/1656,all_mode,2026-10-09T19:14:59.058468+00:00
1657,山鶴,,29,奈良県,奈良縣,近畿,,,,,,,https://sakenowa.com/breweries/1657,all_mode,2026-10-09T19:14:59.058563+00:00
1658,華奢,,2,青森県,青森縣,東北,,,,,,,https://sakenowa.com/breweries/1658,all_mode,2026-10-09T19:14:59.058659+00:00
1659,芙蓉酒造協同組合,,20,長野県,長野縣,中部,,,,,,,https://sakenowa.com/breweries/1659,all_mode,2026-10-09T19:14:59.058754+00:00
1660,雪椿酒造,,15,新潟県,新潟縣,中部,,,,,,,https://sakenowa.com/breweries/1660,all_mode,2026-10-09T19:14:59.058850+00:00
1662,出羽鶴酒造,,5,秋田県,秋田縣,東北,,,,,,,https://sakenowa.com/breweries/1662,all_mode,2026-10-09T19:14:59.058945+00:00
1663,野澤酒造場,,6,山形県,山形縣,東北,,,,,,,https://sakenowa.com/breweries/1663,all_mode,2026-10-09T19:14:59.059041+00:00
1664,3X Ekkusu 3,,5,秋田県,秋田縣,東北,,,,,,,https://sakenowa.com/breweries/1664,all_mode,2026-10-09T19:14:59.059150+00:00
1665,kinmon akita sake brewery,,5,秋田県,秋田縣,東北,,,,,,,https://sakenowa.com/breweries/1665,all_mode,2026-10-09T19:14:59.059246+00:00
1666,芳烈酒造,,33,岡山県,岡山縣,中國,,,,,,,https://sakenowa.com/breweries/1666,all_mode,2026-10-09T19:14:59.059350+00:00
1667,どぶろく荘,,15,新潟県,新潟縣,中部,,,,,,,https://sakenowa.com/breweries/1667,all_mode,2026-10-09T19:14:59.059445+00:00
1668,郡上八幡日本酒会,,21,岐阜県,岐阜縣,中部,,,,,,,https://sakenowa.com/breweries/1668,all_mode,2026-10-09T19:14:59.059540+00:00
1669,伊藤園,,0,その他,,,,,,,,,https://sakenowa.com/breweries/1669,all_mode,2026-10-09T19:14:59.059636+00:00
1670,丸井合名,,23,愛知県,愛知縣,中部,,,,,,,https://sakenowa.com/breweries/1670,all_mode,2026-10-09T19:14:59.059731+00:00
1671,林   酒造,,23,愛知県,愛知縣,中部,,,,,,,https://sakenowa.com/breweries/1671,all_mode,2026-10-09T19:14:59.059840+00:00
1672,髪大の味,,23,愛知県,愛知縣,中部,,,,,,,https://sakenowa.com/breweries/1672,all_mode,2026-10-09T19:14:59.059934+00:00
1673,北西酒造,,11,埼玉県,埼玉縣,關東,,,,,,,https://sakenowa.com/breweries/1673,all_mode,2026-10-09T19:14:59.060029+00:00
1674,山田錦,,28,兵庫県,兵庫縣,近畿,,,,,,,https://sakenowa.com/breweries/1674,all_mode,2026-10-09T19:14:59.060140+00:00
1675,美峰酒類,,10,群馬県,群馬縣,關東,,,,,,,https://sakenowa.com/breweries/1675,all_mode,2026-10-09T19:14:59.060236+00:00
1677,馬上酒造場,,34,広島県,廣島縣,中國,,,,,,,https://sakenowa.com/breweries/1677,all_mode,2026-10-09T19:14:59.060332+00:00
1678,富士山蔵,,28,兵庫県,兵庫縣,近畿,,,,,,,https://sakenowa.com/breweries/1678,all_mode,2026-10-09T19:14:59.060449+00:00
1679,豊田酒造場,,7,福島県,福島縣,東北,,,,,,,https://sakenowa.com/breweries/1679,all_mode,2026-10-09T19:14:59.060544+00:00
1680,松竹梅酒造,,28,兵庫県,兵庫縣,近畿,,,,,,,https://sakenowa.com/breweries/1680,all_mode,2026-10-09T19:14:59.060639+00:00
1681,WAKAZE,,6,山形県,山形縣,東北,,,,,,,https://sakenowa.com/breweries/1681,all_mode,2026-10-09T19:14:59.060734+00:00
1682,竹内酒造場,,35,山口県,山口縣,中國,,,,,,,https://sakenowa.com/breweries/1682,all_mode,2026-10-09T19:14:59.060829+00:00
1683,西條,,27,大阪府,大阪府,近畿,,,,,,,https://sakenowa.com/breweries/1683,all_mode,2026-10-09T19:14:59.060924+00:00
1684,古川酒造,,25,滋賀県,滋賀縣,近畿,,,,,,,https://sakenowa.com/breweries/1684,all_mode,2026-10-09T19:14:59.061019+00:00
1685,相生ユニビオ,,23,愛知県,愛知縣,中部,,,,,,,https://sakenowa.com/breweries/1685,all_mode,2026-10-09T19:14:59.061115+00:00
1686,近江酒造,,25,滋賀県,滋賀縣,近畿,,,,,,,https://sakenowa.com/breweries/1686,all_mode,2026-10-09T19:14:59.061210+00:00
1687,Akashi sake brewery,,28,兵庫県,兵庫縣,近畿,,,,,,,https://sakenowa.com/breweries/1687,all_mode,2026-10-09T19:14:59.061307+00:00
1688,小布施ワイナリー,,19,山梨県,山梨縣,中部,,,,,,,https://sakenowa.com/breweries/1688,all_mode,2026-10-09T19:14:59.061415+00:00
1689,正木正光酒造場,,38,愛媛県,愛媛縣,四國,,,,,,,https://sakenowa.com/breweries/1689,all_mode,2026-10-09T19:14:59.061513+00:00
1690,鐘ヶ江酒造,,40,福岡県,福岡縣,九州,,,,,,,https://sakenowa.com/breweries/1690,all_mode,2026-10-09T19:14:59.061608+00:00
1691,中島酒造店,,17,石川県,石川縣,中部,,,,,,,https://sakenowa.com/breweries/1691,all_mode,2026-10-09T19:14:59.061704+00:00
1692,吉岡酒造場,,26,京都府,京都府,近畿,,,,,,,https://sakenowa.com/breweries/1692,all_mode,2026-10-09T19:14:59.061802+00:00
1693,海蔵オリジナル,,9,栃木県,栃木縣,關東,,,,,,,https://sakenowa.com/breweries/1693,all_mode,2026-10-09T19:14:59.061898+00:00
1694,高長酒店,,4,宮城県,宮城縣,東北,,,,,,,https://sakenowa.com/breweries/1694,all_mode,2026-10-09T19:14:59.061995+00:00
1695,柳沢酒造,,10,群馬県,群馬縣,關東,,,,,,,https://sakenowa.com/breweries/1695,all_mode,2026-10-09T19:14:59.062091+00:00
1696,滋賀酒造,,25,滋賀県,滋賀縣,近畿,,,,,,,https://sakenowa.com/breweries/1696,all_mode,2026-10-09T19:14:59.062186+00:00
1697,せんきん,,9,栃木県,栃木縣,關東,,,,,,,https://sakenowa.com/breweries/1697,all_mode,2026-10-09T19:14:59.062282+00:00
1698,ゆふいん角打屋,,44,大分県,大分縣,九州,,,,,,,https://sakenowa.com/breweries/1698,all_mode,2026-10-09T19:14:59.062385+00:00
1699,花盛酒造,,21,岐阜県,岐阜縣,中部,,,,,,,https://sakenowa.com/breweries/1699,all_mode,2026-10-09T19:14:59.062479+00:00
1700,板野酒造場,,33,岡山県,岡山縣,中國,,,,,,,https://sakenowa.com/breweries/1700,all_mode,2026-10-09T19:14:59.062573+00:00
1701,酒を作る会,,46,鹿児島県,鹿兒島縣,九州,,,,,,,https://sakenowa.com/breweries/1701,all_mode,2026-10-09T19:14:59.062671+00:00
1702,麹屋酒造店,,4,宮城県,宮城縣,東北,,,,,,,https://sakenowa.com/breweries/1702,all_mode,2026-10-09T19:14:59.062767+00:00
1703,都屋,,15,新潟県,新潟縣,中部,,,,,,,https://sakenowa.com/breweries/1703,all_mode,2026-10-09T19:14:59.062861+00:00
1704,翁酒造,,40,福岡県,福岡縣,九州,,,,,,,https://sakenowa.com/breweries/1704,all_mode,2026-10-09T19:14:59.062961+00:00
1705,ベンチャーウイスキー社,,11,埼玉県,埼玉縣,關東,,,,,,,https://sakenowa.com/breweries/1705,all_mode,2026-10-09T19:14:59.063055+00:00
1706,會津宮泉酒造,,7,福島県,福島縣,東北,,,,,,,https://sakenowa.com/breweries/1706,all_mode,2026-10-09T19:14:59.063150+00:00
1707,東山農産加工,,0,その他,,,,,,,,,https://sakenowa.com/breweries/1707,all_mode,2026-10-09T19:14:59.063246+00:00
1708,白玉醸造,,46,鹿児島県,鹿兒島縣,九州,,,,,,,https://sakenowa.com/breweries/1708,all_mode,2026-10-09T19:14:59.063357+00:00
1709,中村酒造場,,46,鹿児島県,鹿兒島縣,九州,,,,,,,https://sakenowa.com/breweries/1709,all_mode,2026-10-09T19:14:59.063453+00:00
1710,東北銘醸株,,6,山形県,山形縣,東北,,,,,,,https://sakenowa.com/breweries/1710,all_mode,2026-10-09T19:14:59.063548+00:00
1711,小林酒造場,,12,千葉県,千葉縣,關東,,,,,,,https://sakenowa.com/breweries/1711,all_mode,2026-10-09T19:14:59.063642+00:00
1712,落合酒造場,,45,宮崎県,宮崎縣,九州,,,,,,,https://sakenowa.com/breweries/1712,all_mode,2026-10-09T19:14:59.063740+00:00
1713,近江屋酒店,,5,秋田県,秋田縣,東北,,,,,,,https://sakenowa.com/breweries/1713,all_mode,2026-10-09T19:14:59.063835+00:00
1714,山本勘蔵商店,,26,京都府,京都府,近畿,,,,,,,https://sakenowa.com/breweries/1714,all_mode,2026-10-09T19:14:59.063930+00:00
1715,斎藤酒造場,,36,徳島県,德島縣,四國,,,,,,,https://sakenowa.com/breweries/1715,all_mode,2026-10-09T19:14:59.064027+00:00
1716,桑原市一迫,,4,宮城県,宮城縣,東北,,,,,,,https://sakenowa.com/breweries/1716,all_mode,2026-10-09T19:14:59.064127+00:00
1717,加美郡加美市,,4,宮城県,宮城縣,東北,,,,,,,https://sakenowa.com/breweries/1717,all_mode,2026-10-09T19:14:59.064224+00:00
1718,宮島酒店,,20,長野県,長野縣,中部,,,,,,,https://sakenowa.com/breweries/1718,all_mode,2026-10-09T19:14:59.064319+00:00
1719,苗加屋,,16,富山県,富山縣,中部,,,,,,,https://sakenowa.com/breweries/1719,all_mode,2026-10-09T19:14:59.064422+00:00
1720,曲イ田中酒造,,1,北海道,北海道,北海道,,,,,,,https://sakenowa.com/breweries/1720,all_mode,2026-10-09T19:14:59.064517+00:00
1721,元見屋酒店,,38,愛媛県,愛媛縣,四國,,,,,,,https://sakenowa.com/breweries/1721,all_mode,2026-10-09T19:14:59.064612+00:00
1722,清龍酒造,,11,埼玉県,埼玉縣,關東,,,,,,,https://sakenowa.com/breweries/1722,all_mode,2026-10-09T19:14:59.064707+00:00
1723,酒持田酒造,,32,島根県,島根縣,中國,,,,,,,https://sakenowa.com/breweries/1723,all_mode,2026-10-09T19:14:59.064801+00:00
1725,生熊酒造,,34,広島県,廣島縣,中國,,,,,,,https://sakenowa.com/breweries/1725,all_mode,2026-10-09T19:14:59.064896+00:00
1726,吉久保酒造,,14,神奈川県,神奈川縣,關東,,,,,,,https://sakenowa.com/breweries/1726,all_mode,2026-10-09T19:14:59.064991+00:00
1728,丸一酒造,,29,奈良県,奈良縣,近畿,,,,,,,https://sakenowa.com/breweries/1728,all_mode,2026-10-09T19:14:59.065086+00:00
1729,尾澤酒造場,,16,富山県,富山縣,中部,,,,,,,https://sakenowa.com/breweries/1729,all_mode,2026-10-09T19:14:59.065183+00:00
1730,神田豊島屋,,13,東京都,東京都,關東,,,,,,,https://sakenowa.com/breweries/1730,all_mode,2026-10-09T19:14:59.065279+00:00
1731,青木酒造,,8,茨城県,茨城縣,關東,,,,,,,https://sakenowa.com/breweries/1731,all_mode,2026-10-09T19:14:59.065382+00:00
1732,天喜,,11,埼玉県,埼玉縣,關東,,,,,,,https://sakenowa.com/breweries/1732,all_mode,2026-10-09T19:14:59.065478+00:00
1733,麻原酒造,,11,埼玉県,埼玉縣,關東,,,,,,,https://sakenowa.com/breweries/1733,all_mode,2026-10-09T19:14:59.065573+00:00
1734,御殿桜,,36,徳島県,德島縣,四國,,,,,,,https://sakenowa.com/breweries/1734,all_mode,2026-10-09T19:14:59.065669+00:00
1735,吉源酒造場,,34,広島県,廣島縣,中國,,,,,,,https://sakenowa.com/breweries/1735,all_mode,2026-10-09T19:14:59.065766+00:00
1736,錦屋,,4,宮城県,宮城縣,東北,,,,,,,https://sakenowa.com/breweries/1736,all_mode,2026-10-09T19:14:59.065862+00:00
1737,かめはた,,1,北海道,北海道,北海道,,,,,,,https://sakenowa.com/breweries/1737,all_mode,2026-10-09T19:14:59.065957+00:00
1738,宍粟老松酒造,,28,兵庫県,兵庫縣,近畿,,,,,,,https://sakenowa.com/breweries/1738,all_mode,2026-10-09T19:14:59.066060+00:00
1739,中村酒造,,13,東京都,東京都,關東,,,,,,,https://sakenowa.com/breweries/1739,all_mode,2026-10-09T19:14:59.066159+00:00
1740,若関酒造,,7,福島県,福島縣,東北,,,,,,,https://sakenowa.com/breweries/1740,all_mode,2026-10-09T19:14:59.066261+00:00
1741,加藤酒造店,,15,新潟県,新潟縣,中部,,,,,,,https://sakenowa.com/breweries/1741,all_mode,2026-10-09T19:14:59.066363+00:00
1742,佐渡発酵,,15,新潟県,新潟縣,中部,,,,,,,https://sakenowa.com/breweries/1742,all_mode,2026-10-09T19:14:59.066465+00:00
1743,近藤,,15,新潟県,新潟縣,中部,,,,,,,https://sakenowa.com/breweries/1743,all_mode,2026-10-09T19:14:59.066560+00:00
1744,富士酒造,,6,山形県,山形縣,東北,,,,,,,https://sakenowa.com/breweries/1744,all_mode,2026-10-09T19:14:59.066655+00:00
1745,松井屋酒造場,,21,岐阜県,岐阜縣,中部,,,,,,,https://sakenowa.com/breweries/1745,all_mode,2026-10-09T19:14:59.066751+00:00
1746,田中屋酒造店,,20,長野県,長野縣,中部,,,,,,,https://sakenowa.com/breweries/1746,all_mode,2026-10-09T19:14:59.066850+00:00
1747,越乃めぐみ,,16,富山県,富山縣,中部,,,,,,,https://sakenowa.com/breweries/1747,all_mode,2026-10-09T19:14:59.066946+00:00
1748,鈴木宗右衛門酒造,,30,和歌山県,和歌山縣,近畿,,,,,,,https://sakenowa.com/breweries/1748,all_mode,2026-10-09T19:14:59.067042+00:00
1749,檜物屋酒造店,,7,福島県,福島縣,東北,,,,,,,https://sakenowa.com/breweries/1749,all_mode,2026-10-09T19:14:59.067139+00:00
1751,ぶんご銘醸,,44,大分県,大分縣,九州,,,,,,,https://sakenowa.com/breweries/1751,all_mode,2026-10-09T19:14:59.067236+00:00
1752,黒松稲天,,29,奈良県,奈良縣,近畿,,,,,,,https://sakenowa.com/breweries/1752,all_mode,2026-10-09T19:14:59.067331+00:00
1753,伊勢萬,,24,三重県,三重縣,近畿,,,,,,,https://sakenowa.com/breweries/1753,all_mode,2026-10-09T19:14:59.067436+00:00
1754,神崎酒造,,12,千葉県,千葉縣,關東,,,,,,,https://sakenowa.com/breweries/1754,all_mode,2026-10-09T19:14:59.067535+00:00
1756,稲葉酒造,,8,茨城県,茨城縣,關東,,,,,,,https://sakenowa.com/breweries/1756,all_mode,2026-10-09T19:14:59.067630+00:00
1757,wakaze,,6,山形県,山形縣,東北,,,,,,,https://sakenowa.com/breweries/1757,all_mode,2026-10-09T19:14:59.067727+00:00
1758,小原酒造,,7,福島県,福島縣,東北,,,,,,,https://sakenowa.com/breweries/1758,all_mode,2026-10-09T19:14:59.067821+00:00
1759,Zenkuro,,0,その他,,,,,,,,,https://sakenowa.com/breweries/1759,all_mode,2026-10-09T19:14:59.067918+00:00
1760,綾杉酒造場,,40,福岡県,福岡縣,九州,,,,,,,https://sakenowa.com/breweries/1760,all_mode,2026-10-09T19:14:59.068025+00:00
1761,今小町酒造,,36,徳島県,德島縣,四國,,,,,,,https://sakenowa.com/breweries/1761,all_mode,2026-10-09T19:14:59.068121+00:00
1762,瀬戸酒造店,,14,神奈川県,神奈川縣,關東,,,,,,,https://sakenowa.com/breweries/1762,all_mode,2026-10-09T19:14:59.068217+00:00
1763,鳩正宗,,2,青森県,青森縣,東北,,,,,,,https://sakenowa.com/breweries/1763,all_mode,2026-10-09T19:14:59.068322+00:00
1764,宏和商工,,8,茨城県,茨城縣,關東,,,,,,,https://sakenowa.com/breweries/1764,all_mode,2026-10-09T19:14:59.068437+00:00
1765,八尾本店,,11,埼玉県,埼玉縣,關東,,,,,,,https://sakenowa.com/breweries/1765,all_mode,2026-10-09T19:14:59.068532+00:00
1766,住乃井酒造,,15,新潟県,新潟縣,中部,,,,,,,https://sakenowa.com/breweries/1766,all_mode,2026-10-09T19:14:59.068626+00:00
1767,若清水酒造,,7,福島県,福島縣,東北,,,,,,,https://sakenowa.com/breweries/1767,all_mode,2026-10-09T19:14:59.068721+00:00
1768,東京銘醸倶楽部,,13,東京都,東京都,關東,,,,,,,https://sakenowa.com/breweries/1768,all_mode,2026-10-09T19:14:59.068816+00:00
1769,野沢酒造,,6,山形県,山形縣,東北,,,,,,,https://sakenowa.com/breweries/1769,all_mode,2026-10-09T19:14:59.068916+00:00
1770,特別純米酒こしひかり,,15,新潟県,新潟縣,中部,,,,,,,https://sakenowa.com/breweries/1770,all_mode,2026-10-09T19:14:59.069012+00:00
1771,池浦酒造,,15,新潟県,新潟縣,中部,,,,,,,https://sakenowa.com/breweries/1771,all_mode,2026-10-09T19:14:59.069114+00:00
1772,北善商店,,18,福井県,福井縣,中部,,,,,,,https://sakenowa.com/breweries/1772,all_mode,2026-10-09T19:14:59.069210+00:00
1773,剛烈酒造,,8,茨城県,茨城縣,關東,,,,,,,https://sakenowa.com/breweries/1773,all_mode,2026-10-09T19:14:59.069307+00:00
1774,旭鶴,,8,茨城県,茨城縣,關東,,,,,,,https://sakenowa.com/breweries/1774,all_mode,2026-10-09T19:14:59.069415+00:00
1775,大天狗酒造,,7,福島県,福島縣,東北,,,,,,,https://sakenowa.com/breweries/1775,all_mode,2026-10-09T19:14:59.069511+00:00
1776,藤橋藤三郎商店,,11,埼玉県,埼玉縣,關東,,,,,,,https://sakenowa.com/breweries/1776,all_mode,2026-10-09T19:14:59.069607+00:00
1777,秋田誉酒造,,5,秋田県,秋田縣,東北,,,,,,,https://sakenowa.com/breweries/1777,all_mode,2026-10-09T19:14:59.069702+00:00
1778,長珍酒造,,23,愛知県,愛知縣,中部,,,,,,,https://sakenowa.com/breweries/1778,all_mode,2026-10-09T19:14:59.069797+00:00
1779,齋彌酒造,,5,秋田県,秋田縣,東北,,,,,,,https://sakenowa.com/breweries/1779,all_mode,2026-10-09T19:14:59.069892+00:00
1780,瑞泉酒造,,47,沖縄県,沖繩縣,沖繩,,,,,,,https://sakenowa.com/breweries/1780,all_mode,2026-10-09T19:14:59.069988+00:00
1781,今期仁酒造,,47,沖縄県,沖繩縣,沖繩,,,,,,,https://sakenowa.com/breweries/1781,all_mode,2026-10-09T19:14:59.070085+00:00
1782,児玉酒造,,35,山口県,山口縣,中國,,,,,,,https://sakenowa.com/breweries/1782,all_mode,2026-10-09T19:14:59.070180+00:00
1783,馬場本店酒造,,12,千葉県,千葉縣,關東,,,,,,,https://sakenowa.com/breweries/1783,all_mode,2026-10-09T19:14:59.070275+00:00
1786,角田酒造,,31,鳥取県,鳥取縣,中國,,,,,,,https://sakenowa.com/breweries/1786,all_mode,2026-10-09T19:14:59.070378+00:00
1789,箕面ビール,,27,大阪府,大阪府,近畿,,,,,,,https://sakenowa.com/breweries/1789,all_mode,2026-10-09T19:14:59.070473+00:00
1790,永井酒造場醸,,23,愛知県,愛知縣,中部,,,,,,,https://sakenowa.com/breweries/1790,all_mode,2026-10-09T19:14:59.070568+00:00
1791,二羽鶴酒造場,,17,石川県,石川縣,中部,,,,,,,https://sakenowa.com/breweries/1791,all_mode,2026-10-09T19:14:59.070663+00:00
1792,森酒造場,,42,長崎県,長崎縣,九州,,,,,,,https://sakenowa.com/breweries/1792,all_mode,2026-10-09T19:14:59.070758+00:00
1793,朝顔酒造,,3,岩手県,岩手縣,東北,,,,,,,https://sakenowa.com/breweries/1793,all_mode,2026-10-09T19:14:59.070863+00:00
1794,花関酒造,,40,福岡県,福岡縣,九州,,,,,,,https://sakenowa.com/breweries/1794,all_mode,2026-10-09T19:14:59.070958+00:00
1795,弥栄鶴,,26,京都府,京都府,近畿,,,,,,,https://sakenowa.com/breweries/1795,all_mode,2026-10-09T19:14:59.071055+00:00
1796,麻原酒造,,9,栃木県,栃木縣,關東,,,,,,,https://sakenowa.com/breweries/1796,all_mode,2026-10-09T19:14:59.071150+00:00
1797,阿部勘酒造,,4,宮城県,宮城縣,東北,,,,,,,https://sakenowa.com/breweries/1797,all_mode,2026-10-09T19:14:59.071248+00:00
1798,松波酒造,,17,石川県,石川縣,中部,,,,,,,https://sakenowa.com/breweries/1798,all_mode,2026-10-09T19:14:59.071350+00:00
1799,Seko Shuzo,,25,滋賀県,滋賀縣,近畿,,,,,,,https://sakenowa.com/breweries/1799,all_mode,2026-10-09T19:14:59.071445+00:00
1800,山栄遠藤酒造店,,6,山形県,山形縣,東北,,,,,,,https://sakenowa.com/breweries/1800,all_mode,2026-10-09T19:14:59.071539+00:00
1801,西飯田酒造,,20,長野県,長野縣,中部,,,,,,,https://sakenowa.com/breweries/1801,all_mode,2026-10-09T19:14:59.071634+00:00
1802,信州くらうど,,20,長野県,長野縣,中部,,,,,,,https://sakenowa.com/breweries/1802,all_mode,2026-10-09T19:14:59.071728+00:00
1803,中国醸造(株),,34,広島県,廣島縣,中國,,,,,,,https://sakenowa.com/breweries/1803,all_mode,2026-10-09T19:14:59.071823+00:00
1804,出羽桜,,6,山形県,山形縣,東北,,,,,,,https://sakenowa.com/breweries/1804,all_mode,2026-10-09T19:14:59.071920+00:00
1805,カネタ玉田酒造,,2,青森県,青森縣,東北,,,,,,,https://sakenowa.com/breweries/1805,all_mode,2026-10-09T19:14:59.072016+00:00
1806,おおやま夢工房,,44,大分県,大分縣,九州,,,,,,,https://sakenowa.com/breweries/1806,all_mode,2026-10-09T19:14:59.072111+00:00
1807,信州銘醸,,20,長野県,長野縣,中部,,,,,,,https://sakenowa.com/breweries/1807,all_mode,2026-10-09T19:14:59.072213+00:00
1808,向原酒造,,34,広島県,廣島縣,中國,,,,,,,https://sakenowa.com/breweries/1808,all_mode,2026-10-09T19:14:59.072308+00:00
1809,東の麓に,,6,山形県,山形縣,東北,,,,,,,https://sakenowa.com/breweries/1809,all_mode,2026-10-09T19:14:59.072411+00:00
1810,小浜酒造,,18,福井県,福井縣,中部,,,,,,,https://sakenowa.com/breweries/1810,all_mode,2026-10-09T19:14:59.072506+00:00
1811,若竹屋酒造所,,40,福岡県,福岡縣,九州,,,,,,,https://sakenowa.com/breweries/1811,all_mode,2026-10-09T19:14:59.072601+00:00
1812,WAKAZE (三軒茶屋),,13,東京都,東京都,關東,,,,,,,https://sakenowa.com/breweries/1812,all_mode,2026-10-09T19:14:59.072696+00:00
1813,國産酒造,,28,兵庫県,兵庫縣,近畿,,,,,,,https://sakenowa.com/breweries/1813,all_mode,2026-10-09T19:14:59.072796+00:00
1814,ten,,28,兵庫県,兵庫縣,近畿,,,,,,,https://sakenowa.com/breweries/1814,all_mode,2026-10-09T19:14:59.072891+00:00
1815,今津酒造,,28,兵庫県,兵庫縣,近畿,,,,,,,https://sakenowa.com/breweries/1815,all_mode,2026-10-09T19:14:59.072988+00:00
1816,本野田酒造,,28,兵庫県,兵庫縣,近畿,,,,,,,https://sakenowa.com/breweries/1816,all_mode,2026-10-09T19:14:59.073083+00:00
1817,但馬醸造所,,28,兵庫県,兵庫縣,近畿,,,,,,,https://sakenowa.com/breweries/1817,all_mode,2026-10-09T19:14:59.073178+00:00
1818,"OZEKI SAKE, INC.",,0,その他,,,,,,,,,https://sakenowa.com/breweries/1818,all_mode,2026-10-09T19:14:59.073273+00:00
1819,稲田酒造,,29,奈良県,奈良縣,近畿,,,,,,,https://sakenowa.com/breweries/1819,all_mode,2026-10-09T19:14:59.073375+00:00
1820,大和酒造,,28,兵庫県,兵庫縣,近畿,,,,,,,https://sakenowa.com/breweries/1820,all_mode,2026-10-09T19:14:59.073470+00:00
1821,Sun Masamune,,0,その他,,,,,,,,,https://sakenowa.com/breweries/1821,all_mode,2026-10-09T19:14:59.073565+00:00
1822,Kanpai,,0,その他,,,,,,,,,https://sakenowa.com/breweries/1822,all_mode,2026-10-09T19:14:59.073670+00:00
1823,昇涙酒造,,0,その他,,,,,,,,,https://sakenowa.com/breweries/1823,all_mode,2026-10-09T19:14:59.073778+00:00
1825,Artisan SAKE Maker,,0,その他,,,,,,,,,https://sakenowa.com/breweries/1825,all_mode,2026-10-09T19:14:59.073889+00:00
1826,YK3,,0,その他,,,,,,,,,https://sakenowa.com/breweries/1826,all_mode,2026-10-09T19:14:59.073988+00:00
1827,タホマフジ酒造,,0,その他,,,,,,,,,https://sakenowa.com/breweries/1827,all_mode,2026-10-09T19:14:59.074088+00:00
1828,セコイヤ,,0,その他,,,,,,,,,https://sakenowa.com/breweries/1828,all_mode,2026-10-09T19:14:59.074187+00:00
1829,田酒造,,0,その他,,,,,,,,,https://sakenowa.com/breweries/1829,all_mode,2026-10-09T19:14:59.074284+00:00
1830,Wadaya,,0,その他,,,,,,,,,https://sakenowa.com/breweries/1830,all_mode,2026-10-09T19:14:59.074394+00:00
1831,ULTRAMARINO,,0,その他,,,,,,,,,https://sakenowa.com/breweries/1831,all_mode,2026-10-09T19:14:59.074491+00:00
1832,Hue Foods Company,,0,その他,,,,,,,,,https://sakenowa.com/breweries/1832,all_mode,2026-10-09T19:14:59.074589+00:00
1833,招德酒造,,26,京都府,京都府,近畿,,,,,,,https://sakenowa.com/breweries/1833,all_mode,2026-10-09T19:14:59.074689+00:00
1834,安井酒造,,28,兵庫県,兵庫縣,近畿,,,,,,,https://sakenowa.com/breweries/1834,all_mode,2026-10-09T19:14:59.074784+00:00
1835,文太郎,,28,兵庫県,兵庫縣,近畿,,,,,,,https://sakenowa.com/breweries/1835,all_mode,2026-10-09T19:14:59.074881+00:00
1836,光栄菊酒造,,41,佐賀県,佐賀縣,九州,,,,,,,https://sakenowa.com/breweries/1836,all_mode,2026-10-09T19:14:59.074977+00:00
1837,大地酒造,,44,大分県,大分縣,九州,,,,,,,https://sakenowa.com/breweries/1837,all_mode,2026-10-09T19:14:59.075078+00:00
1839,養老酒造,,38,愛媛県,愛媛縣,四國,,,,,,,https://sakenowa.com/breweries/1839,all_mode,2026-10-09T19:14:59.075179+00:00
1840,須藤本家,,12,千葉県,千葉縣,關東,,,,,,,https://sakenowa.com/breweries/1840,all_mode,2026-10-09T19:14:59.075276+00:00
1841,木花之醸造所,,13,東京都,東京都,關東,,,,,,,https://sakenowa.com/breweries/1841,all_mode,2026-10-09T19:14:59.075386+00:00
1842,武智酒店,,38,愛媛県,愛媛縣,四國,,,,,,,https://sakenowa.com/breweries/1842,all_mode,2026-10-09T19:14:59.075485+00:00
1844,西酒造,,46,鹿児島県,鹿兒島縣,九州,,,,,,,https://sakenowa.com/breweries/1844,all_mode,2026-10-09T19:14:59.075584+00:00
1845,東京駅酒造場,,13,東京都,東京都,關東,,,,,,,https://sakenowa.com/breweries/1845,all_mode,2026-10-09T19:14:59.075684+00:00
1846,松田酒造,,38,愛媛県,愛媛縣,四國,,,,,,,https://sakenowa.com/breweries/1846,all_mode,2026-10-09T19:14:59.075783+00:00
1847,菊乃香酒造,,8,茨城県,茨城縣,關東,,,,,,,https://sakenowa.com/breweries/1847,all_mode,2026-10-09T19:14:59.075880+00:00
1848,WAKAZE,,0,その他,,,,,,,,,https://sakenowa.com/breweries/1848,all_mode,2026-10-09T19:14:59.075980+00:00
1849,津乃峰酒造,,36,徳島県,德島縣,四國,,,,,,,https://sakenowa.com/breweries/1849,all_mode,2026-10-09T19:14:59.076087+00:00
1850,長州酒造,,35,山口県,山口縣,中國,,,,,,,https://sakenowa.com/breweries/1850,all_mode,2026-10-09T19:14:59.076186+00:00
1851,力泉酒造,,18,福井県,福井縣,中部,,,,,,,https://sakenowa.com/breweries/1851,all_mode,2026-10-09T19:14:59.076289+00:00
1853,金鳳酒造,,32,島根県,島根縣,中國,,,,,,,https://sakenowa.com/breweries/1853,all_mode,2026-10-09T19:14:59.076399+00:00
1854,諏訪御湖鶴酒造場,,20,長野県,長野縣,中部,,,,,,,https://sakenowa.com/breweries/1854,all_mode,2026-10-09T19:14:59.076502+00:00
1855,中山酒造,,24,三重県,三重縣,近畿,,,,,,,https://sakenowa.com/breweries/1855,all_mode,2026-10-09T19:14:59.076602+00:00
1857,箱館醸蔵,,1,北海道,北海道,北海道,,,,,,,https://sakenowa.com/breweries/1857,all_mode,2026-10-09T19:14:59.076700+00:00
1858,井村屋,,24,三重県,三重縣,近畿,,,,,,,https://sakenowa.com/breweries/1858,all_mode,2026-10-09T19:14:59.076802+00:00
1859,RiceWine,,14,神奈川県,神奈川縣,關東,,,,,,,https://sakenowa.com/breweries/1859,all_mode,2026-10-09T19:14:59.076906+00:00
1861,男山酒造店,,7,福島県,福島縣,東北,,,,,,,https://sakenowa.com/breweries/1861,all_mode,2026-10-09T19:14:59.077007+00:00
1863,林酒造,,34,広島県,廣島縣,中國,,,,,,,https://sakenowa.com/breweries/1863,all_mode,2026-10-09T19:14:59.077113+00:00
1864,今村酒造,,38,愛媛県,愛媛縣,四國,,,,,,,https://sakenowa.com/breweries/1864,all_mode,2026-10-09T19:14:59.077211+00:00
1865,Brooklyn Kura,,0,その他,,,,,,,,,https://sakenowa.com/breweries/1865,all_mode,2026-10-09T19:14:59.077314+00:00
1866,Islander Sake Brewery,,0,その他,,,,,,,,,https://sakenowa.com/breweries/1866,all_mode,2026-10-09T19:14:59.077419+00:00
1867,Seda Líquida,,0,その他,,,,,,,,,https://sakenowa.com/breweries/1867,all_mode,2026-10-09T19:14:59.077516+00:00
1868,松尾酒造,,39,高知県,高知縣,四國,,,,,,,https://sakenowa.com/breweries/1868,all_mode,2026-10-09T19:14:59.077613+00:00
1869,小泉酒造,,38,愛媛県,愛媛縣,四國,,,,,,,https://sakenowa.com/breweries/1869,all_mode,2026-10-09T19:14:59.077710+00:00
1870,名門サカイ,,38,愛媛県,愛媛縣,四國,,,,,,,https://sakenowa.com/breweries/1870,all_mode,2026-10-09T19:14:59.077811+00:00
1871,伊東,,23,愛知県,愛知縣,中部,,,,,,,https://sakenowa.com/breweries/1871,all_mode,2026-10-09T19:14:59.077914+00:00
1872,かち鶴酒造,,38,愛媛県,愛媛縣,四國,,,,,,,https://sakenowa.com/breweries/1872,all_mode,2026-10-09T19:14:59.078016+00:00
1873,赤松本家酒造,,38,愛媛県,愛媛縣,四國,,,,,,,https://sakenowa.com/breweries/1873,all_mode,2026-10-09T19:14:59.078117+00:00
1874,小西酒造場,,38,愛媛県,愛媛縣,四國,,,,,,,https://sakenowa.com/breweries/1874,all_mode,2026-10-09T19:14:59.078215+00:00
1875,金銀花酒造,,23,愛知県,愛知縣,中部,,,,,,,https://sakenowa.com/breweries/1875,all_mode,2026-10-09T19:14:59.078315+00:00
1876,後藤酒造場,,40,福岡県,福岡縣,九州,,,,,,,https://sakenowa.com/breweries/1876,all_mode,2026-10-09T19:14:59.078420+00:00
1877,佐々木酒造,,38,愛媛県,愛媛縣,四國,,,,,,,https://sakenowa.com/breweries/1877,all_mode,2026-10-09T19:14:59.078521+00:00
1878,池田屋 (最進酒造),,38,愛媛県,愛媛縣,四國,,,,,,,https://sakenowa.com/breweries/1878,all_mode,2026-10-09T19:14:59.078623+00:00
1879,徳本酒造,,38,愛媛県,愛媛縣,四國,,,,,,,https://sakenowa.com/breweries/1879,all_mode,2026-10-09T19:14:59.078720+00:00
1880,日々醸造,,26,京都府,京都府,近畿,,,,,,,https://sakenowa.com/breweries/1880,all_mode,2026-10-09T19:14:59.078817+00:00
1881,佐藤酒造店,,7,福島県,福島縣,東北,,,,,,,https://sakenowa.com/breweries/1881,all_mode,2026-10-09T19:14:59.078922+00:00
1882,佐賀大学,,41,佐賀県,佐賀縣,九州,,,,,,,https://sakenowa.com/breweries/1882,all_mode,2026-10-09T19:14:59.079021+00:00
1883,稲とアガベ醸造所,,5,秋田県,秋田縣,東北,,,,,,,https://sakenowa.com/breweries/1883,all_mode,2026-10-09T19:14:59.079119+00:00
1884,望月酒造,,25,滋賀県,滋賀縣,近畿,,,,,,,https://sakenowa.com/breweries/1884,all_mode,2026-10-09T19:14:59.079220+00:00
1885,渡辺酒造醸,,21,岐阜県,岐阜縣,中部,,,,,,,https://sakenowa.com/breweries/1885,all_mode,2026-10-09T19:14:59.079318+00:00
1886,清水酒造,,14,神奈川県,神奈川縣,關東,,,,,,,https://sakenowa.com/breweries/1886,all_mode,2026-10-09T19:14:59.079433+00:00
1889,Takara Sake USA,,0,その他,,,,,,,,,https://sakenowa.com/breweries/1889,all_mode,2026-10-09T19:14:59.079530+00:00
1890,Gekkeikan Sake (USA),,0,その他,,,,,,,,,https://sakenowa.com/breweries/1890,all_mode,2026-10-09T19:14:59.079648+00:00
1891,村井醸造,,8,茨城県,茨城縣,關東,,,,,,,https://sakenowa.com/breweries/1891,all_mode,2026-10-09T19:14:59.079754+00:00
1892,嶋崎酒造,,8,茨城県,茨城縣,關東,,,,,,,https://sakenowa.com/breweries/1892,all_mode,2026-10-09T19:14:59.079857+00:00
1893,檜山酒造,,8,茨城県,茨城縣,關東,,,,,,,https://sakenowa.com/breweries/1893,all_mode,2026-10-09T19:14:59.079955+00:00
1894,北村醸造場,,34,広島県,廣島縣,中國,,,,,,,https://sakenowa.com/breweries/1894,all_mode,2026-10-09T19:14:59.080060+00:00
1895,ハッピー太郎醸造所,,25,滋賀県,滋賀縣,近畿,,,,,,,https://sakenowa.com/breweries/1895,all_mode,2026-10-09T19:14:59.080159+00:00
1896,田部竹下酒造,,32,島根県,島根縣,中國,,,,,,,https://sakenowa.com/breweries/1896,all_mode,2026-10-09T19:14:59.080255+00:00
1897,LIBROM,,40,福岡県,福岡縣,九州,,,,,,,https://sakenowa.com/breweries/1897,all_mode,2026-10-09T19:14:59.080374+00:00
1898,松山酒造,,26,京都府,京都府,近畿,,,,,,,https://sakenowa.com/breweries/1898,all_mode,2026-10-09T19:14:59.080475+00:00
1899,小柳酒造,,41,佐賀県,佐賀縣,九州,,,,,,,https://sakenowa.com/breweries/1899,all_mode,2026-10-09T19:14:59.080576+00:00
1900,白岩,,16,富山県,富山縣,中部,,,,,,,https://sakenowa.com/breweries/1900,all_mode,2026-10-09T19:14:59.080680+00:00
1901,桜川酒造,,6,山形県,山形縣,東北,,,,,,,https://sakenowa.com/breweries/1901,all_mode,2026-10-09T19:14:59.080780+00:00
1902,LAGOON BREWERY,,15,新潟県,新潟縣,中部,,,,,,,https://sakenowa.com/breweries/1902,all_mode,2026-10-09T19:14:59.080878+00:00
1903,七曜酒造,,40,福岡県,福岡縣,九州,,,,,,,https://sakenowa.com/breweries/1903,all_mode,2026-10-09T19:14:59.080977+00:00
1904,杉の森酒造,,20,長野県,長野縣,中部,,,,,,,https://sakenowa.com/breweries/1904,all_mode,2026-10-09T19:14:59.081082+00:00
1905,旭酒造,,24,三重県,三重縣,近畿,,,,,,,https://sakenowa.com/breweries/1905,all_mode,2026-10-09T19:14:59.081185+00:00
1906,東京八王子酒造,,13,東京都,東京都,關東,,,,,,,https://sakenowa.com/breweries/1906,all_mode,2026-10-09T19:14:59.081282+00:00
1908,高千穂ムラたび,,45,宮崎県,宮崎縣,九州,,,,,,,https://sakenowa.com/breweries/1908,all_mode,2026-10-09T19:14:59.081387+00:00
1909,勢玉,,36,徳島県,德島縣,四國,,,,,,,https://sakenowa.com/breweries/1909,all_mode,2026-10-09T19:14:59.081495+00:00
1910,財間酒場,,32,島根県,島根縣,中國,,,,,,,https://sakenowa.com/breweries/1910,all_mode,2026-10-09T19:14:59.081592+00:00
1912,萬年亀酒造,,40,福岡県,福岡縣,九州,,,,,,,https://sakenowa.com/breweries/1912,all_mode,2026-10-09T19:14:59.081692+00:00
1913,大岩酒造本店,,31,鳥取県,鳥取縣,中國,,,,,,,https://sakenowa.com/breweries/1913,all_mode,2026-10-09T19:14:59.081802+00:00
1914,友田酒造,,28,兵庫県,兵庫縣,近畿,,,,,,,https://sakenowa.com/breweries/1914,all_mode,2026-10-09T19:14:59.081901+00:00
1915,平六醸造,,3,岩手県,岩手縣,東北,,,,,,,https://sakenowa.com/breweries/1915,all_mode,2026-10-09T19:14:59.082001+00:00
1916,吉本醸造,,36,徳島県,德島縣,四國,,,,,,,https://sakenowa.com/breweries/1916,all_mode,2026-10-09T19:14:59.082107+00:00
1917,豊田酒造,,23,愛知県,愛知縣,中部,,,,,,,https://sakenowa.com/breweries/1917,all_mode,2026-10-09T19:14:59.082204+00:00
1918,松島酒造,,24,三重県,三重縣,近畿,,,,,,,https://sakenowa.com/breweries/1918,all_mode,2026-10-09T19:14:59.082307+00:00
1919,小川本家,,24,三重県,三重縣,近畿,,,,,,,https://sakenowa.com/breweries/1919,all_mode,2026-10-09T19:14:59.082422+00:00
1920,しまんと糀工房,,39,高知県,高知縣,四國,,,,,,,https://sakenowa.com/breweries/1920,all_mode,2026-10-09T19:14:59.082529+00:00
1921,nondo,,7,福島県,福島縣,東北,,,,,,,https://sakenowa.com/breweries/1921,all_mode,2026-10-09T19:14:59.082626+00:00
1922,花咲山醸造所,,12,千葉県,千葉縣,關東,,,,,,,https://sakenowa.com/breweries/1922,all_mode,2026-10-09T19:14:59.082727+00:00
1923,甍酒蔵,,20,長野県,長野縣,中部,,,,,,,https://sakenowa.com/breweries/1923,all_mode,2026-10-09T19:14:59.082830+00:00
1924,珂北酒造,,8,茨城県,茨城縣,關東,,,,,,,https://sakenowa.com/breweries/1924,all_mode,2026-10-09T19:14:59.082929+00:00
1925,足立農醸,,27,大阪府,大阪府,近畿,,,,,,,https://sakenowa.com/breweries/1925,all_mode,2026-10-09T19:14:59.083029+00:00
1926,川澤酒造,,39,高知県,高知縣,四國,,,,,,,https://sakenowa.com/breweries/1926,all_mode,2026-10-09T19:14:59.083130+00:00
1927,御殿場石川酒造,,22,静岡県,靜岡縣,中部,,,,,,,https://sakenowa.com/breweries/1927,all_mode,2026-10-09T19:14:59.083242+00:00
1930,西の誉銘醸,,44,大分県,大分縣,九州,,,,,,,https://sakenowa.com/breweries/1930,all_mode,2026-10-09T19:14:59.083351+00:00
1932,山成酒造,,33,岡山県,岡山縣,中國,,,,,,,https://sakenowa.com/breweries/1932,all_mode,2026-10-09T19:14:59.083445+00:00
1933,日本伝統濁酒研究所,,35,山口県,山口縣,中國,,,,,,,https://sakenowa.com/breweries/1933,all_mode,2026-10-09T19:14:59.083552+00:00
1934,川村酒造場,,35,山口県,山口縣,中國,,,,,,,https://sakenowa.com/breweries/1934,all_mode,2026-10-09T19:14:59.083646+00:00
1935,山川酒造,,10,群馬県,群馬縣,關東,,,,,,,https://sakenowa.com/breweries/1935,all_mode,2026-10-09T19:14:59.083745+00:00
1936,原始人会,,28,兵庫県,兵庫縣,近畿,,,,,,,https://sakenowa.com/breweries/1936,all_mode,2026-10-09T19:14:59.083844+00:00
1937,片岡酒造,,40,福岡県,福岡縣,九州,,,,,,,https://sakenowa.com/breweries/1937,all_mode,2026-10-09T19:14:59.083942+00:00
1938,奥澤商会,,20,長野県,長野縣,中部,,,,,,,https://sakenowa.com/breweries/1938,all_mode,2026-10-09T19:14:59.084039+00:00
1939,髙祖酒造,,33,岡山県,岡山縣,中國,,,,,,,https://sakenowa.com/breweries/1939,all_mode,2026-10-09T19:14:59.084138+00:00
1940,神楽酒造,,24,三重県,三重縣,近畿,,,,,,,https://sakenowa.com/breweries/1940,all_mode,2026-10-09T19:14:59.084235+00:00
1942,森山酒造,,40,福岡県,福岡縣,九州,,,,,,,https://sakenowa.com/breweries/1942,all_mode,2026-10-09T19:14:59.084331+00:00
1943,今井酒造店,,10,群馬県,群馬縣,關東,,,,,,,https://sakenowa.com/breweries/1943,all_mode,2026-10-09T19:14:59.084438+00:00
1944,丸永酒造場,,20,長野県,長野縣,中部,,,,,,,https://sakenowa.com/breweries/1944,all_mode,2026-10-09T19:14:59.084532+00:00
1945,NOMU醸造所,,47,沖縄県,沖繩縣,沖繩,,,,,,,https://sakenowa.com/breweries/1945,all_mode,2026-10-09T19:14:59.084631+00:00
1946,土浦醸造,,8,茨城県,茨城縣,關東,,,,,,,https://sakenowa.com/breweries/1946,all_mode,2026-10-09T19:14:59.084730+00:00
1947,秋保ハートロックサケ,,4,宮城県,宮城縣,東北,,,,,,,https://sakenowa.com/breweries/1947,all_mode,2026-10-09T19:14:59.084829+00:00
1948,日本の古酒蔵,,28,兵庫県,兵庫縣,近畿,,,,,,,https://sakenowa.com/breweries/1948,all_mode,2026-10-09T19:14:59.084938+00:00
1949,あい娘酒造,,42,長崎県,長崎縣,九州,,,,,,,https://sakenowa.com/breweries/1949,all_mode,2026-10-09T19:14:59.085043+00:00
