product_id,brewery_id,brewery_name_jp,name_jp,name_zhtw,area_jp,area_zhtw,sake_type,rice_variety,rice_origin,seimaibuai,yeast,abv,smv,acidity,amino_acid,flavor_f1_華やか,flavor_f2_芳醇,flavor_f3_重厚,flavor_f4_穏やか,flavor_f5_ドライ,flavor_f6_軽快,flavor_tags,flavor_tags_jp,sakenowa_brand_id,sakenowa_brand_url,updated_at
sn_1,1,金滴酒造,新十津川,,北海道,北海道,,,,,,,,,,,,,,,,,,1,https://sakenowa.com/brands/1,2026-09-28T20:22:25.263513+00:00
sn_1563,1,金滴酒造,金滴彗星,,北海道,北海道,,,,,,,,,,,,,,,,,,1563,https://sakenowa.com/brands/1563,2026-09-28T20:22:25.263523+00:00
sn_1811,1,金滴酒造,金滴,,北海道,北海道,,,,,,,,,,0.11676905068041077,0.564468154575439,0.45635588101998176,0.49441518669266216,0.38219100456963134,0.2626093302333074,"辛口,鮮味,甘甜","辛口,旨味,甘味",1811,https://sakenowa.com/brands/1811,2026-09-28T20:22:25.263532+00:00
sn_2231,1,金滴酒造,金滴吟風,,北海道,北海道,,,,,,,,,,,,,,,,"ふんわり,酸味,辛口","ふんわり,酸味,辛口",2231,https://sakenowa.com/brands/2231,2026-09-28T20:22:25.263539+00:00
sn_2998,1,金滴酒造,金滴北雫,,北海道,北海道,,,,,,,,,,,,,,,,辛口,辛口,2998,https://sakenowa.com/brands/2998,2026-09-28T20:22:25.263545+00:00
sn_2,2,男山,男山,,北海道,北海道,,,,,,,,,,0.25035795876653144,0.5431938244172154,0.3230093746886523,0.4140670667078648,0.43028222788984516,0.4258309219521253,"辛口,鮮味,甘甜,清爽,酸味,俐落,果香,常溫,熱燗,清新,鮮爽,しっかり,穩重,餘韻,苦味,キリリ,優しい,濃厚,純淨,柔らかい","辛口,旨味,甘味,スッキリ,酸味,キレ,フルーティ,常温,熱燗,さわやか,フレッシュ,しっかり,穏やか,余韻,苦味,キリリ,優しい,濃厚,綺麗,柔らかい",2,https://sakenowa.com/brands/2,2026-09-28T20:22:25.263718+00:00
sn_1654,2,男山,静熟,,北海道,北海道,,,,,,,,,,,,,,,,辛口,辛口,1654,https://sakenowa.com/brands/1654,2026-09-28T20:22:25.263724+00:00
sn_3,3,合同酒精,大雪乃蔵,,北海道,北海道,,,,,,,,,,0.3160274277511102,0.5298449165095467,0.28449617412950295,0.39076356778026616,0.43532467113519474,0.44300024950371736,"辛口,ラム,清爽,ワイン,滑順,鮮味,キリリ,酸味,甘甜,果香,清新,純淨,華麗,さっぱり","辛口,ラム,スッキリ,ワイン,なめらか,旨味,キリリ,酸味,甘味,フルーティ,さわやか,綺麗,華やか,さっぱり",3,https://sakenowa.com/brands/3,2026-09-28T20:22:25.263911+00:00
sn_7,3,合同酒精,北の誉,,北海道,北海道,,,,,,,,,,,,,,,,,,7,https://sakenowa.com/brands/7,2026-09-28T20:22:25.263920+00:00
sn_1533,3,合同酒精,鰊御殿,,北海道,北海道,,,,,,,,,,,,,,,,,,1533,https://sakenowa.com/brands/1533,2026-09-28T20:22:25.263925+00:00
sn_2460,3,合同酒精,しゃばだ,,北海道,北海道,,,,,,,,,,,,,,,,,,2460,https://sakenowa.com/brands/2460,2026-09-28T20:22:25.263930+00:00
sn_2844,3,合同酒精,鳳瑞,,北海道,北海道,,,,,,,,,,,,,,,,,,2844,https://sakenowa.com/brands/2844,2026-09-28T20:22:25.263934+00:00
sn_104880,3,合同酒精,富貴,,北海道,北海道,,,,,,,,,,,,,,,,"熱燗,常溫,辛口","熱燗,常温,辛口",104880,https://sakenowa.com/brands/104880,2026-09-28T20:22:25.263940+00:00
sn_4,4,田中酒造,宝川,,北海道,北海道,,,,,,,,,,0.3457404168133402,0.49285917942373164,0.2785942086584064,0.45175600194572496,0.36367325950450663,0.4728603761882382,"清爽,辛口,鮮味,心地よい,果香,しっかり,キリリ","スッキリ,辛口,旨味,心地よい,フルーティ,しっかり,キリリ",4,https://sakenowa.com/brands/4,2026-09-28T20:22:25.264109+00:00
sn_5,4,田中酒造,亀甲蔵,,北海道,北海道,,,,,,,,,,,,,,,,,,5,https://sakenowa.com/brands/5,2026-09-28T20:22:25.264114+00:00
sn_1848,4,田中酒造,田中酒造,,北海道,北海道,,,,,,,,,,,,,,,,,,1848,https://sakenowa.com/brands/1848,2026-09-28T20:22:25.264119+00:00
sn_1849,4,田中酒造,どぶろく（紅）,,北海道,北海道,,,,,,,,,,,,,,,,さっぱり,さっぱり,1849,https://sakenowa.com/brands/1849,2026-09-28T20:22:25.264123+00:00
sn_4196,4,田中酒造,びほろ,,北海道,北海道,,,,,,,,,,,,,,,,さっぱり,さっぱり,4196,https://sakenowa.com/brands/4196,2026-09-28T20:22:25.264128+00:00
sn_1885,5,北の誉酒造,侍,,北海道,北海道,,,,,,,,,,,,,,,,,,1885,https://sakenowa.com/brands/1885,2026-09-28T20:22:25.264291+00:00
sn_3836,5,北の誉酒造,さくらかおるにごり酒,,北海道,北海道,,,,,,,,,,,,,,,,,,3836,https://sakenowa.com/brands/3836,2026-09-28T20:22:25.264296+00:00
sn_8,6,高砂酒造,風のささやき,,北海道,北海道,,,,,,,,,,,,,,,,,,8,https://sakenowa.com/brands/8,2026-09-28T20:22:25.264457+00:00
sn_9,6,高砂酒造,えぞ乃熊,,北海道,北海道,,,,,,,,,,0.3553657980541978,0.5672922783248012,0.29932560842081823,0.4405774728416535,0.27054164051144614,0.4415852260251738,"鮮味,果香,酸味,餘韻,清爽,甘甜,しっかり,柑橘,水蜜桃,辛口,多汁,俐落,柔らかい,清新,輕快,マイルド,平衡,穩定,ふんわり,鳳梨","旨味,フルーティ,酸味,余韻,スッキリ,甘味,しっかり,柑橘,桃,辛口,ジューシー,キレ,柔らかい,さわやか,軽快,マイルド,バランス,安定,ふんわり,パイナップル",9,https://sakenowa.com/brands/9,2026-09-28T20:22:25.264473+00:00
sn_10,6,高砂酒造,国士無双,,北海道,北海道,,,,,,,,,,0.2848177826933311,0.5566332110001007,0.32125036957694864,0.42083530735389924,0.38768654097330263,0.4224136469771671,"辛口,清爽,鮮味,甘甜,西洋梨,餘韻,果香,醇厚,酸味,穩重,清新,堅果,しっかり,輕快,濃厚,常溫,俐落,優しい,苦味,さらり","辛口,スッキリ,旨味,甘味,洋梨,余韻,フルーティ,コク,酸味,穏やか,さわやか,ナッツ,しっかり,軽快,濃厚,常温,キレ,優しい,苦味,さらり",10,https://sakenowa.com/brands/10,2026-09-28T20:22:25.264482+00:00
sn_1652,6,高砂酒造,雪中美人,,北海道,北海道,,,,,,,,,,,,,,,,芳醇,芳醇,1652,https://sakenowa.com/brands/1652,2026-09-28T20:22:25.264487+00:00
sn_2443,6,高砂酒造,大法螺,,北海道,北海道,,,,,,,,,,,,,,,,,,2443,https://sakenowa.com/brands/2443,2026-09-28T20:22:25.264491+00:00
sn_2707,6,高砂酒造,大雪,,北海道,北海道,,,,,,,,,,,,,,,,,,2707,https://sakenowa.com/brands/2707,2026-09-28T20:22:25.264496+00:00
sn_3325,6,高砂酒造,ずZOOっと旭山,,北海道,北海道,,,,,,,,,,0.1357907214626862,0.5490595325770611,0.40780387118839745,0.49172655720323816,0.3807328856416538,0.35642386988905367,,,3325,https://sakenowa.com/brands/3325,2026-09-28T20:22:25.264501+00:00
sn_11,7,小林酒造,北の錦,,北海道,北海道,,,,,,,,,,0.3300190002663712,0.5472048757122167,0.3422235182054234,0.45865549089742214,0.33635256189460117,0.38863793152965365,"鮮味,辛口,ほのか,酸味,清爽,甘甜,俐落,果香,華麗,清新,とろみ,麝香葡萄,哈密瓜,しっかり,醇厚,穩重,梨子,苦味,圓潤,純淨","旨味,辛口,ほのか,酸味,スッキリ,甘味,キレ,フルーティ,華やか,さわやか,とろみ,マスカット,メロン,しっかり,コク,穏やか,梨,苦味,まろやか,綺麗",11,https://sakenowa.com/brands/11,2026-09-28T20:22:25.264667+00:00
sn_1275,7,小林酒造,まる田,,北海道,北海道,,,,,,,,,,0.2006185545419721,0.4548330778889238,0.36830735465269104,0.5734708816715619,0.39562449925324067,0.3630993841991178,,,1275,https://sakenowa.com/brands/1275,2026-09-28T20:22:25.264672+00:00
sn_1794,7,小林酒造,北斗随想,,北海道,北海道,,,,,,,,,,0.4538442498615095,0.5735606519984096,0.19021643743337444,0.43750472484101827,0.2027315600103224,0.44312618134626663,"果香,鮮味","フルーティ,旨味",1794,https://sakenowa.com/brands/1794,2026-09-28T20:22:25.264677+00:00
sn_3756,7,小林酒造,北の錦 真冬詰 大吟醸,,北海道,北海道,,,,,,,,,,,,,,,,,,3756,https://sakenowa.com/brands/3756,2026-09-28T20:22:25.264682+00:00
sn_12,10,八戸酒造,陸奥八仙,,青森県,青森縣,,,,,,,,,,0.4829834001260261,0.4862426404159336,0.20055485335274795,0.2755686578473402,0.358996574409916,0.5340938634873679,"氣泡感,蘋果,果香,酸味,甘甜,華麗,清新,ワイン,苦味,鮮爽,鮮味,清爽,平衡,辛口,輕快,ピリリ,多汁,俐落,柳橙,しっかり","ガス,リンゴ,フルーティ,酸味,甘味,華やか,さわやか,ワイン,苦味,フレッシュ,旨味,スッキリ,バランス,辛口,軽快,ピリリ,ジューシー,キレ,オレンジ,しっかり",12,https://sakenowa.com/brands/12,2026-09-28T20:22:25.264851+00:00
sn_1646,10,八戸酒造,えんぶり,,青森県,青森縣,,,,,,,,,,,,,,,,,,1646,https://sakenowa.com/brands/1646,2026-09-28T20:22:25.264877+00:00
sn_1700,10,八戸酒造,陸奥男山,,青森県,青森縣,,,,,,,,,,0.314193963786766,0.3709310564810803,0.1997469138363328,0.23532770408772422,0.6060808992353863,0.5487078367778946,"辛口,鮮爽,俐落,鮮味,ピリリ,清新,果香,清爽,氣泡感,甘甜,苦味,酸味,蘋果,しっかり,キリリ,餘韻,爽快,昔ながら,清涼,ほのか","辛口,フレッシュ,キレ,旨味,ピリリ,さわやか,フルーティ,スッキリ,ガス,甘味,苦味,酸味,リンゴ,しっかり,キリリ,余韻,爽快,昔ながら,清涼,ほのか",1700,https://sakenowa.com/brands/1700,2026-09-28T20:22:25.264892+00:00
sn_1982,10,八戸酒造,夏どぶろっく,,青森県,青森縣,,,,,,,,,,0.3822639824839523,0.2654237031354418,0.10072957322481116,0.23619210358018924,0.20195702966027804,0.8226206336851075,"氣泡感,カルピス,ラムネ,優格,清新,ジュース,酸味,落ち着く,ゴクゴク,苦味,控えめ,清爽,甘甜,辛口,鮮味,爽快,蘋果,奶油感,しっかり,ピチピチ","ガス,カルピス,ラムネ,ヨーグルト,さわやか,ジュース,酸味,落ち着く,ゴクゴク,苦味,控えめ,スッキリ,甘味,辛口,旨味,爽快,リンゴ,クリーミー,しっかり,ピチピチ",1982,https://sakenowa.com/brands/1982,2026-09-28T20:22:25.264902+00:00
sn_2939,10,八戸酒造,どぶろっく,,青森県,青森縣,,,,,,,,,,,,,,,,氣泡感,ガス,2939,https://sakenowa.com/brands/2939,2026-09-28T20:22:25.264909+00:00
sn_3335,10,八戸酒造,陸奥田心,,青森県,青森縣,,,,,,,,,,,,,,,,,,3335,https://sakenowa.com/brands/3335,2026-09-28T20:22:25.264914+00:00
sn_14,12,桃川,杉玉,,青森県,青森縣,,,,,,,,,,,,,,,,圓潤,まろやか,14,https://sakenowa.com/brands/14,2026-09-28T20:22:25.265079+00:00
sn_1498,12,桃川,桃川,,青森県,青森縣,,,,,,,,,,0.31059201380930007,0.5656500255308957,0.3501611473926775,0.4469417871176614,0.37522841774858295,0.34699638884776624,"ワイン,甘甜,辛口,酸味,果香,鮮味,蘋果,醇厚,清爽,さっぱり,冷酒,俐落,圓潤,常溫,苦味,優格,しっかり,濃厚,グイグイ,ジュース","ワイン,甘味,辛口,酸味,フルーティ,旨味,リンゴ,コク,スッキリ,さっぱり,冷酒,キレ,まろやか,常温,苦味,ヨーグルト,しっかり,濃厚,グイグイ,ジュース",1498,https://sakenowa.com/brands/1498,2026-09-28T20:22:25.265089+00:00
sn_1644,12,桃川,ねぶた,,青森県,青森縣,,,,,,,,,,0.2213198979221809,0.40442980605736695,0.19386489737577123,0.3826762173761921,0.576198290965029,0.5209845280478365,"辛口,清爽","辛口,スッキリ",1644,https://sakenowa.com/brands/1644,2026-09-28T20:22:25.265098+00:00
sn_2440,12,桃川,ももかわ,,青森県,青森縣,,,,,,,,,,,,,,,,ワイン,ワイン,2440,https://sakenowa.com/brands/2440,2026-09-28T20:22:25.265111+00:00
sn_3269,12,桃川,Nigori Genshu,,青森県,青森縣,,,,,,,,,,,,,,,,,,3269,https://sakenowa.com/brands/3269,2026-09-28T20:22:25.265116+00:00
sn_1747,13,松緑酒造,六根,,青森県,青森縣,,,,,,,,,,0.35834732807602393,0.5458520528834403,0.33320724114118344,0.4482264157379284,0.3021122850421551,0.41282794325981265,"酸味,鮮味,華麗,甘甜,果香,清爽,しっかり,平衡,穩重,苦味,辛口,純淨,柔らかい,蘋果,清新,輕快,醇厚,カルピス,控えめ,ワイン","酸味,旨味,華やか,甘味,フルーティ,スッキリ,しっかり,バランス,穏やか,苦味,辛口,綺麗,柔らかい,リンゴ,さわやか,軽快,コク,カルピス,控えめ,ワイン",1747,https://sakenowa.com/brands/1747,2026-09-28T20:22:25.265289+00:00
sn_16,14,八戸酒類,蔵物語,,青森県,青森縣,,,,,,,,,,,,,,,,,,16,https://sakenowa.com/brands/16,2026-09-28T20:22:25.265451+00:00
sn_17,14,八戸酒類,八鶴,,青森県,青森縣,,,,,,,,,,0.29565358591776236,0.5610291449310597,0.3398945468277018,0.45101130242012666,0.3786611197764785,0.3681188859154174,"圓潤,酸味,鮮味,甘甜,濃厚,さっぱり,醇厚,俐落,辛口,ほのか,芳醇,清新,苦味,蘋果,ふんわり","まろやか,酸味,旨味,甘味,濃厚,さっぱり,コク,キレ,辛口,ほのか,芳醇,さわやか,苦味,リンゴ,ふんわり",17,https://sakenowa.com/brands/17,2026-09-28T20:22:25.265459+00:00
sn_23,14,八戸酒類,菊駒,,青森県,青森縣,,,,,,,,,,,,,,,,,,23,https://sakenowa.com/brands/23,2026-09-28T20:22:25.265464+00:00
sn_3124,14,八戸酒類,如空,,青森県,青森縣,,,,,,,,,,0.34078774507826215,0.5581655513797972,0.29405948129614423,0.41946444944945915,0.35316670102672637,0.43031013054675354,"甘甜,酸味,鮮味,果香,辛口,清爽,蘋果,苦味,華麗,甘酸っぱい,しっかり,いちご,平衡,清新,ほのか,鮮爽,控えめ,俐落,冷酒,ふんわり","甘味,酸味,旨味,フルーティ,辛口,スッキリ,リンゴ,苦味,華やか,甘酸っぱい,しっかり,いちご,バランス,さわやか,ほのか,フレッシュ,控えめ,キレ,冷酒,ふんわり",3124,https://sakenowa.com/brands/3124,2026-09-28T20:22:25.265473+00:00
sn_67217,14,八戸酒類,りんごぽむぽむ,,青森県,青森縣,,,,,,,,,,0.38860211969904707,0.06734806887898642,0.0,0.08142846499833947,0.8785593591929938,0.25681800491026563,"蘋果,ジュース,酸味,甘酸っぱい,薄い,ワイン,清新,さっぱり","リンゴ,ジュース,酸味,甘酸っぱい,薄い,ワイン,さわやか,さっぱり",67217,https://sakenowa.com/brands/67217,2026-09-28T20:22:25.265479+00:00
sn_67218,14,八戸酒類,あおりんごぽむぽむ,,青森県,青森縣,,,,,,,,,,0.4212612968838415,0.09080065333171687,0.04625983259770359,0.03209591214946169,0.7609944282006935,0.4816757432766396,"蘋果,ジュース,ゴクゴク,甘酸っぱい,清新","リンゴ,ジュース,ゴクゴク,甘酸っぱい,さわやか",67218,https://sakenowa.com/brands/67218,2026-09-28T20:22:25.265485+00:00
sn_76673,14,八戸酒類,三戸のどんべり,,青森県,青森縣,,,,,,,,,,,,,,,,ミルク,ミルク,76673,https://sakenowa.com/brands/76673,2026-09-28T20:22:25.265490+00:00
sn_78694,14,八戸酒類,五醸,,青森県,青森縣,,,,,,,,,,,,,,,,,,78694,https://sakenowa.com/brands/78694,2026-09-28T20:22:25.265495+00:00
sn_18,15,盛田庄兵衛,駒泉,,青森県,青森縣,,,,,,,,,,0.24801318903692313,0.5037551455744153,0.49572973937975595,0.4539362589663246,0.3002982186210714,0.37780297716426653,"蜂蜜,純淨","ハチミツ,綺麗",18,https://sakenowa.com/brands/18,2026-09-28T20:22:25.265657+00:00
sn_1987,15,盛田庄兵衛,作田,,青森県,青森縣,,,,,,,,,,0.23597046688107223,0.47942038699641243,0.3258763681443288,0.5735047738537539,0.3423850990687622,0.4026702649561169,"鮮味,輕快,清爽,醇厚,酸味,甘甜,辛口,穩重,華麗,ほのか","旨味,軽快,スッキリ,コク,酸味,甘味,辛口,穏やか,華やか,ほのか",1987,https://sakenowa.com/brands/1987,2026-09-28T20:22:25.265667+00:00
sn_3266,15,盛田庄兵衛,縄文明水,,青森県,青森縣,,,,,,,,,,,,,,,,"しっかり,辛口,清爽","しっかり,辛口,スッキリ",3266,https://sakenowa.com/brands/3266,2026-09-28T20:22:25.265673+00:00
sn_42260,15,盛田庄兵衛,七力,,青森県,青森縣,,,,,,,,,,0.3138403209658234,0.5071568544966504,0.2771743663750391,0.323763875465254,0.5031646084557712,0.457682071135628,"辛口,鮮味,清爽,酸味,甘甜,蘋果,果香","辛口,旨味,スッキリ,酸味,甘味,リンゴ,フルーティ",42260,https://sakenowa.com/brands/42260,2026-09-28T20:22:25.265679+00:00
sn_67763,15,盛田庄兵衛,朔田,,青森県,青森縣,,,,,,,,,,,,,,,,高雅,上品,67763,https://sakenowa.com/brands/67763,2026-09-28T20:22:25.265684+00:00
sn_67765,15,盛田庄兵衛,さく田,,青森県,青森縣,,,,,,,,,,,,,,,,"ジュース,輕快,さっぱり,清爽,果香,酸味","ジュース,軽快,さっぱり,スッキリ,フルーティ,酸味",67765,https://sakenowa.com/brands/67765,2026-09-28T20:22:25.265690+00:00
sn_67766,15,盛田庄兵衛,SAKUTA,,青森県,青森縣,,,,,,,,,,,,,,,,"マイルド,厚み,柔らかい,辛口,輕快,鮮味","マイルド,厚み,柔らかい,辛口,軽快,旨味",67766,https://sakenowa.com/brands/67766,2026-09-28T20:22:25.265698+00:00
sn_19,16,西田酒造店,田酒,,青森県,青森縣,,,,,,,,,,0.46143782485926677,0.5145716438330313,0.25751801064426666,0.36681938314597906,0.302631026508445,0.4794096716679673,"氣泡感,鮮味,酸味,蘋果,穩定,果香,平衡,苦味,甘甜,櫻花,華麗,純淨,清爽,鮮爽,清新,しっかり,餘韻,俐落,高雅,多汁","ガス,旨味,酸味,リンゴ,安定,フルーティ,バランス,苦味,甘味,桜,華やか,綺麗,スッキリ,フレッシュ,さわやか,しっかり,余韻,キレ,上品,ジューシー",19,https://sakenowa.com/brands/19,2026-09-28T20:22:25.265898+00:00
sn_20,16,西田酒造店,喜久泉,,青森県,青森縣,,,,,,,,,,0.37768622364583887,0.49530147284037274,0.2450517103081181,0.4349795693514984,0.43336608689148415,0.4182891771544141,"鮮味,蘋果,甘甜,果香,俐落,清爽,平衡,酸味,華麗,苦味,辛口,哈密瓜,純淨,穩重,高雅,餘韻,味噌,柔らかい,清新,穩定","旨味,リンゴ,甘味,フルーティ,キレ,スッキリ,バランス,酸味,華やか,苦味,辛口,メロン,綺麗,穏やか,上品,余韻,味噌,柔らかい,さわやか,安定",20,https://sakenowa.com/brands/20,2026-09-28T20:22:25.265907+00:00
sn_21,16,西田酒造店,善知鳥,,青森県,青森縣,,,,,,,,,,0.5443216973854459,0.5701311477435141,0.20139091979928106,0.3199123860050818,0.295491808153317,0.38528783804489447,"高雅,華麗,果香,哈密瓜,純淨,甘甜,鮮味,水蜜桃,餘韻,清爽,平衡,多汁,蘋果,梨子,鳳梨,俐落,辛口,苦味,酸味,滑順","上品,華やか,フルーティ,メロン,綺麗,甘味,旨味,桃,余韻,スッキリ,バランス,ジューシー,リンゴ,梨,パイナップル,キレ,辛口,苦味,酸味,なめらか",21,https://sakenowa.com/brands/21,2026-09-28T20:22:25.265916+00:00
sn_1555,16,西田酒造店,外ヶ濱,,青森県,青森縣,,,,,,,,,,0.44329728357951337,0.4836823354777155,0.21203267777201038,0.31227284876993205,0.2801300886630915,0.5904183784583588,"甘甜,果香,輕快,氣泡感,鮮味,酸味,甘酸っぱい","甘味,フルーティ,軽快,ガス,旨味,酸味,甘酸っぱい",1555,https://sakenowa.com/brands/1555,2026-09-28T20:22:25.265922+00:00
sn_22,18,中村亀吉,玉垂,,青森県,青森縣,,,,,,,,,,,,,,,,,,22,https://sakenowa.com/brands/22,2026-09-28T20:22:25.266085+00:00
sn_1436,18,中村亀吉,亀吉,,青森県,青森縣,,,,,,,,,,0.2010023477290471,0.38264384446274996,0.43484180213625245,0.43589867298204454,0.5234328631318759,0.40013089896074483,"辛口,圓潤,鮮味,清爽,しっかり,味噌","辛口,まろやか,旨味,スッキリ,しっかり,味噌",1436,https://sakenowa.com/brands/1436,2026-09-28T20:22:25.266091+00:00
sn_24,21,福来,涼霞,,岩手県,岩手縣,,,,,,,,,,,,,,,,さっぱり,さっぱり,24,https://sakenowa.com/brands/24,2026-09-28T20:22:25.266409+00:00
sn_25,21,福来,白樺凛,,岩手県,岩手縣,,,,,,,,,,,,,,,,,,25,https://sakenowa.com/brands/25,2026-09-28T20:22:25.266414+00:00
sn_26,21,福来,鐵の道,,岩手県,岩手縣,,,,,,,,,,,,,,,,,,26,https://sakenowa.com/brands/26,2026-09-28T20:22:25.266418+00:00
sn_27,21,福来,福来,,岩手県,岩手縣,,,,,,,,,,,,,,,,,,27,https://sakenowa.com/brands/27,2026-09-28T20:22:25.266422+00:00
sn_28,22,浜千鳥,浜千鳥,,岩手県,岩手縣,,,,,,,,,,0.305413171648744,0.5037534905202582,0.3001674460105513,0.5139221999862065,0.34216001149087344,0.4262220297280712,"辛口,鮮味,清爽,甘甜,酸味,輕快,優しい,平衡,しっかり,鮮爽,純淨,柔らかい,果香,キリリ,俐落,華麗,香蕉,高雅,さっぱり,清新","辛口,旨味,スッキリ,甘味,酸味,軽快,優しい,バランス,しっかり,フレッシュ,綺麗,柔らかい,フルーティ,キリリ,キレ,華やか,バナナ,上品,さっぱり,さわやか",28,https://sakenowa.com/brands/28,2026-09-28T20:22:25.266588+00:00
sn_29,22,浜千鳥,ゆめほなみ,,岩手県,岩手縣,,,,,,,,,,,,,,,,"穩重,輕快,ほのか,俐落,鮮味,清爽","穏やか,軽快,ほのか,キレ,旨味,スッキリ",29,https://sakenowa.com/brands/29,2026-09-28T20:22:25.266597+00:00
sn_30,22,浜千鳥,自然流,,岩手県,岩手縣,,,,,,,,,,,,,,,,,,30,https://sakenowa.com/brands/30,2026-09-28T20:22:25.266602+00:00
sn_2333,22,浜千鳥,碧の風,,岩手県,岩手縣,,,,,,,,,,,,,,,,,,2333,https://sakenowa.com/brands/2333,2026-09-28T20:22:25.266606+00:00
sn_3949,22,浜千鳥,虎舞,,岩手県,岩手縣,,,,,,,,,,,,,,,,,,3949,https://sakenowa.com/brands/3949,2026-09-28T20:22:25.266613+00:00
sn_31,24,高橋酒造店,堀の井,,岩手県,岩手縣,,,,,,,,,,0.3564361679788326,0.5333805439942413,0.3194542382427681,0.4399460667011688,0.3326984616140794,0.4268098348767294,,,31,https://sakenowa.com/brands/31,2026-09-28T20:22:25.266777+00:00
sn_1471,24,高橋酒造店,掘井,,岩手県,岩手縣,,,,,,,,,,,,,,,,,,1471,https://sakenowa.com/brands/1471,2026-09-28T20:22:25.266782+00:00
sn_3415,24,高橋酒造店,堀米,,岩手県,岩手縣,,,,,,,,,,,,,,,,,,3415,https://sakenowa.com/brands/3415,2026-09-28T20:22:25.266786+00:00
sn_114608,24,高橋酒造店,山北,,岩手県,岩手縣,,,,,,,,,,,,,,,,,,114608,https://sakenowa.com/brands/114608,2026-09-28T20:22:25.266790+00:00
sn_32,25,南部美人,南部美人,,岩手県,岩手縣,,,,,,,,,,0.41288107992837975,0.5531466503300442,0.27239740056646033,0.424908105710321,0.2789477788892515,0.4370341995598078,"果香,鮮味,甘甜,酸味,清爽,辛口,苦味,華麗,清新,高雅,穩定,平衡,純淨,氣泡感,鮮爽,しっかり,ワイン,蘋果,優しい,餘韻","フルーティ,旨味,甘味,酸味,スッキリ,辛口,苦味,華やか,さわやか,上品,安定,バランス,綺麗,ガス,フレッシュ,しっかり,ワイン,リンゴ,優しい,余韻",32,https://sakenowa.com/brands/32,2026-09-28T20:22:25.266974+00:00
sn_3458,25,南部美人,結の香,,岩手県,岩手縣,,,,,,,,,,,,,,,,"水蜜桃,芳醇,辛口,華麗,俐落,果香,しっかり,清爽","桃,芳醇,辛口,華やか,キレ,フルーティ,しっかり,スッキリ",3458,https://sakenowa.com/brands/3458,2026-09-28T20:22:25.266981+00:00
sn_34,26,あさ開,あさ開,,岩手県,岩手縣,,,,,,,,,,0.31990376098254375,0.5160612087987355,0.31454132478467467,0.4364818647276662,0.3759085187428364,0.4478644156276977,"辛口,鮮味,清爽,甘甜,果香,酸味,櫻花,清新,圓潤,しっかり,苦味,冷酒,鮮爽,俐落,華麗,常溫,平衡,滑順,あっさり,濃厚","辛口,旨味,スッキリ,甘味,フルーティ,酸味,桜,さわやか,まろやか,しっかり,苦味,冷酒,フレッシュ,キレ,華やか,常温,バランス,なめらか,あっさり,濃厚",34,https://sakenowa.com/brands/34,2026-09-28T20:22:25.267145+00:00
sn_3902,26,あさ開,旭扇,,岩手県,岩手縣,,,,,,,,,,,,,,,,"果物,鮮味,甘甜","果物,旨味,甘味",3902,https://sakenowa.com/brands/3902,2026-09-28T20:22:25.267151+00:00
sn_3954,26,あさ開,水神,,岩手県,岩手縣,,,,,,,,,,0.04354974641974365,0.20762199487934813,0.26444992203330897,0.16574282520865113,0.8485336590425252,0.370921434982438,"辛口,清爽","辛口,スッキリ",3954,https://sakenowa.com/brands/3954,2026-09-28T20:22:25.267156+00:00
sn_4093,26,あさ開,蔵出し原酒,,岩手県,岩手縣,,,,,,,,,,,,,,,,,,4093,https://sakenowa.com/brands/4093,2026-09-28T20:22:25.267163+00:00
sn_67213,26,あさ開,WAKAZO,,岩手県,岩手縣,,,,,,,,,,,,,,,,"柑橘,清新,するする,酸味,柔らかい,輕快,鮮味,苦味,果香,清爽","柑橘,さわやか,するする,酸味,柔らかい,軽快,旨味,苦味,フルーティ,スッキリ",67213,https://sakenowa.com/brands/67213,2026-09-28T20:22:25.267172+00:00
sn_35,27,白雲,白雲,,岩手県,岩手縣,,,,,,,,,,,,,,,,"あっさり,華麗","あっさり,華やか",35,https://sakenowa.com/brands/35,2026-09-28T20:22:25.267334+00:00
sn_1225,28,川村酒造店,酉与右衛門,,岩手県,岩手縣,,,,,,,,,,0.29472343710994986,0.5006852294092411,0.350686319541386,0.3752495363492257,0.37818988266707404,0.505600336307232,"酸味,氣泡感,鮮味,辛口,ラムネ,俐落,清新,苦味,さっぱり,しっかり,多汁,鮮爽,甘甜,果香,清爽,ほのか,濃厚,柑橘,輕快,常溫","酸味,ガス,旨味,辛口,ラムネ,キレ,さわやか,苦味,さっぱり,しっかり,ジューシー,フレッシュ,甘味,フルーティ,スッキリ,ほのか,濃厚,柑橘,軽快,常温",1225,https://sakenowa.com/brands/1225,2026-09-28T20:22:25.267498+00:00
sn_1350,28,川村酒造店,酔右衛門,,岩手県,岩手縣,,,,,,,,,,0.31238776820743897,0.4539724522746029,0.2859622705724686,0.2697332810490478,0.41999472201179916,0.6044806574539372,"酸味,ラムネ,辛口,氣泡感,鮮味,清爽,清新,鮮爽,ピリリ,甘甜,しっかり,さっぱり,果香,爽快,俐落,苦味,キリリ,純淨,ほのか,平衡","酸味,ラムネ,辛口,ガス,旨味,スッキリ,さわやか,フレッシュ,ピリリ,甘味,しっかり,さっぱり,フルーティ,爽快,キレ,苦味,キリリ,綺麗,ほのか,バランス",1350,https://sakenowa.com/brands/1350,2026-09-28T20:22:25.267506+00:00
sn_1455,28,川村酒造店,よえもん,,岩手県,岩手縣,,,,,,,,,,,,,,,,清新,さわやか,1455,https://sakenowa.com/brands/1455,2026-09-28T20:22:25.267511+00:00
sn_1466,28,川村酒造店,南部関,,岩手県,岩手縣,,,,,,,,,,,,,,,,,,1466,https://sakenowa.com/brands/1466,2026-09-28T20:22:25.267515+00:00
sn_37,29,菱屋酒造店,菱屋,,岩手県,岩手縣,,,,,,,,,,,,,,,,カラメル,カラメル,37,https://sakenowa.com/brands/37,2026-09-28T20:22:25.267679+00:00
sn_1265,29,菱屋酒造店,千両男山,,岩手県,岩手縣,,,,,,,,,,0.13774661366500968,0.5244401804496255,0.6321124579695064,0.357651097637918,0.3462935971324907,0.24205091401803921,,,1265,https://sakenowa.com/brands/1265,2026-09-28T20:22:25.267684+00:00
sn_38,30,泉金酒造,龍泉八重桜,,岩手県,岩手縣,,,,,,,,,,0.27631578012535546,0.5003008999977587,0.47262270638023346,0.47123137226534684,0.30895757587066436,0.36395409962523184,"純淨,鮮味,辛口,柔らかい,甘甜,しっかり,清爽,清新,栗,圓潤,複雜,堅果,華麗,濃厚","綺麗,旨味,辛口,柔らかい,甘味,しっかり,スッキリ,さわやか,栗,まろやか,複雑,ナッツ,華やか,濃厚",38,https://sakenowa.com/brands/38,2026-09-28T20:22:25.267847+00:00
sn_39,30,泉金酒造,火の鳥,,岩手県,岩手縣,,,,,,,,,,,,,,,,,,39,https://sakenowa.com/brands/39,2026-09-28T20:22:25.267852+00:00
sn_1758,31,酔仙酒造,酔仙,,岩手県,岩手縣,,,,,,,,,,0.27441004110177797,0.576159248524934,0.34273659830910286,0.4967935558617398,0.28142262964701054,0.38635312893519896,"鮮味,辛口,酸味,甘甜,ミルク,しっかり,果香,純淨,清新,清爽,穩重,苦味,濃厚,優しい,常溫,醇厚,俐落,柔らかい,落ち着く,起司","旨味,辛口,酸味,甘味,ミルク,しっかり,フルーティ,綺麗,さわやか,スッキリ,穏やか,苦味,濃厚,優しい,常温,コク,キレ,柔らかい,落ち着く,チーズ",1758,https://sakenowa.com/brands/1758,2026-09-28T20:22:25.268030+00:00
sn_2560,31,酔仙酒造,雪っこ,,岩手県,岩手縣,,,,,,,,,,0.20929047099683046,0.5531063562183924,0.46976246368644675,0.46424503878198187,0.23117088483443737,0.40078753865752476,"とろみ,氣泡感,濃厚,甘甜,砂糖,ちびちび,蜂蜜,ツン","とろみ,ガス,濃厚,甘味,砂糖,ちびちび,ハチミツ,ツン",2560,https://sakenowa.com/brands/2560,2026-09-28T20:22:25.268037+00:00
sn_3186,31,酔仙酒造,夛賀多,,岩手県,岩手縣,,,,,,,,,,,,,,,,,,3186,https://sakenowa.com/brands/3186,2026-09-28T20:22:25.268042+00:00
sn_41,32,菊の司酒造,菊の司,,岩手県,岩手縣,,,,,,,,,,0.4441754231991514,0.5859488171827874,0.2703412630514571,0.3269814517805447,0.19262584865274246,0.49220543595331023,"果香,みずみずしい,酸味,氣泡感,甘甜,鮮味,鮮爽,華麗,いちご,清新,清爽,純淨,濃厚,多汁,哈密瓜,輕快,優しい,苦味,餘韻,しっかり","フルーティ,みずみずしい,酸味,ガス,甘味,旨味,フレッシュ,華やか,いちご,さわやか,スッキリ,綺麗,濃厚,ジューシー,メロン,軽快,優しい,苦味,余韻,しっかり",41,https://sakenowa.com/brands/41,2026-09-28T20:22:25.268206+00:00
sn_42,32,菊の司酒造,七福神,,岩手県,岩手縣,,,,,,,,,,0.21494668158167451,0.4262465414947802,0.3283860574404258,0.43289218663099804,0.5702133617473679,0.38953239153900493,"辛口,清爽,俐落,鮮味,しっかり,甘甜,果香,醇厚","辛口,スッキリ,キレ,旨味,しっかり,甘味,フルーティ,コク",42,https://sakenowa.com/brands/42,2026-09-28T20:22:25.268212+00:00
sn_3772,32,菊の司酒造,杜の白菊,,岩手県,岩手縣,,,,,,,,,,,,,,,,酸味,酸味,3772,https://sakenowa.com/brands/3772,2026-09-28T20:22:25.268217+00:00
sn_43,33,月の輪酒造店,月の輪,,岩手県,岩手縣,,,,,,,,,,0.23469706740570223,0.5150889263589179,0.3505451514258595,0.4504384461403756,0.4594607871093722,0.37778270560321064,"鮮味,辛口,清爽,ワイン,清新,酸味,苦味,俐落,甘甜,醇厚,穩重,優しい,ほのか,しっかり,鮮爽,濃厚,ピリリ,キリリ,餘韻,圓潤","旨味,辛口,スッキリ,ワイン,さわやか,酸味,苦味,キレ,甘味,コク,穏やか,優しい,ほのか,しっかり,フレッシュ,濃厚,ピリリ,キリリ,余韻,まろやか",43,https://sakenowa.com/brands/43,2026-09-28T20:22:25.268381+00:00
sn_2078,33,月の輪酒造店,宵の月,,岩手県,岩手縣,,,,,,,,,,,,,,,,,,2078,https://sakenowa.com/brands/2078,2026-09-28T20:22:25.268386+00:00
sn_44,34,石越醸造,澤乃泉,,宮城県,宮城縣,,,,,,,,,,0.24094251463315836,0.515147572754486,0.35985018537524743,0.48964699335570844,0.35730855291049896,0.4238560450524825,"辛口,鮮味,しっかり,ジュース,どっしり,醇厚,苦味,酸味,清爽,さらり,甘甜,いちご","辛口,旨味,しっかり,ジュース,どっしり,コク,苦味,酸味,スッキリ,さらり,甘味,いちご",44,https://sakenowa.com/brands/44,2026-09-28T20:22:25.268552+00:00
sn_45,35,川敬商店,橘屋,,宮城県,宮城縣,,,,,,,,,,0.29508228989383517,0.6061076693841897,0.3229823005364011,0.5391882360392342,0.20166419407283082,0.3314362197931076,"鮮味,酸味,高雅,甘甜","旨味,酸味,上品,甘味",45,https://sakenowa.com/brands/45,2026-09-28T20:22:25.268715+00:00
sn_2122,35,川敬商店,黄金澤,,宮城県,宮城縣,,,,,,,,,,0.2992748707319741,0.5711707023142246,0.33413479238930444,0.5005501802139721,0.3030896276978905,0.3607474403941155,"酸味,鮮味,甘甜,果香,優しい,清新,清爽,苦味,優格,平衡,蘋果,しっかり,柔らかい,餘韻,ほのか,冷酒,純淨,高雅,醇厚,辛口","酸味,旨味,甘味,フルーティ,優しい,さわやか,スッキリ,苦味,ヨーグルト,バランス,リンゴ,しっかり,柔らかい,余韻,ほのか,冷酒,綺麗,上品,コク,辛口",2122,https://sakenowa.com/brands/2122,2026-09-28T20:22:25.268724+00:00
sn_2123,35,川敬商店,夏呼の夢,,宮城県,宮城縣,,,,,,,,,,,,,,,,"多汁,清新,酸味,鮮味","ジューシー,さわやか,酸味,旨味",2123,https://sakenowa.com/brands/2123,2026-09-28T20:22:25.268729+00:00
sn_2124,35,川敬商店,夏呼の酒,,宮城県,宮城縣,,,,,,,,,,,,,,,,,,2124,https://sakenowa.com/brands/2124,2026-09-28T20:22:25.268734+00:00
sn_46,36,田中酒造店,真鶴,,宮城県,宮城縣,,,,,,,,,,0.23023042643239258,0.5349748567013718,0.3812312647301331,0.44609918448586733,0.44291312304438846,0.34681704005207004,"辛口,鮮味,酸味,苦味,ワイン,清爽,しっかり,アミノ酸,キリリ,甘甜,常溫,俐落,ほのか,冷酒","辛口,旨味,酸味,苦味,ワイン,スッキリ,しっかり,アミノ酸,キリリ,甘味,常温,キレ,ほのか,冷酒",46,https://sakenowa.com/brands/46,2026-09-28T20:22:25.268914+00:00
sn_47,37,千田酒造,栗駒山,,宮城県,宮城縣,,,,,,,,,,0.32724440536267985,0.45649129265183835,0.23183163401624765,0.43739853990297634,0.4129549625234583,0.5185861631197173,"酸味,辛口,鮮味,清新,純淨,穩重,清爽,甘甜,平衡,輕快,さらり,俐落,柔らかい,圓潤,しっかり,優しい,高雅,苦味,多汁,果香","酸味,辛口,旨味,さわやか,綺麗,穏やか,スッキリ,甘味,バランス,軽快,さらり,キレ,柔らかい,まろやか,しっかり,優しい,上品,苦味,ジューシー,フルーティ",47,https://sakenowa.com/brands/47,2026-09-28T20:22:25.269085+00:00
sn_48,38,宮城ふるさと酒造,荒雄,,宮城県,宮城縣,,,,,,,,,,,,,,,,,,48,https://sakenowa.com/brands/48,2026-09-28T20:22:25.269244+00:00
sn_49,39,墨廼江酒造,墨廼江,,宮城県,宮城縣,,,,,,,,,,0.3522261342530999,0.41462929236353424,0.2108827768467256,0.3304265052629406,0.5118990239875888,0.5369594663965988,"辛口,清爽,酸味,鮮味,俐落,清新,果香,苦味,平衡,しっかり,鮮爽,甘甜,さっぱり,純淨,キリリ,控えめ,麝香葡萄,高雅,蘋果,穩重","辛口,スッキリ,酸味,旨味,キレ,さわやか,フルーティ,苦味,バランス,しっかり,フレッシュ,甘味,さっぱり,綺麗,キリリ,控えめ,マスカット,上品,リンゴ,穏やか",49,https://sakenowa.com/brands/49,2026-09-28T20:22:25.269409+00:00
sn_3367,39,墨廼江酒造,谷風,,宮城県,宮城縣,,,,,,,,,,,,,,,,,,3367,https://sakenowa.com/brands/3367,2026-09-28T20:22:25.269413+00:00
sn_51,40,平孝酒造,日高見,,宮城県,宮城縣,,,,,,,,,,0.3027745066179744,0.42965724670214694,0.22085583656479954,0.3844274399284935,0.5424072337045296,0.4826540005105722,"辛口,鮮味,清爽,俐落,甘甜,しっかり,酸味,清新,苦味,果香,純淨,キリリ,穩定,平衡,穩重,優しい,華麗,さっぱり,控えめ,鮮爽","辛口,旨味,スッキリ,キレ,甘味,しっかり,酸味,さわやか,苦味,フルーティ,綺麗,キリリ,安定,バランス,穏やか,優しい,華やか,さっぱり,控えめ,フレッシュ",51,https://sakenowa.com/brands/51,2026-09-28T20:22:25.269579+00:00
sn_53,41,中勇酒造店,天上夢幻,,宮城県,宮城縣,,,,,,,,,,0.26757350875812447,0.5086357929718425,0.32668794920818456,0.48055408418319473,0.3995514400546606,0.41520531100410996,"鮮味,辛口,甘甜,苦味,俐落,しっかり,清爽,酸味,平衡,滑順,輕快,ほのか,果香,花香,清新,濃厚,柔らかい,圓潤,優しい,穩重","旨味,辛口,甘味,苦味,キレ,しっかり,スッキリ,酸味,バランス,なめらか,軽快,ほのか,フルーティ,花,さわやか,濃厚,柔らかい,まろやか,優しい,穏やか",53,https://sakenowa.com/brands/53,2026-09-28T20:22:25.269743+00:00
sn_54,41,中勇酒造店,獨眼龍政宗,,宮城県,宮城縣,,,,,,,,,,,,,,,,,,54,https://sakenowa.com/brands/54,2026-09-28T20:22:25.269748+00:00
sn_55,41,中勇酒造店,夢幻,,宮城県,宮城縣,,,,,,,,,,,,,,,,"するする,しっかり,清爽,甘甜","するする,しっかり,スッキリ,甘味",55,https://sakenowa.com/brands/55,2026-09-28T20:22:25.269753+00:00
sn_2711,41,中勇酒造店,天賞,,宮城県,宮城縣,,,,,,,,,,,,,,,,,,2711,https://sakenowa.com/brands/2711,2026-09-28T20:22:25.269758+00:00
sn_56,42,新澤醸造店,愛宕の桜,,宮城県,宮城縣,,,,,,,,,,0.5469913875845416,0.4476751140512131,0.2609539972172084,0.23247853918068953,0.24455140608451015,0.5643037870743328,櫻花,桜,56,https://sakenowa.com/brands/56,2026-09-28T20:22:25.269936+00:00
sn_57,42,新澤醸造店,愛宕の松,,宮城県,宮城縣,,,,,,,,,,0.39025611787141784,0.5545834470097321,0.24400593863961056,0.3953421778848322,0.2774509086451351,0.49731682090253393,"香蕉,酸味,清新,いちご,甘酸っぱい,鮮爽,輕快,清爽,氣泡感,果香,鮮味,甘甜,哈密瓜,俐落,辛口,純淨,苦味,穩重,控えめ,鮮烈","バナナ,酸味,さわやか,いちご,甘酸っぱい,フレッシュ,軽快,スッキリ,ガス,フルーティ,旨味,甘味,メロン,キレ,辛口,綺麗,苦味,穏やか,控えめ,鮮烈",57,https://sakenowa.com/brands/57,2026-09-28T20:22:25.269945+00:00
sn_58,42,新澤醸造店,伯楽星,,宮城県,宮城縣,,,,,,,,,,0.4046538608654911,0.5226325210025947,0.22633518521603982,0.43058852289422767,0.3124192282533405,0.4784042585300631,"清爽,酸味,鮮味,清新,純淨,果香,俐落,甘甜,鮮爽,平衡,哈密瓜,香蕉,苦味,辛口,華麗,穩定,控えめ,ほのか,穩重,アミノ酸","スッキリ,酸味,旨味,さわやか,綺麗,フルーティ,キレ,甘味,フレッシュ,バランス,メロン,バナナ,苦味,辛口,華やか,安定,控えめ,ほのか,穏やか,アミノ酸",58,https://sakenowa.com/brands/58,2026-09-28T20:22:25.269953+00:00
sn_59,42,新澤醸造店,あたごのまつ,,宮城県,宮城縣,,,,,,,,,,0.4264527414375899,0.6214702243145385,0.1955811676560575,0.3093592153108389,0.2573902692026442,0.4813605215336492,"いちご,氣泡感,酸味,甘酸っぱい,鮮烈,清新,甘甜,清爽,純淨,果香,巧克力,鮮爽,辛口,香蕉,苦味,優格,哈密瓜,俐落,鮮味,ミルク","いちご,ガス,酸味,甘酸っぱい,鮮烈,さわやか,甘味,スッキリ,綺麗,フルーティ,チョコレート,フレッシュ,辛口,バナナ,苦味,ヨーグルト,メロン,キレ,旨味,ミルク",59,https://sakenowa.com/brands/59,2026-09-28T20:22:25.269961+00:00
sn_1907,42,新澤醸造店,ひと夏の恋,,宮城県,宮城縣,,,,,,,,,,0.4239655589282145,0.42551887853023757,0.15926930403245096,0.3331269097686525,0.3378162489807344,0.6234796079765953,"清新,哈密瓜,香蕉,清爽,果香,酸味,甘甜,輕快,さっぱり,爽快,純淨,俐落,平衡,甘酸っぱい","さわやか,メロン,バナナ,スッキリ,フルーティ,酸味,甘味,軽快,さっぱり,爽快,綺麗,キレ,バランス,甘酸っぱい",1907,https://sakenowa.com/brands/1907,2026-09-28T20:22:25.269968+00:00
sn_2270,42,新澤醸造店,光正,,宮城県,宮城縣,,,,,,,,,,,,,,,,醇厚,コク,2270,https://sakenowa.com/brands/2270,2026-09-28T20:22:25.269973+00:00
sn_2841,42,新澤醸造店,超濃厚いちごヨーグルト酒,,宮城県,宮城縣,,,,,,,,,,,,,,,,"いちご,優格,ジュース,ミルク,濃厚,甘酸っぱい,さらり,鮮爽,醇厚","いちご,ヨーグルト,ジュース,ミルク,濃厚,甘酸っぱい,さらり,フレッシュ,コク",2841,https://sakenowa.com/brands/2841,2026-09-28T20:22:25.269979+00:00
sn_3172,42,新澤醸造店,Espoir,,宮城県,宮城縣,,,,,,,,,,,,,,,,清爽,スッキリ,3172,https://sakenowa.com/brands/3172,2026-09-28T20:22:25.269984+00:00
sn_3198,42,新澤醸造店,思手成し酒,,宮城県,宮城縣,,,,,,,,,,,,,,,,"蘋果,鮮爽,清爽,華麗,濃厚,辛口","リンゴ,フレッシュ,スッキリ,華やか,濃厚,辛口",3198,https://sakenowa.com/brands/3198,2026-09-28T20:22:25.269989+00:00
sn_3423,42,新澤醸造店,大学生の純米大吟醸,,宮城県,宮城縣,,,,,,,,,,,,,,,,"鮮爽,輕快,清新,鮮味","フレッシュ,軽快,さわやか,旨味",3423,https://sakenowa.com/brands/3423,2026-09-28T20:22:25.269997+00:00
sn_3578,42,新澤醸造店,空木,,宮城県,宮城縣,,,,,,,,,,,,,,,,花香,花,3578,https://sakenowa.com/brands/3578,2026-09-28T20:22:25.270002+00:00
sn_3593,42,新澤醸造店,飛龍,,宮城県,宮城縣,,,,,,,,,,0.40126229880553815,0.4427307522656758,0.2028969944324904,0.40188965750246747,0.4329870670607607,0.5028098658106219,"純淨,果香,清爽,酸味,控えめ,甘甜,蘋果,俐落,辛口,さらり,清新,鮮味,鮮爽","綺麗,フルーティ,スッキリ,酸味,控えめ,甘味,リンゴ,キレ,辛口,さらり,さわやか,旨味,フレッシュ",3593,https://sakenowa.com/brands/3593,2026-09-28T20:22:25.270009+00:00
sn_3871,42,新澤醸造店,超濃厚ヨーグルト酒,,宮城県,宮城縣,,,,,,,,,,0.0,0.5167009689550761,0.3785854030376103,0.7348579572504732,0.0,0.22288334157894685,"優格,濃厚,いちご,ジュース,ゴクゴク","ヨーグルト,濃厚,いちご,ジュース,ゴクゴク",3871,https://sakenowa.com/brands/3871,2026-09-28T20:22:25.270014+00:00
sn_60,43,仙台伊澤家 勝山酒造,勝山,,宮城県,宮城縣,,,,,,,,,,0.42759857427936127,0.6245630904724653,0.2981399937431394,0.4091346584711588,0.21009070084254153,0.3558984097769466,"哈密瓜,高雅,鮮味,甘甜,ワイン,純淨,果香,酸味,清爽,苦味,辛口,平衡,柔らかい,ふくよか,華麗,しっかり,餘韻,鳳梨,穩重,濃厚","メロン,上品,旨味,甘味,ワイン,綺麗,フルーティ,酸味,スッキリ,苦味,辛口,バランス,柔らかい,ふくよか,華やか,しっかり,余韻,パイナップル,穏やか,濃厚",60,https://sakenowa.com/brands/60,2026-09-28T20:22:25.270179+00:00
sn_61,43,仙台伊澤家 勝山酒造,戦勝政宗,,宮城県,宮城縣,,,,,,,,,,0.3056836705867827,0.6303332870729725,0.280028906092352,0.42665044023855836,0.3154096842919932,0.3864031384398463,"鮮味,辛口,キリリ,あっさり,果香,酸味,芳醇,ほのか,甘甜,濃厚","旨味,辛口,キリリ,あっさり,フルーティ,酸味,芳醇,ほのか,甘味,濃厚",61,https://sakenowa.com/brands/61,2026-09-28T20:22:25.270189+00:00
sn_2245,43,仙台伊澤家 勝山酒造,あきうまい,,宮城県,宮城縣,,,,,,,,,,,,,,,,,,2245,https://sakenowa.com/brands/2245,2026-09-28T20:22:25.270194+00:00
sn_2918,43,仙台伊澤家 勝山酒造,仙臺驛政宗,,宮城県,宮城縣,,,,,,,,,,,,,,,,,,2918,https://sakenowa.com/brands/2918,2026-09-28T20:22:25.270198+00:00
sn_3782,43,仙台伊澤家 勝山酒造,仙台驛政宗,,宮城県,宮城縣,,,,,,,,,,,,,,,,,,3782,https://sakenowa.com/brands/3782,2026-09-28T20:22:25.270202+00:00
sn_62,44,萩野酒造,日輪田,,宮城県,宮城縣,,,,,,,,,,0.3281290169153056,0.5046065635654332,0.34666972459508355,0.4209253276462419,0.2952287176319733,0.5031754556268944,"酸味,鮮味,鮮爽,氣泡感,清新,甘甜,純淨,俐落,さっぱり,多汁,優格,苦味,平衡,しっかり,穩重,清爽,濃厚,力道強勁,哈密瓜,輕快","酸味,旨味,フレッシュ,ガス,さわやか,甘味,綺麗,キレ,さっぱり,ジューシー,ヨーグルト,苦味,バランス,しっかり,穏やか,スッキリ,濃厚,力強い,メロン,軽快",62,https://sakenowa.com/brands/62,2026-09-28T20:22:25.270370+00:00
sn_63,44,萩野酒造,萩の鶴,,宮城県,宮城縣,,,,,,,,,,0.5092121121926132,0.47246551871659054,0.1935754421853773,0.3473530161757956,0.24022049121413616,0.549224821323065,"氣泡感,酸味,鮮爽,甘甜,清新,果香,華麗,鮮味,苦味,優しい,清爽,蘋果,哈密瓜,輕快,葡萄柚,平衡,多汁,穩重,甘酸っぱい,ほのか","ガス,酸味,フレッシュ,甘味,さわやか,フルーティ,華やか,旨味,苦味,優しい,スッキリ,リンゴ,メロン,軽快,グレープフルーツ,バランス,ジューシー,穏やか,甘酸っぱい,ほのか",63,https://sakenowa.com/brands/63,2026-09-28T20:22:25.270378+00:00
sn_64,44,萩野酒造,萩野,,宮城県,宮城縣,,,,,,,,,,0.4991010482256814,0.5128129665772213,0.18022611456930435,0.21897926342517773,0.26922739302720267,0.5787955127945366,"酸味,鮮爽,麝香葡萄,蘋果,清新","酸味,フレッシュ,マスカット,リンゴ,さわやか",64,https://sakenowa.com/brands/64,2026-09-28T20:22:25.270384+00:00
sn_2247,44,萩野酒造,亀岡,,宮城県,宮城縣,,,,,,,,,,,,,,,,,,2247,https://sakenowa.com/brands/2247,2026-09-28T20:22:25.270388+00:00
sn_65,45,一ノ蔵,大和伝,,宮城県,宮城縣,,,,,,,,,,,,,,,,,,65,https://sakenowa.com/brands/65,2026-09-28T20:22:25.270548+00:00
sn_1386,45,一ノ蔵,すず音,,宮城県,宮城縣,,,,,,,,,,0.5540897998315621,0.22910570855274404,0.09358463214096124,0.18337935680819561,0.07558752398957569,0.7696723474128087,"ジュース,氣泡感,シャンパン,カルピス,甘甜,ゴクゴク,酸味,果香,水蜜桃,麝香葡萄,輕快,清新,ワイン,コーヒー,いちご,優しい,高雅,純淨,さっぱり,ほのか","ジュース,ガス,シャンパン,カルピス,甘味,ゴクゴク,酸味,フルーティ,桃,マスカット,軽快,さわやか,ワイン,コーヒー,いちご,優しい,上品,綺麗,さっぱり,ほのか",1386,https://sakenowa.com/brands/1386,2026-09-28T20:22:25.270557+00:00
sn_1607,45,一ノ蔵,一ノ蔵,,宮城県,宮城縣,,,,,,,,,,0.3097102742478563,0.5234956483749117,0.2960036901293089,0.4213814517453813,0.40005186878314225,0.4525592138005268,"辛口,甘甜,清爽,鮮味,酸味,果香,ジュース,熱燗,清新,甘酸っぱい,苦味,穩定,しっかり,常溫,鮮爽,柔らかい,さっぱり,餘韻,冷酒,平衡","辛口,甘味,スッキリ,旨味,酸味,フルーティ,ジュース,熱燗,さわやか,甘酸っぱい,苦味,安定,しっかり,常温,フレッシュ,柔らかい,さっぱり,余韻,冷酒,バランス",1607,https://sakenowa.com/brands/1607,2026-09-28T20:22:25.270565+00:00
sn_1756,45,一ノ蔵,金龍,,宮城県,宮城縣,,,,,,,,,,0.1737547510679423,0.5177499623141215,0.34177211356519555,0.48761237733746715,0.45432090539581127,0.37518364807365473,辛口,辛口,1756,https://sakenowa.com/brands/1756,2026-09-28T20:22:25.270570+00:00
sn_3736,45,一ノ蔵,花めくすず音,,宮城県,宮城縣,,,,,,,,,,,,,,,,清淡,淡い,3736,https://sakenowa.com/brands/3736,2026-09-28T20:22:25.270575+00:00
sn_3797,45,一ノ蔵,萩丸,,宮城県,宮城縣,,,,,,,,,,,,,,,,甘甜,甘味,3797,https://sakenowa.com/brands/3797,2026-09-28T20:22:25.270579+00:00
sn_3798,45,一ノ蔵,Again,,宮城県,宮城縣,,,,,,,,,,,,,,,,,,3798,https://sakenowa.com/brands/3798,2026-09-28T20:22:25.270583+00:00
sn_3799,45,一ノ蔵,Madena,,宮城県,宮城縣,,,,,,,,,,,,,,,,"カラメル,ワイン","カラメル,ワイン",3799,https://sakenowa.com/brands/3799,2026-09-28T20:22:25.270588+00:00
sn_66,46,男山本店,蒼天伝,,宮城県,宮城縣,,,,,,,,,,0.34062479732950407,0.4862836742334324,0.28299481633378953,0.43581386289023094,0.3740510268214105,0.4874104797734816,"清爽,鮮味,辛口,酸味,甘甜,鮮爽,俐落,果香,清新,優しい,穩重,平衡,さっぱり,キリリ,苦味,しっかり,輕快,柔らかい,ほのか,ふくよか","スッキリ,旨味,辛口,酸味,甘味,フレッシュ,キレ,フルーティ,さわやか,優しい,穏やか,バランス,さっぱり,キリリ,苦味,しっかり,軽快,柔らかい,ほのか,ふくよか",66,https://sakenowa.com/brands/66,2026-09-28T20:22:25.270755+00:00
sn_67,46,男山本店,伏見男山,,宮城県,宮城縣,,,,,,,,,,,,,,,,"巧克力,辛口,ワイン,哈密瓜,キリリ,甘甜,鮮味,純淨,圓潤,清爽","チョコレート,辛口,ワイン,メロン,キリリ,甘味,旨味,綺麗,まろやか,スッキリ",67,https://sakenowa.com/brands/67,2026-09-28T20:22:25.270761+00:00
sn_2378,46,男山本店,気仙沼男山,,宮城県,宮城縣,,,,,,,,,,0.1797255886384036,0.4946049702472354,0.4470887864011687,0.4699674107321551,0.4458730611536227,0.32172053005186413,"辛口,鮮味","辛口,旨味",2378,https://sakenowa.com/brands/2378,2026-09-28T20:22:25.270766+00:00
sn_4276,46,男山本店,気仙沼男山 梅酒,,宮城県,宮城縣,,,,,,,,,,,,,,,,,,4276,https://sakenowa.com/brands/4276,2026-09-28T20:22:25.270771+00:00
sn_122590,46,男山本店,陸前男山,,宮城県,宮城縣,,,,,,,,,,,,,,,,,,122590,https://sakenowa.com/brands/122590,2026-09-28T20:22:25.270775+00:00
sn_68,47,大和蔵酒造,雪の松島,,宮城県,宮城縣,,,,,,,,,,0.3712310651850803,0.4504831378465336,0.2134054263281938,0.33276157694949915,0.423695822928371,0.5687373254062955,"氣泡感,辛口,甘甜,清爽,酸味,果香,鮮爽,鮮味,清新,しっかり,苦味,ピリリ,輕快,華麗,さっぱり,ピチピチ,平衡,常溫,純淨,柔らかい","ガス,辛口,甘味,スッキリ,酸味,フルーティ,フレッシュ,旨味,さわやか,しっかり,苦味,ピリリ,軽快,華やか,さっぱり,ピチピチ,バランス,常温,綺麗,柔らかい",68,https://sakenowa.com/brands/68,2026-09-28T20:22:25.270953+00:00
sn_69,48,角星,別格,,宮城県,宮城縣,,,,,,,,,,,,,,,,,,69,https://sakenowa.com/brands/69,2026-09-28T20:22:25.271114+00:00
sn_70,48,角星,蔵の華,,宮城県,宮城縣,,,,,,,,,,,,,,,,,,70,https://sakenowa.com/brands/70,2026-09-28T20:22:25.271119+00:00
sn_1242,48,角星,亀鶴,,宮城県,宮城縣,,,,,,,,,,,,,,,,,,1242,https://sakenowa.com/brands/1242,2026-09-28T20:22:25.271123+00:00
sn_1244,48,角星,喜祥,,宮城県,宮城縣,,,,,,,,,,,,,,,,,,1244,https://sakenowa.com/brands/1244,2026-09-28T20:22:25.271127+00:00
sn_2072,48,角星,金紋両國,,宮城県,宮城縣,,,,,,,,,,,,,,,,,,2072,https://sakenowa.com/brands/2072,2026-09-28T20:22:25.271131+00:00
sn_2515,48,角星,NAMIとUMI,,宮城県,宮城縣,,,,,,,,,,,,,,,,,,2515,https://sakenowa.com/brands/2515,2026-09-28T20:22:25.271135+00:00
sn_2517,48,角星,船尾灯,,宮城県,宮城縣,,,,,,,,,,,,,,,,,,2517,https://sakenowa.com/brands/2517,2026-09-28T20:22:25.271140+00:00
sn_3592,48,角星,ゆず酒,,宮城県,宮城縣,,,,,,,,,,,,,,,,"優しい,圓潤,清新","優しい,まろやか,さわやか",3592,https://sakenowa.com/brands/3592,2026-09-28T20:22:25.271145+00:00
sn_3686,48,角星,両國,,宮城県,宮城縣,,,,,,,,,,,,,,,,,,3686,https://sakenowa.com/brands/3686,2026-09-28T20:22:25.271149+00:00
sn_3963,48,角星,水鳥記,,宮城県,宮城縣,,,,,,,,,,0.38789113404883263,0.5415475568493175,0.31991501715444515,0.42484773469589626,0.322371819302158,0.4117060918173292,"鮮味,甘甜,果香,櫻花,俐落,辛口,清爽,華麗,鳳梨,苦味,しっかり,酸味,清新,優しい,純淨,濃厚,ふくよか,ふんわり,煙燻,餘韻","旨味,甘味,フルーティ,桜,キレ,辛口,スッキリ,華やか,パイナップル,苦味,しっかり,酸味,さわやか,優しい,綺麗,濃厚,ふくよか,ふんわり,スモーキー,余韻",3963,https://sakenowa.com/brands/3963,2026-09-28T20:22:25.271158+00:00
sn_71,49,佐浦,浦霞,,宮城県,宮城縣,,,,,,,,,,0.3019947138908198,0.5258030317422843,0.2901060012542193,0.4900492674929989,0.34955511395297817,0.43108213877149537,"鮮味,清爽,辛口,酸味,鮮爽,平衡,甘甜,果香,しっかり,清新,穩定,さっぱり,穩重,苦味,柔らかい,輕快,圓潤,常溫,キリリ,餘韻","旨味,スッキリ,辛口,酸味,フレッシュ,バランス,甘味,フルーティ,しっかり,さわやか,安定,さっぱり,穏やか,苦味,柔らかい,軽快,まろやか,常温,キリリ,余韻",71,https://sakenowa.com/brands/71,2026-09-28T20:22:25.271323+00:00
sn_4081,49,佐浦,萩の白露,,宮城県,宮城縣,,,,,,,,,,,,,,,,"西洋梨,豐潤,ワイン,柔らかい,輕快,餘韻,果香,酸味,甘甜","洋梨,豊か,ワイン,柔らかい,軽快,余韻,フルーティ,酸味,甘味",4081,https://sakenowa.com/brands/4081,2026-09-28T20:22:25.271332+00:00
sn_72,50,天寿酒造,天寿,,秋田県,秋田縣,,,,,,,,,,0.46948193796584026,0.5658094718353444,0.2548021063505316,0.3428065843282513,0.2801381873615653,0.44556534854895774,"花香,鮮味,酸味,果香,華麗,鮮爽,辛口,甘甜,氣泡感,蘋果,清爽,清新,苦味,平衡,しっかり,餘韻,多汁,輕快,ほのか,柔らかい","花,旨味,酸味,フルーティ,華やか,フレッシュ,辛口,甘味,ガス,リンゴ,スッキリ,さわやか,苦味,バランス,しっかり,余韻,ジューシー,軽快,ほのか,柔らかい",72,https://sakenowa.com/brands/72,2026-09-28T20:22:25.271498+00:00
sn_1376,50,天寿酒造,美酒天寿,,秋田県,秋田縣,,,,,,,,,,,,,,,,"ふっくら,燗酒,するする,ワイン,しっかり,冷酒,平衡,鮮味","ふっくら,燗酒,するする,ワイン,しっかり,冷酒,バランス,旨味",1376,https://sakenowa.com/brands/1376,2026-09-28T20:22:25.271504+00:00
sn_2346,50,天寿酒造,鳥海山,,秋田県,秋田縣,,,,,,,,,,0.4587628192924907,0.4808545660772072,0.22546581716216604,0.28469521326183,0.36043335597934817,0.5445338911878386,"酸味,爽快,花香,華麗,辛口,鮮味,氣泡感,鮮爽,果香,清爽,甘甜,清新,苦味,俐落,蘋果,しっかり,純淨,輕快,芳醇,柔らかい","酸味,爽快,花,華やか,辛口,旨味,ガス,フレッシュ,フルーティ,スッキリ,甘味,さわやか,苦味,キレ,リンゴ,しっかり,綺麗,軽快,芳醇,柔らかい",2346,https://sakenowa.com/brands/2346,2026-09-28T20:22:25.271515+00:00
sn_15,51,齋彌酒造店,由利正宗,,秋田県,秋田縣,,,,,,,,,,,,,,,,,,15,https://sakenowa.com/brands/15,2026-09-28T20:22:25.271676+00:00
sn_73,51,齋彌酒造店,雪の茅舎,,秋田県,秋田縣,,,,,,,,,,0.3842816555547913,0.5917604162961755,0.2726301520707138,0.4635939300195369,0.2504306601703655,0.3875373163794952,"果香,鮮味,平衡,甘甜,酸味,穩定,純淨,清爽,華麗,苦味,鮮爽,高雅,しっかり,鳳梨,清新,優しい,俐落,餘韻,蘋果,滑順","フルーティ,旨味,バランス,甘味,酸味,安定,綺麗,スッキリ,華やか,苦味,フレッシュ,上品,しっかり,パイナップル,さわやか,優しい,キレ,余韻,リンゴ,なめらか",73,https://sakenowa.com/brands/73,2026-09-28T20:22:25.271684+00:00
sn_74,51,齋彌酒造店,斎称,,秋田県,秋田縣,,,,,,,,,,,,,,,,"清爽,純淨,鮮味,辛口","スッキリ,綺麗,旨味,辛口",74,https://sakenowa.com/brands/74,2026-09-28T20:22:25.271689+00:00
sn_4199,51,齋彌酒造店,本荘,,秋田県,秋田縣,,,,,,,,,,,,,,,,,,4199,https://sakenowa.com/brands/4199,2026-09-28T20:22:25.271694+00:00
sn_75,52,小玉醸造,穂月,,秋田県,秋田縣,,,,,,,,,,,,,,,,,,75,https://sakenowa.com/brands/75,2026-09-28T20:22:25.271854+00:00
sn_76,52,小玉醸造,李空,,秋田県,秋田縣,,,,,,,,,,,,,,,,,,76,https://sakenowa.com/brands/76,2026-09-28T20:22:25.271875+00:00
sn_77,52,小玉醸造,太平山,,秋田県,秋田縣,,,,,,,,,,0.3525577012044302,0.5360555607418548,0.2917282234800167,0.3795764255376048,0.3878354962562015,0.45688894905018,"酸味,鮮味,辛口,甘甜,果香,清爽,しっかり,優格,純淨,苦味,平衡,清新,俐落,鮮爽,華麗,芳香,水蜜桃,ワイン,控えめ,滑順","酸味,旨味,辛口,甘味,フルーティ,スッキリ,しっかり,ヨーグルト,綺麗,苦味,バランス,さわやか,キレ,フレッシュ,華やか,芳香,桃,ワイン,控えめ,なめらか",77,https://sakenowa.com/brands/77,2026-09-28T20:22:25.271886+00:00
sn_1559,52,小玉醸造,神月,,秋田県,秋田縣,,,,,,,,,,,,,,,,,,1559,https://sakenowa.com/brands/1559,2026-09-28T20:22:25.271891+00:00
sn_2407,52,小玉醸造,大平山,,秋田県,秋田縣,,,,,,,,,,,,,,,,,,2407,https://sakenowa.com/brands/2407,2026-09-28T20:22:25.271895+00:00
sn_4026,52,小玉醸造,津山,,秋田県,秋田縣,,,,,,,,,,,,,,,,,,4026,https://sakenowa.com/brands/4026,2026-09-28T20:22:25.271899+00:00
sn_78,53,浅舞酒造,天の戸,,秋田県,秋田縣,,,,,,,,,,0.26099287841404645,0.551103998150225,0.3379121009720213,0.4783780592647782,0.3415168038601011,0.4104914344440185,"鮮味,酸味,辛口,甘甜,清爽,氣泡感,苦味,しっかり,清新,冷酒,醇厚,果香,平衡,優しい,ふくよか,穩重,餘韻,俐落,輕快,ほのか","旨味,酸味,辛口,甘味,スッキリ,ガス,苦味,しっかり,さわやか,冷酒,コク,フルーティ,バランス,優しい,ふくよか,穏やか,余韻,キレ,軽快,ほのか",78,https://sakenowa.com/brands/78,2026-09-28T20:22:25.272064+00:00
sn_3731,53,浅舞酒造,じゃごたろ,,秋田県,秋田縣,,,,,,,,,,,,,,,,,,3731,https://sakenowa.com/brands/3731,2026-09-28T20:22:25.272069+00:00
sn_79,54,秋田酒造,秋田晴,,秋田県,秋田縣,,,,,,,,,,0.4020164509662365,0.5900626087036664,0.2631486419459381,0.36403754092238005,0.25859167437620934,0.47071084324332163,"果香,酸味,甘酸っぱい,哈密瓜,氣泡感,鮮味,穩重,甘甜,苦味,多汁,ラムネ,優格,清爽,ほのか,清新,平衡,巧克力,優しい,華麗,辛口","フルーティ,酸味,甘酸っぱい,メロン,ガス,旨味,穏やか,甘味,苦味,ジューシー,ラムネ,ヨーグルト,スッキリ,ほのか,さわやか,バランス,チョコレート,優しい,華やか,辛口",79,https://sakenowa.com/brands/79,2026-09-28T20:22:25.272236+00:00
sn_80,54,秋田酒造,酔楽天,,秋田県,秋田縣,,,,,,,,,,,,,,,,,,80,https://sakenowa.com/brands/80,2026-09-28T20:22:25.272241+00:00
sn_81,56,秋田酒類製造,高清水,,秋田県,秋田縣,,,,,,,,,,0.24686386710199038,0.5773153884536542,0.36486424657969047,0.45679379620590643,0.3692717497521048,0.3572352971428046,"辛口,鮮味,清爽,熱燗,甘甜,酸味,常溫,醇厚,果香,しっかり,平衡,ワイン,冷酒,清新,華麗,ほのか,俐落,輕快,圓潤,穩重","辛口,旨味,スッキリ,熱燗,甘味,酸味,常温,コク,フルーティ,しっかり,バランス,ワイン,冷酒,さわやか,華やか,ほのか,キレ,軽快,まろやか,穏やか",81,https://sakenowa.com/brands/81,2026-09-28T20:22:25.272406+00:00
sn_1923,56,秋田酒類製造,しみずの舞,,秋田県,秋田縣,,,,,,,,,,,,,,,,,,1923,https://sakenowa.com/brands/1923,2026-09-28T20:22:25.272411+00:00
sn_82,57,高橋酒造店,奥清水,,秋田県,秋田縣,,,,,,,,,,,,,,,,櫻花,桜,82,https://sakenowa.com/brands/82,2026-09-28T20:22:25.272571+00:00
sn_83,58,木村酒造,福小町,,秋田県,秋田縣,,,,,,,,,,0.3483246528606742,0.5802562871375407,0.3537748128372326,0.4109007100248285,0.31534051232067706,0.3854048871501924,"鮮味,甘甜,酸味,辛口,果香,苦味,清爽,しっかり,平衡,清新,優しい,蘋果,鮮爽,芳香,華麗,餘韻,醇厚,滑順,ほのか,柔らかい","旨味,甘味,酸味,辛口,フルーティ,苦味,スッキリ,しっかり,バランス,さわやか,優しい,リンゴ,フレッシュ,芳香,華やか,余韻,コク,なめらか,ほのか,柔らかい",83,https://sakenowa.com/brands/83,2026-09-28T20:22:25.272737+00:00
sn_1474,58,木村酒造,角右衛門,,秋田県,秋田縣,,,,,,,,,,0.46739812181952267,0.47035374487360704,0.20416654796910924,0.3167250614887948,0.27948828202446246,0.583261439432839,"氣泡感,鮮爽,苦味,果香,鮮味,清新,酸味,甘甜,華麗,清爽,ピチピチ,哈密瓜,滑順,梨子,控えめ,辛口,さっぱり,しっかり,俐落,餘韻","ガス,フレッシュ,苦味,フルーティ,旨味,さわやか,酸味,甘味,華やか,スッキリ,ピチピチ,メロン,なめらか,梨,控えめ,辛口,さっぱり,しっかり,キレ,余韻",1474,https://sakenowa.com/brands/1474,2026-09-28T20:22:25.272745+00:00
sn_1653,58,木村酒造,号外,,秋田県,秋田縣,,,,,,,,,,,,,,,,,,1653,https://sakenowa.com/brands/1653,2026-09-28T20:22:25.272750+00:00
sn_1995,58,木村酒造,秋田杜氏,,秋田県,秋田縣,,,,,,,,,,,,,,,,"しっかり,鮮味","しっかり,旨味",1995,https://sakenowa.com/brands/1995,2026-09-28T20:22:25.272754+00:00
sn_2916,58,木村酒造,瀧鯉,,秋田県,秋田縣,,,,,,,,,,,,,,,,,,2916,https://sakenowa.com/brands/2916,2026-09-28T20:22:25.272759+00:00
sn_84,59,喜久水酒造,喜一郎の酒,,秋田県,秋田縣,,,,,,,,,,,,,,,,"柳橙,グイグイ,まったり,ツン,華麗,醇厚,清爽,しっかり,鮮味,甘甜","オレンジ,グイグイ,まったり,ツン,華やか,コク,スッキリ,しっかり,旨味,甘味",84,https://sakenowa.com/brands/84,2026-09-28T20:22:25.272933+00:00
sn_85,59,喜久水酒造,喜三郎の酒,,秋田県,秋田縣,,,,,,,,,,,,,,,,,,85,https://sakenowa.com/brands/85,2026-09-28T20:22:25.272938+00:00
sn_86,59,喜久水酒造,亀の舞,,秋田県,秋田縣,,,,,,,,,,,,,,,,"ちびちび,するする,優しい,餘韻,圓潤,甘甜","ちびちび,するする,優しい,余韻,まろやか,甘味",86,https://sakenowa.com/brands/86,2026-09-28T20:22:25.272944+00:00
sn_87,59,喜久水酒造,能代,,秋田県,秋田縣,,,,,,,,,,,,,,,,,,87,https://sakenowa.com/brands/87,2026-09-28T20:22:25.272948+00:00
sn_2305,59,喜久水酒造,喜久水,,秋田県,秋田縣,,,,,,,,,,0.42413268300822343,0.49665252233768675,0.2198127066246997,0.4589357936191979,0.3438986594375155,0.4429918313449805,,,2305,https://sakenowa.com/brands/2305,2026-09-28T20:22:25.272952+00:00
sn_3028,59,喜久水酒造,ヌップシル,,秋田県,秋田縣,,,,,,,,,,,,,,,,甘甜,甘味,3028,https://sakenowa.com/brands/3028,2026-09-28T20:22:25.272957+00:00
sn_88,60,那波商店,銀鱗,,秋田県,秋田縣,,,,,,,,,,0.22366419009206945,0.5098802925516507,0.455112668818992,0.43554485230413864,0.3014628469330467,0.4497662832724845,"燗冷まし,酸味,ラムネ,煙燻","燗冷まし,酸味,ラムネ,スモーキー",88,https://sakenowa.com/brands/88,2026-09-28T20:22:25.273118+00:00
sn_1375,60,那波商店,竜乃涙,,秋田県,秋田縣,,,,,,,,,,,,,,,,,,1375,https://sakenowa.com/brands/1375,2026-09-28T20:22:25.273123+00:00
sn_89,61,北鹿,北秋田,,秋田県,秋田縣,,,,,,,,,,0.33597426951148124,0.5971994562721125,0.2754823692872706,0.4216057846461954,0.38269215598460077,0.3610801018709222,"果香,甘甜,辛口,清爽,常溫,ワイン,圓潤,鮮味,華麗,苦味,しっかり,酸味,さっぱり,冷酒,平衡,清新,哈密瓜,芳醇,蘋果,キリリ","フルーティ,甘味,辛口,スッキリ,常温,ワイン,まろやか,旨味,華やか,苦味,しっかり,酸味,さっぱり,冷酒,バランス,さわやか,メロン,芳醇,リンゴ,キリリ",89,https://sakenowa.com/brands/89,2026-09-28T20:22:25.273286+00:00
sn_90,61,北鹿,小天狗,,秋田県,秋田縣,,,,,,,,,,,,,,,,,,90,https://sakenowa.com/brands/90,2026-09-28T20:22:25.273294+00:00
sn_1712,61,北鹿,米代,,秋田県,秋田縣,,,,,,,,,,,,,,,,,,1712,https://sakenowa.com/brands/1712,2026-09-28T20:22:25.273298+00:00
sn_1786,61,北鹿,雪の十和田,,秋田県,秋田縣,,,,,,,,,,,,,,,,,,1786,https://sakenowa.com/brands/1786,2026-09-28T20:22:25.273302+00:00
sn_4179,61,北鹿,壱九禄○,,秋田県,秋田縣,,,,,,,,,,,,,,,,,,4179,https://sakenowa.com/brands/4179,2026-09-28T20:22:25.273306+00:00
sn_91,62,舞鶴酒造,田从,,秋田県,秋田縣,,,,,,,,,,0.06208093141332087,0.6747800061008727,0.5752920933330671,0.3951373230016476,0.1870106025189543,0.13693224304891688,"辛香,熱燗,常溫,鮮味,酸味,アミノ酸","スパイシー,熱燗,常温,旨味,酸味,アミノ酸",91,https://sakenowa.com/brands/91,2026-09-28T20:22:25.273468+00:00
sn_92,63,秋田醸造,ゆきの美人,,秋田県,秋田縣,,,,,,,,,,0.39129740973307986,0.41187326136450614,0.21213278679661146,0.3446853609596574,0.4019734363944926,0.5931743359657128,"氣泡感,酸味,辛口,鮮味,清爽,甘甜,純淨,鮮爽,苦味,清新,ピリリ,俐落,平衡,果香,控えめ,さっぱり,輕快,高雅,しっかり,蘋果","ガス,酸味,辛口,旨味,スッキリ,甘味,綺麗,フレッシュ,苦味,さわやか,ピリリ,キレ,バランス,フルーティ,控えめ,さっぱり,軽快,上品,しっかり,リンゴ",92,https://sakenowa.com/brands/92,2026-09-28T20:22:25.273634+00:00
sn_93,63,秋田醸造,竿灯,,秋田県,秋田縣,,,,,,,,,,,,,,,,辛口,辛口,93,https://sakenowa.com/brands/93,2026-09-28T20:22:25.273639+00:00
sn_95,64,八重寿銘醸,八重寿,,秋田県,秋田縣,,,,,,,,,,,,,,,,,,95,https://sakenowa.com/brands/95,2026-09-28T20:22:25.273799+00:00
sn_2002,64,八重寿銘醸,白神山地の四季,,秋田県,秋田縣,,,,,,,,,,0.1522330711163125,0.46089500520812693,0.26197495043244634,0.6445927876323013,0.4136331191648752,0.33042062956324125,"穩重,辛口","穏やか,辛口",2002,https://sakenowa.com/brands/2002,2026-09-28T20:22:25.273805+00:00
sn_96,66,阿桜酒造,阿櫻,,秋田県,秋田縣,,,,,,,,,,0.3348551860707206,0.5289915649824883,0.34242113694408943,0.338852147144745,0.446963390430235,0.41975069208203025,"鮮味,蘋果,酸味,辛口,甘甜,氣泡感,清爽,しっかり,苦味,果香,櫻花,華麗,清新,俐落,平衡,濃厚,鮮爽,さっぱり,醇厚,純淨","旨味,リンゴ,酸味,辛口,甘味,ガス,スッキリ,しっかり,苦味,フルーティ,桜,華やか,さわやか,キレ,バランス,濃厚,フレッシュ,さっぱり,コク,綺麗",96,https://sakenowa.com/brands/96,2026-09-28T20:22:25.273989+00:00
sn_1882,66,阿桜酒造,あざくら,,秋田県,秋田縣,,,,,,,,,,0.39809453061397254,0.19057233573605747,0.08711286771342666,0.14693782547094156,0.8321537135033942,0.2890393578294652,"蘋果,酸味,清新,果香,甘甜","リンゴ,酸味,さわやか,フルーティ,甘味",1882,https://sakenowa.com/brands/1882,2026-09-28T20:22:25.274001+00:00
sn_97,67,両関酒造,両関,,秋田県,秋田縣,,,,,,,,,,0.36233253498209383,0.6053762406662484,0.35765302038506713,0.4035710134353064,0.2819340554038828,0.36326668421148844,"甘甜,鮮味,果香,苦味,酸味,華麗,辛口,純淨,清爽,高雅,平衡,俐落,梨子,餘韻,しっかり,鮮爽,穩重,味噌,優しい,柔らかい","甘味,旨味,フルーティ,苦味,酸味,華やか,辛口,綺麗,スッキリ,上品,バランス,キレ,梨,余韻,しっかり,フレッシュ,穏やか,味噌,優しい,柔らかい",97,https://sakenowa.com/brands/97,2026-09-28T20:22:25.274166+00:00
sn_1481,67,両関酒造,花邑,,秋田県,秋田縣,,,,,,,,,,0.4993117159279586,0.6135952373821274,0.2576429076490965,0.39151386529594484,0.17655730777953707,0.3512167955662683,"甘甜,華麗,果香,高雅,苦味,鮮味,多汁,水蜜桃,酸味,純淨,平衡,餘韻,しっかり,穩定,鮮爽,鳳梨,哈密瓜,俐落,優しい,清爽","甘味,華やか,フルーティ,上品,苦味,旨味,ジューシー,桃,酸味,綺麗,バランス,余韻,しっかり,安定,フレッシュ,パイナップル,メロン,キレ,優しい,スッキリ",1481,https://sakenowa.com/brands/1481,2026-09-28T20:22:25.274177+00:00
sn_2240,67,両関酒造,翠玉,,秋田県,秋田縣,,,,,,,,,,0.38866825576473046,0.6254928838561501,0.2709629926668865,0.41759905958888527,0.26830356925208987,0.37134743296297495,"鮮味,甘甜,果香,純淨,苦味,華麗,酸味,芳醇,平衡,辛口,清爽,高雅,穩重,しっかり,滑順,麝香葡萄,哈密瓜,俐落,清新,柔らかい","旨味,甘味,フルーティ,綺麗,苦味,華やか,酸味,芳醇,バランス,辛口,スッキリ,上品,穏やか,しっかり,なめらか,マスカット,メロン,キレ,さわやか,柔らかい",2240,https://sakenowa.com/brands/2240,2026-09-28T20:22:25.274185+00:00
sn_3435,67,両関酒造,光節,,秋田県,秋田縣,,,,,,,,,,,,,,,,"醇厚,ほのか,甘甜,しっかり","コク,ほのか,甘味,しっかり",3435,https://sakenowa.com/brands/3435,2026-09-28T20:22:25.274190+00:00
sn_98,68,飛良泉本舗,飛良泉,,秋田県,秋田縣,,,,,,,,,,0.37322408468019835,0.5303198441611434,0.32209749070596877,0.4049540907966518,0.27477176353185306,0.4860355072390284,"酸味,甘酸っぱい,蘋果,優格,甘甜,葡萄柚,鮮味,清新,苦味,輕快,平衡,ジュース,清爽,檸檬,氣泡感,果香,柑橘,しっかり,餘韻,穩重","酸味,甘酸っぱい,リンゴ,ヨーグルト,甘味,グレープフルーツ,旨味,さわやか,苦味,軽快,バランス,ジュース,スッキリ,レモン,ガス,フルーティ,柑橘,しっかり,余韻,穏やか",98,https://sakenowa.com/brands/98,2026-09-28T20:22:25.274357+00:00
sn_2678,68,飛良泉本舗,長亨,,秋田県,秋田縣,,,,,,,,,,,,,,,,"熱燗,ちびちび,酸味,鮮味,しっかり,常溫,圓潤,辛口,苦味,甘甜","熱燗,ちびちび,酸味,旨味,しっかり,常温,まろやか,辛口,苦味,甘味",2678,https://sakenowa.com/brands/2678,2026-09-28T20:22:25.274364+00:00
sn_2724,68,飛良泉本舗,マルヒ,,秋田県,秋田縣,,,,,,,,,,0.411240269705313,0.60805851121611,0.3330926707604838,0.2794841035582559,0.22746174944579725,0.4694095744584814,"酸味,甘酸っぱい,甘甜,蘋果,果香,多汁,平衡,優格,葡萄柚,氣泡感,苦味,鮮爽,清新,檸檬,清爽,鮮味,ジュース,しっかり,俐落,控えめ","酸味,甘酸っぱい,甘味,リンゴ,フルーティ,ジューシー,バランス,ヨーグルト,グレープフルーツ,ガス,苦味,フレッシュ,さわやか,レモン,スッキリ,旨味,ジュース,しっかり,キレ,控えめ",2724,https://sakenowa.com/brands/2724,2026-09-28T20:22:25.274372+00:00
sn_3711,68,飛良泉本舗,和泉屋市平衛,,秋田県,秋田縣,,,,,,,,,,,,,,,,"檸檬,柑橘,さっぱり,甘甜","レモン,柑橘,さっぱり,甘味",3711,https://sakenowa.com/brands/3711,2026-09-28T20:22:25.274377+00:00
sn_99,69,秋田清酒,晴田,,秋田県,秋田縣,,,,,,,,,,,,,,,,,,99,https://sakenowa.com/brands/99,2026-09-28T20:22:25.274537+00:00
sn_100,69,秋田清酒,刈穂,,秋田県,秋田縣,,,,,,,,,,0.28876872891296657,0.501495872881582,0.30459739571240263,0.3698471682361162,0.46781452446327276,0.4655078732512263,"辛口,鮮味,酸味,清新,清爽,甘甜,苦味,果香,俐落,しっかり,哈密瓜,鮮爽,餘韻,輕快,さっぱり,純淨,香蕉,平衡,ツン,キリリ","辛口,旨味,酸味,さわやか,スッキリ,甘味,苦味,フルーティ,キレ,しっかり,メロン,フレッシュ,余韻,軽快,さっぱり,綺麗,バナナ,バランス,ツン,キリリ",100,https://sakenowa.com/brands/100,2026-09-28T20:22:25.274546+00:00
sn_101,69,秋田清酒,出羽鶴,,秋田県,秋田縣,,,,,,,,,,0.3706266402770702,0.5348199466412711,0.2836118594142965,0.4062161679077951,0.25659061569882735,0.5150898098940875,"氣泡感,鮮味,甘甜,鮮爽,酸味,苦味,清新,果香,辛口,ほのか,しっかり,平衡,哈密瓜,輕快,華麗,圓潤,清爽,常溫,俐落,甘酸っぱい","ガス,旨味,甘味,フレッシュ,酸味,苦味,さわやか,フルーティ,辛口,ほのか,しっかり,バランス,メロン,軽快,華やか,まろやか,スッキリ,常温,キレ,甘酸っぱい",101,https://sakenowa.com/brands/101,2026-09-28T20:22:25.274556+00:00
sn_1365,69,秋田清酒,やまとしずく,,秋田県,秋田縣,,,,,,,,,,0.3992639550810969,0.4911336439699675,0.22869566344006945,0.3405258832361701,0.3196684531373461,0.5735229152984997,"酸味,氣泡感,鮮爽,清新,鮮味,甘甜,苦味,果香,清爽,辛口,俐落,ラムネ,爽快,輕快,哈密瓜,純淨,華麗,清涼,さっぱり,平衡","酸味,ガス,フレッシュ,さわやか,旨味,甘味,苦味,フルーティ,スッキリ,辛口,キレ,ラムネ,爽快,軽快,メロン,綺麗,華やか,清涼,さっぱり,バランス",1365,https://sakenowa.com/brands/1365,2026-09-28T20:22:25.274565+00:00
sn_3549,69,秋田清酒,払田の柵,,秋田県,秋田縣,,,,,,,,,,,,,,,,,,3549,https://sakenowa.com/brands/3549,2026-09-28T20:22:25.274569+00:00
sn_4015,69,秋田清酒,竜巻,,秋田県,秋田縣,,,,,,,,,,,,,,,,,,4015,https://sakenowa.com/brands/4015,2026-09-28T20:22:25.274575+00:00
sn_102,70,日の丸醸造,まんさくの花,,秋田県,秋田縣,,,,,,,,,,0.3723255192407684,0.5438246623268734,0.29998820303660406,0.398196835199621,0.30135509507890107,0.4756678562957728,"氣泡感,鮮味,酸味,甘甜,果香,辛口,平衡,苦味,しっかり,華麗,清爽,鮮爽,清新,純淨,穩重,餘韻,俐落,濃厚,鳳梨,輕快","ガス,旨味,酸味,甘味,フルーティ,辛口,バランス,苦味,しっかり,華やか,スッキリ,フレッシュ,さわやか,綺麗,穏やか,余韻,キレ,濃厚,パイナップル,軽快",102,https://sakenowa.com/brands/102,2026-09-28T20:22:25.274739+00:00
sn_103,70,日の丸醸造,紅まんさく,,秋田県,秋田縣,,,,,,,,,,,,,,,,"辛口,甘酸っぱい,甘甜,常溫,果香,しっかり,鮮味","辛口,甘酸っぱい,甘味,常温,フルーティ,しっかり,旨味",103,https://sakenowa.com/brands/103,2026-09-28T20:22:25.274748+00:00
sn_1553,70,日の丸醸造,十文字,,秋田県,秋田縣,,,,,,,,,,,,,,,,,,1553,https://sakenowa.com/brands/1553,2026-09-28T20:22:25.274753+00:00
sn_2791,70,日の丸醸造,真人,,秋田県,秋田縣,,,,,,,,,,,,,,,,,,2791,https://sakenowa.com/brands/2791,2026-09-28T20:22:25.274757+00:00
sn_104,71,鈴木酒造店,秀よし,,秋田県,秋田縣,,,,,,,,,,0.3507110610733407,0.5663306899091106,0.34802021968348523,0.4130946120035902,0.2737628807486787,0.4353848351253508,"酸味,甘甜,鮮味,華麗,しっかり,辛口,苦味,爽快,純淨,平衡,果香,醇厚,熱燗,清爽,餘韻,濃厚,ツン,清新,優しい,優格","酸味,甘味,旨味,華やか,しっかり,辛口,苦味,爽快,綺麗,バランス,フルーティ,コク,熱燗,スッキリ,余韻,濃厚,ツン,さわやか,優しい,ヨーグルト",104,https://sakenowa.com/brands/104,2026-09-28T20:22:25.274936+00:00
sn_3002,71,鈴木酒造店,龍蟠,,秋田県,秋田縣,,,,,,,,,,0.3749780126472548,0.6412102529467453,0.3861085298822853,0.35490685939067074,0.19671620538078605,0.3667491791364523,"蜜,鳳梨,甘甜,鮮味,果香,力道強勁,酸味,苦味,哈密瓜,とろみ,純淨","蜜,パイナップル,甘味,旨味,フルーティ,力強い,酸味,苦味,メロン,とろみ,綺麗",3002,https://sakenowa.com/brands/3002,2026-09-28T20:22:25.274944+00:00
sn_3062,71,鈴木酒造店,ラシャンテ,,秋田県,秋田縣,,,,,,,,,,,,,,,,"シャンパン,ジュース,氣泡感,ワイン","シャンパン,ジュース,ガス,ワイン",3062,https://sakenowa.com/brands/3062,2026-09-28T20:22:25.274952+00:00
sn_3218,71,鈴木酒造店,LACHAMTE,,秋田県,秋田縣,,,,,,,,,,,,,,,,"蜂蜜,心地よい,ワイン,氣泡感,甘甜,酸味","ハチミツ,心地よい,ワイン,ガス,甘味,酸味",3218,https://sakenowa.com/brands/3218,2026-09-28T20:22:25.274958+00:00
sn_106,72,山本酒造店,白瀑,,秋田県,秋田縣,,,,,,,,,,0.23294437376720675,0.37413324020758726,0.27406111687867785,0.25036811886616067,0.660165023418984,0.4818191449359601,辛口,辛口,106,https://sakenowa.com/brands/106,2026-09-28T20:22:25.275118+00:00
sn_1100,72,山本酒造店,山本,,秋田県,秋田縣,,,,,,,,,,0.4496694963158538,0.5023876017766428,0.1995373787667892,0.2890664483798459,0.344103948055826,0.5510189992119091,"酸味,果香,氣泡感,多汁,柑橘,俐落,清新,ワイン,苦味,清爽,鮮味,甘甜,鮮爽,蘋果,控えめ,甘酸っぱい,辛口,さっぱり,平衡,華麗","酸味,フルーティ,ガス,ジューシー,柑橘,キレ,さわやか,ワイン,苦味,スッキリ,旨味,甘味,フレッシュ,リンゴ,控えめ,甘酸っぱい,辛口,さっぱり,バランス,華やか",1100,https://sakenowa.com/brands/1100,2026-09-28T20:22:25.275127+00:00
sn_2045,72,山本酒造店,ブルーハワイ,,秋田県,秋田縣,,,,,,,,,,,,,,,,"トロピカル,しっかり,清爽","トロピカル,しっかり,スッキリ",2045,https://sakenowa.com/brands/2045,2026-09-28T20:22:25.275132+00:00
sn_2683,72,山本酒造店,ど,,秋田県,秋田縣,,,,,,,,,,0.2632502216744361,0.3850395684540214,0.2939342500671481,0.34714353581491114,0.5041615933963579,0.5668853159471777,"氣泡感,辛口,奶油感,清爽,濃厚,優格,酸味,鮮味,甘甜,さっぱり,ピリリ,俐落,とろみ,清新,ほのか,控えめ,しっかり,ミルク,苦味,鮮爽","ガス,辛口,クリーミー,スッキリ,濃厚,ヨーグルト,酸味,旨味,甘味,さっぱり,ピリリ,キレ,とろみ,さわやか,ほのか,控えめ,しっかり,ミルク,苦味,フレッシュ",2683,https://sakenowa.com/brands/2683,2026-09-28T20:22:25.275143+00:00
sn_3366,72,山本酒造店,礼,,秋田県,秋田縣,,,,,,,,,,,,,,,,,,3366,https://sakenowa.com/brands/3366,2026-09-28T20:22:25.275147+00:00
sn_107,73,栗林酒造店,春霞,,秋田県,秋田縣,,,,,,,,,,0.3283096173524599,0.5559673254714625,0.3143405707821494,0.49942632523205527,0.2613322360811842,0.40814451089333115,"栗,酸味,鮮味,氣泡感,甘甜,苦味,平衡,清新,優しい,鮮爽,純淨,穩重,柔らかい,花香,清爽,果香,控えめ,多汁,辛口,ほのか","栗,酸味,旨味,ガス,甘味,苦味,バランス,さわやか,優しい,フレッシュ,綺麗,穏やか,柔らかい,花,スッキリ,フルーティ,控えめ,ジューシー,辛口,ほのか",107,https://sakenowa.com/brands/107,2026-09-28T20:22:25.275311+00:00
sn_2215,73,栗林酒造店,栗林,,秋田県,秋田縣,,,,,,,,,,0.3971449429547068,0.4880748449350792,0.23503466808461365,0.3332525515723518,0.357963660348193,0.5564371479027052,"酸味,氣泡感,鮮味,苦味,ピリリ,平衡,純淨,甘酸っぱい,甘甜,鮮爽,心地よい,辛口,しっかり,滑順,果香","酸味,ガス,旨味,苦味,ピリリ,バランス,綺麗,甘酸っぱい,甘味,フレッシュ,心地よい,辛口,しっかり,なめらか,フルーティ",2215,https://sakenowa.com/brands/2215,2026-09-28T20:22:25.275319+00:00
sn_3116,73,栗林酒造店,郷の清水,,秋田県,秋田縣,,,,,,,,,,,,,,,,,,3116,https://sakenowa.com/brands/3116,2026-09-28T20:22:25.275326+00:00
sn_3324,73,栗林酒造店,無濾過生 春露 緑ラベル,,秋田県,秋田縣,,,,,,,,,,,,,,,,"ピリリ,常溫","ピリリ,常温",3324,https://sakenowa.com/brands/3324,2026-09-28T20:22:25.275331+00:00
sn_108,74,千歳盛酒造,千歳盛,,秋田県,秋田縣,,,,,,,,,,0.4219662809620444,0.5779478093417617,0.3448998076895375,0.3472021017034067,0.35018587373551846,0.35466246555375497,"蘋果,果香,酸味,華麗,鮮味","リンゴ,フルーティ,酸味,華やか,旨味",108,https://sakenowa.com/brands/108,2026-09-28T20:22:25.275497+00:00
sn_1625,74,千歳盛酒造,左多六,,秋田県,秋田縣,,,,,,,,,,,,,,,,"丸み,昔ながら,しっかり,清爽,冷酒,俐落,圓潤,鮮味,辛口","丸み,昔ながら,しっかり,スッキリ,冷酒,キレ,まろやか,旨味,辛口",1625,https://sakenowa.com/brands/1625,2026-09-28T20:22:25.275504+00:00
sn_1905,74,千歳盛酒造,すし屋の酒 粋心,,秋田県,秋田縣,,,,,,,,,,,,,,,,,,1905,https://sakenowa.com/brands/1905,2026-09-28T20:22:25.275511+00:00
sn_2209,74,千歳盛酒造,十和田 八幡平,,秋田県,秋田縣,,,,,,,,,,,,,,,,,,2209,https://sakenowa.com/brands/2209,2026-09-28T20:22:25.275515+00:00
sn_109,76,新政酒造,新政,,秋田県,秋田縣,,,,,,,,,,0.4973526307016716,0.4953488565772126,0.2673001211516609,0.2914061596035523,0.164116533944606,0.5691825099958712,"酸味,氣泡感,甘甜,シャンパン,柑橘,果香,甘酸っぱい,ワイン,鮮味,平衡,優格,清新,葡萄柚,純淨,苦味,麝香葡萄,輕快,高雅,清爽,複雜","酸味,ガス,甘味,シャンパン,柑橘,フルーティ,甘酸っぱい,ワイン,旨味,バランス,ヨーグルト,さわやか,グレープフルーツ,綺麗,苦味,マスカット,軽快,上品,スッキリ,複雑",109,https://sakenowa.com/brands/109,2026-09-28T20:22:25.275682+00:00
sn_1338,76,新政酒造,やまユ,,秋田県,秋田縣,,,,,,,,,,0.52309011132787,0.5072908121669546,0.19521509599637743,0.40517619777769304,0.15350281309947028,0.4931459913069091,"水蜜桃,酸味","桃,酸味",1338,https://sakenowa.com/brands/1338,2026-09-28T20:22:25.275687+00:00
sn_1617,76,新政酒造,佐藤卯兵衛,,秋田県,秋田縣,,,,,,,,,,0.517286474612809,0.5039018490310327,0.2942790271859166,0.4143049945482368,0.14411763916938988,0.446630676797839,"高雅,酸味","上品,酸味",1617,https://sakenowa.com/brands/1617,2026-09-28T20:22:25.275692+00:00
sn_111,77,秋田銘醸,唐獅子,,秋田県,秋田縣,,,,,,,,,,,,,,,,"ワイン,ツン,純淨,餘韻,しっかり,辛口,清爽,甘甜","ワイン,ツン,綺麗,余韻,しっかり,辛口,スッキリ,甘味",111,https://sakenowa.com/brands/111,2026-09-28T20:22:25.275871+00:00
sn_112,77,秋田銘醸,牡丹,,秋田県,秋田縣,,,,,,,,,,,,,,,,,,112,https://sakenowa.com/brands/112,2026-09-28T20:22:25.275878+00:00
sn_113,77,秋田銘醸,爛漫,,秋田県,秋田縣,,,,,,,,,,0.2820707946353648,0.5284704252843148,0.35801542777676193,0.5186921140112768,0.25230284749185283,0.4245960361301398,"カルピス,鮮味,酸味,氣泡感,甘甜,カラメル,清爽,昔ながら,果香,穩重,苦味,輕快,濃厚,控えめ,辛口,優しい,華麗,常溫,餘韻,とろみ","カルピス,旨味,酸味,ガス,甘味,カラメル,スッキリ,昔ながら,フルーティ,穏やか,苦味,軽快,濃厚,控えめ,辛口,優しい,華やか,常温,余韻,とろみ",113,https://sakenowa.com/brands/113,2026-09-28T20:22:25.275889+00:00
sn_2370,77,秋田銘醸,かおりらんまん,,秋田県,秋田縣,,,,,,,,,,,,,,,,華麗,華やか,2370,https://sakenowa.com/brands/2370,2026-09-28T20:22:25.275896+00:00
sn_114,78,福禄寿酒造,一白水成,,秋田県,秋田縣,,,,,,,,,,0.42527391340328335,0.5706923936006515,0.2620710938918964,0.36005049032395214,0.289928868627321,0.459430003118303,"果香,苦味,鮮味,酸味,甘甜,平衡,多汁,純淨,氣泡感,清爽,鮮爽,華麗,俐落,しっかり,餘韻,蘋果,辛口,高雅,清新,水蜜桃","フルーティ,苦味,旨味,酸味,甘味,バランス,ジューシー,綺麗,ガス,スッキリ,フレッシュ,華やか,キレ,しっかり,余韻,リンゴ,辛口,上品,さわやか,桃",114,https://sakenowa.com/brands/114,2026-09-28T20:22:25.276061+00:00
sn_2358,78,福禄寿酒造,農醸,,秋田県,秋田縣,,,,,,,,,,,,,,,,,,2358,https://sakenowa.com/brands/2358,2026-09-28T20:22:25.276065+00:00
sn_2420,78,福禄寿酒造,十五番,,秋田県,秋田縣,,,,,,,,,,,,,,,,"香蕉,清新","バナナ,さわやか",2420,https://sakenowa.com/brands/2420,2026-09-28T20:22:25.276070+00:00
sn_115,79,鯉川酒造,侍士の門,,山形県,山形縣,,,,,,,,,,,,,,,,,,115,https://sakenowa.com/brands/115,2026-09-28T20:22:25.276233+00:00
sn_116,79,鯉川酒造,鯉川,,山形県,山形縣,,,,,,,,,,0.21022065035124674,0.510264226667375,0.2895699089490895,0.50472421604813,0.451469599411748,0.39117212518564914,"辛口,鮮味,熱燗,俐落,清爽,燗酒,常溫,酸味,優しい,穩重,冷酒,清新,輕快,しっかり,苦味,純淨,甘甜,平衡,圓潤,芳香","辛口,旨味,熱燗,キレ,スッキリ,燗酒,常温,酸味,優しい,穏やか,冷酒,さわやか,軽快,しっかり,苦味,綺麗,甘味,バランス,まろやか,芳香",116,https://sakenowa.com/brands/116,2026-09-28T20:22:25.276242+00:00
sn_2108,79,鯉川酒造,亀治好日,,山形県,山形縣,,,,,,,,,,0.07961883272497129,0.5296820575104089,0.398792913141182,0.37731660271657774,0.5204138865786845,0.37531791833845474,"辛口,熱燗","辛口,熱燗",2108,https://sakenowa.com/brands/2108,2026-09-28T20:22:25.276249+00:00
sn_2272,79,鯉川酒造,別嬪,,山形県,山形縣,,,,,,,,,,0.2707748921109726,0.5362580213134202,0.2775712980683298,0.3938230071188031,0.5077700790037768,0.3861805960951046,"辛口,俐落,鮮味,苦味,清爽,常溫,酸味","辛口,キレ,旨味,苦味,スッキリ,常温,酸味",2272,https://sakenowa.com/brands/2272,2026-09-28T20:22:25.276255+00:00
sn_117,80,男山酒造,羽陽男山,,山形県,山形縣,,,,,,,,,,0.2634441937597598,0.48841480232083995,0.41315261860960906,0.5066532859549491,0.38412323482009003,0.34220584402752474,"鮮味,辛口,清爽,芳香","旨味,辛口,スッキリ,芳香",117,https://sakenowa.com/brands/117,2026-09-28T20:22:25.276438+00:00
sn_1472,80,男山酒造,壺天,,山形県,山形縣,,,,,,,,,,,,,,,,,,1472,https://sakenowa.com/brands/1472,2026-09-28T20:22:25.276443+00:00
sn_122583,80,男山酒造,山男山,,山形県,山形縣,,,,,,,,,,,,,,,,,,122583,https://sakenowa.com/brands/122583,2026-09-28T20:22:25.276450+00:00
sn_118,81,錦爛酒造,羽陽錦爛,,山形県,山形縣,,,,,,,,,,0.23893656393213558,0.5740765163861841,0.360034813828244,0.5770699778084977,0.2509152266611884,0.2962299686451961,甘甜,甘味,118,https://sakenowa.com/brands/118,2026-09-28T20:22:25.276610+00:00
sn_119,82,加藤嘉八郎酒造,大山,,山形県,山形縣,,,,,,,,,,0.3519135276989597,0.5873994338214522,0.3217384190911105,0.3788607134045574,0.30515877246683126,0.43697350866453005,"果香,鮮味,甘甜,酸味,濃厚,辛口,多汁,鮮爽,清爽,氣泡感,平衡,俐落,苦味,清新,優しい,輕快,しっかり,さっぱり,華麗,純淨","フルーティ,旨味,甘味,酸味,濃厚,辛口,ジューシー,フレッシュ,スッキリ,ガス,バランス,キレ,苦味,さわやか,優しい,軽快,しっかり,さっぱり,華やか,綺麗",119,https://sakenowa.com/brands/119,2026-09-28T20:22:25.276775+00:00
sn_2558,82,加藤嘉八郎酒造,ささの舞,,山形県,山形縣,,,,,,,,,,,,,,,,,,2558,https://sakenowa.com/brands/2558,2026-09-28T20:22:25.276779+00:00
sn_2762,82,加藤嘉八郎酒造,十水,,山形県,山形縣,,,,,,,,,,0.26529323265042287,0.6855208844018231,0.39047373232045096,0.3865624762583506,0.1978713537410306,0.34442308494680196,"濃厚,鮮味,多汁,甘甜,氣泡感,果香,酸味,醇厚,しっかり,芳醇,奶油感,苦味,平衡,清新,辛口,清爽,ラムネ,常溫,餘韻,俐落","濃厚,旨味,ジューシー,甘味,ガス,フルーティ,酸味,コク,しっかり,芳醇,クリーミー,苦味,バランス,さわやか,辛口,スッキリ,ラムネ,常温,余韻,キレ",2762,https://sakenowa.com/brands/2762,2026-09-28T20:22:25.276789+00:00
sn_3843,82,加藤嘉八郎酒造,吟雅凛匠,,山形県,山形縣,,,,,,,,,,,,,,,,"高雅,平衡,圓潤,酸味,辛口,甘甜","上品,バランス,まろやか,酸味,辛口,甘味",3843,https://sakenowa.com/brands/3843,2026-09-28T20:22:25.276797+00:00
sn_120,83,楯の川酒造,楯野川,,山形県,山形縣,,,,,,,,,,0.4068423249239862,0.49308357018450893,0.26399503798944757,0.3909496461820766,0.31028030368429294,0.5220527202085883,"酸味,甘甜,果香,優格,鮮味,清爽,氣泡感,辛口,純淨,苦味,平衡,華麗,清新,しっかり,餘韻,鮮爽,高雅,控えめ,輕快,穩重","酸味,甘味,フルーティ,ヨーグルト,旨味,スッキリ,ガス,辛口,綺麗,苦味,バランス,華やか,さわやか,しっかり,余韻,フレッシュ,上品,控えめ,軽快,穏やか",120,https://sakenowa.com/brands/120,2026-09-28T20:22:25.276976+00:00
sn_121,84,酒田酒造,上喜元,,山形県,山形縣,,,,,,,,,,0.37572515609965756,0.45405922283057293,0.22803883911527753,0.34947026191288255,0.42939509526002695,0.5423555155951808,"辛口,氣泡感,鮮味,酸味,清爽,果香,甘甜,苦味,俐落,清新,平衡,しっかり,純淨,鮮爽,華麗,輕快,ピリリ,控えめ,哈密瓜,ほのか","辛口,ガス,旨味,酸味,スッキリ,フルーティ,甘味,苦味,キレ,さわやか,バランス,しっかり,綺麗,フレッシュ,華やか,軽快,ピリリ,控えめ,メロン,ほのか",121,https://sakenowa.com/brands/121,2026-09-28T20:22:25.277140+00:00
sn_1796,84,酒田酒造,上亀元,,山形県,山形縣,,,,,,,,,,0.4169645933864826,0.49638035587771273,0.23241386782822468,0.4942187984064753,0.26781645492768436,0.4579879801627031,"果香,氣泡感,鮮味,甘甜,華麗,酸味,清爽,清新,清淡,醇厚,高雅,柔らかい,苦味,ほのか","フルーティ,ガス,旨味,甘味,華やか,酸味,スッキリ,さわやか,淡い,コク,上品,柔らかい,苦味,ほのか",1796,https://sakenowa.com/brands/1796,2026-09-28T20:22:25.277150+00:00
sn_3618,84,酒田酒造,中秋の風花,,山形県,山形縣,,,,,,,,,,,,,,,,"辛口,さっぱり,酸味,清爽","辛口,さっぱり,酸味,スッキリ",3618,https://sakenowa.com/brands/3618,2026-09-28T20:22:25.277155+00:00
sn_122,85,古澤酒造,澤正宗,,山形県,山形縣,,,,,,,,,,0.3000850408121637,0.5637967038490732,0.2543398851312389,0.5508868813917485,0.3175433967587595,0.35083230028960155,,,122,https://sakenowa.com/brands/122,2026-09-28T20:22:25.277318+00:00
sn_123,86,長沼,誉小桜,,山形県,山形縣,,,,,,,,,,,,,,,,,,123,https://sakenowa.com/brands/123,2026-09-28T20:22:25.277481+00:00
sn_124,86,長沼,惣邑,,山形県,山形縣,,,,,,,,,,0.42468047387847024,0.47712347980224,0.2160988761560429,0.41529470261667617,0.32847534164571673,0.5147185791878033,"鮮味,果香,鮮爽,清爽,酸味,苦味,辛口,甘甜,清新,純淨,平衡,さらり,柔らかい,櫻花,俐落,穩重,輕快,華麗,優しい,派手","旨味,フルーティ,フレッシュ,スッキリ,酸味,苦味,辛口,甘味,さわやか,綺麗,バランス,さらり,柔らかい,桜,キレ,穏やか,軽快,華やか,優しい,派手",124,https://sakenowa.com/brands/124,2026-09-28T20:22:25.277490+00:00
sn_125,86,長沼,惣右衛門,,山形県,山形縣,,,,,,,,,,,,,,,,甘甜,甘味,125,https://sakenowa.com/brands/125,2026-09-28T20:22:25.277495+00:00
sn_2474,86,長沼,小桜,,山形県,山形縣,,,,,,,,,,,,,,,,,,2474,https://sakenowa.com/brands/2474,2026-09-28T20:22:25.277501+00:00
sn_128,87,菊勇,三十六人衆,,山形県,山形縣,,,,,,,,,,0.22792342229854431,0.5101512924471223,0.25439218387639284,0.43495241246839456,0.4919344883109383,0.4380616934440039,"辛口,清爽,苦味,甘甜,さらり,ほのか,鮮味,常溫,冷酒","辛口,スッキリ,苦味,甘味,さらり,ほのか,旨味,常温,冷酒",128,https://sakenowa.com/brands/128,2026-09-28T20:22:25.277667+00:00
sn_129,87,菊勇,出羽の里,,山形県,山形縣,,,,,,,,,,,,,,,,,,129,https://sakenowa.com/brands/129,2026-09-28T20:22:25.277674+00:00
sn_130,87,菊勇,相模大山,,山形県,山形縣,,,,,,,,,,,,,,,,"深み,ツン,酸味,鮮味,辛口","深み,ツン,酸味,旨味,辛口",130,https://sakenowa.com/brands/130,2026-09-28T20:22:25.277679+00:00
sn_131,88,月山酒造,銀嶺月山,,山形県,山形縣,,,,,,,,,,0.2625629585457404,0.4799086410002567,0.29184774902065475,0.5670637868106034,0.3641628356810976,0.4017429169024536,"辛口,鮮味,清爽,甘甜,俐落,穩重,餘韻,優しい,圓潤,苦味,酸味,常溫,さっぱり,しっかり,輕快,華麗,純淨,清新,さらり,高雅","辛口,旨味,スッキリ,甘味,キレ,穏やか,余韻,優しい,まろやか,苦味,酸味,常温,さっぱり,しっかり,軽快,華やか,綺麗,さわやか,さらり,上品",131,https://sakenowa.com/brands/131,2026-09-28T20:22:25.277845+00:00
sn_132,88,月山酒造,銀嶺,,山形県,山形縣,,,,,,,,,,,,,,,,,,132,https://sakenowa.com/brands/132,2026-09-28T20:22:25.277850+00:00
sn_135,89,出羽桜酒造,出羽桜,,山形県,山形縣,,,,,,,,,,0.42021431501013184,0.545313013054613,0.2857103897631847,0.4146481799728268,0.2855748797091864,0.4369634943099254,"果香,甘甜,鮮味,清爽,華麗,辛口,櫻花,酸味,苦味,餘韻,しっかり,平衡,氣泡感,高雅,圓潤,優しい,蘋果,清新,輕快,濃厚","フルーティ,甘味,旨味,スッキリ,華やか,辛口,桜,酸味,苦味,余韻,しっかり,バランス,ガス,上品,まろやか,優しい,リンゴ,さわやか,軽快,濃厚",135,https://sakenowa.com/brands/135,2026-09-28T20:22:25.278026+00:00
sn_137,90,和田酒造,あら玉,,山形県,山形縣,,,,,,,,,,0.3580401404577789,0.44271270612620606,0.24474876164094303,0.44811232900573394,0.43193499203376473,0.4780567587436232,"清爽,辛口,果香,鮮味,甘甜,控えめ,鮮爽,清新,しっかり,俐落,酸味,純淨,苦味,氣泡感,華麗,平衡,優しい,芳香,蘋果","スッキリ,辛口,フルーティ,旨味,甘味,控えめ,フレッシュ,さわやか,しっかり,キレ,酸味,綺麗,苦味,ガス,華やか,バランス,優しい,芳香,リンゴ",137,https://sakenowa.com/brands/137,2026-09-28T20:22:25.278192+00:00
sn_138,91,佐藤仁左衛門酒造場,奥羽自慢,,山形県,山形縣,,,,,,,,,,0.47761103900662794,0.5496037163071905,0.20905390419128272,0.3162998206673758,0.24667684088140532,0.5149998788361726,,,138,https://sakenowa.com/brands/138,2026-09-28T20:22:25.278359+00:00
sn_139,92,羽根田酒造,羽前白梅,,山形県,山形縣,,,,,,,,,,0.3037053841696071,0.5837575193792179,0.3720503388675356,0.463430039118362,0.2773928077087294,0.3699386065516637,"燗酒,鮮味,果香,燗冷まし,優しい,俐落,穩重,辛口,常溫,甘甜,酸味,熱燗","燗酒,旨味,フルーティ,燗冷まし,優しい,キレ,穏やか,辛口,常温,甘味,酸味,熱燗",139,https://sakenowa.com/brands/139,2026-09-28T20:22:25.278521+00:00
sn_3664,92,羽根田酒造,尾浦城,,山形県,山形縣,,,,,,,,,,,,,,,,"穩重,ちびちび,高雅,華麗,辛口,甘甜","穏やか,ちびちび,上品,華やか,辛口,甘味",3664,https://sakenowa.com/brands/3664,2026-09-28T20:22:25.278530+00:00
sn_140,93,高橋酒造店,東北泉,,山形県,山形縣,,,,,,,,,,0.2422418689734739,0.5076009552167144,0.32598334634906856,0.5151956388578554,0.4053539898833603,0.38426111131607843,"辛口,鮮味,純淨,清爽,酸味,甘甜,苦味,平衡,俐落,穩重,輕快,しっかり,餘韻,高雅,果香,ふんわり,冷酒,熱燗,柔らかい,濃厚","辛口,旨味,綺麗,スッキリ,酸味,甘味,苦味,バランス,キレ,穏やか,軽快,しっかり,余韻,上品,フルーティ,ふんわり,冷酒,熱燗,柔らかい,濃厚",140,https://sakenowa.com/brands/140,2026-09-28T20:22:25.278695+00:00
sn_3501,93,高橋酒造店,雪姫,,山形県,山形縣,,,,,,,,,,,,,,,,優しい,優しい,3501,https://sakenowa.com/brands/3501,2026-09-28T20:22:25.278700+00:00
sn_141,94,樽平酒造,住吉,,山形県,山形縣,,,,,,,,,,0.07458271319134681,0.5557053466361257,0.5126046033199597,0.3935697383084296,0.44123955135247994,0.27069545005101964,"辛口,酸味,昔ながら,鮮味,常溫,濃厚,しっかり","辛口,酸味,昔ながら,旨味,常温,濃厚,しっかり",141,https://sakenowa.com/brands/141,2026-09-28T20:22:25.278874+00:00
sn_142,94,樽平酒造,樽平,,山形県,山形縣,,,,,,,,,,,,,,,,味噌,味噌,142,https://sakenowa.com/brands/142,2026-09-28T20:22:25.278879+00:00
sn_2781,94,樽平酒造,雪むかえ,,山形県,山形縣,,,,,,,,,,,,,,,,,,2781,https://sakenowa.com/brands/2781,2026-09-28T20:22:25.278886+00:00
sn_143,95,小屋酒造,花羽陽,,山形県,山形縣,,,,,,,,,,0.4797583555214982,0.4800820475232057,0.23055454523051602,0.47534893766091985,0.27829074632767514,0.4275457842147489,"滑順,梨子,鳳梨","なめらか,梨,パイナップル",143,https://sakenowa.com/brands/143,2026-09-28T20:22:25.279051+00:00
sn_4067,95,小屋酒造,若鮎物語,,山形県,山形縣,,,,,,,,,,,,,,,,,,4067,https://sakenowa.com/brands/4067,2026-09-28T20:22:25.279056+00:00
sn_4222,95,小屋酒造,縄文の宴,,山形県,山形縣,,,,,,,,,,,,,,,,,,4222,https://sakenowa.com/brands/4222,2026-09-28T20:22:25.279060+00:00
sn_144,96,高木酒造,十四代,,山形県,山形縣,,,,,,,,,,0.4954465186059203,0.6050008789706485,0.23699374627837838,0.3514256495904289,0.18248713123607674,0.41897387462003827,"果香,甘甜,高雅,鮮味,華麗,平衡,哈密瓜,純淨,酸味,氣泡感,鮮爽,餘韻,苦味,多汁,水蜜桃,清爽,麝香葡萄,滑順,穩定,清新","フルーティ,甘味,上品,旨味,華やか,バランス,メロン,綺麗,酸味,ガス,フレッシュ,余韻,苦味,ジューシー,桃,スッキリ,マスカット,なめらか,安定,さわやか",144,https://sakenowa.com/brands/144,2026-09-28T20:22:25.279234+00:00
sn_145,96,高木酒造,朝日鷹,,山形県,山形縣,,,,,,,,,,0.41398836035781755,0.6193100155371671,0.26009789953876256,0.4029253901001946,0.2392620971093022,0.3972689312022626,"果香,甘甜,鮮味,哈密瓜,華麗,鮮爽,麝香葡萄,酸味,俐落,清爽,圓潤,滑順,純淨,苦味,平衡,餘韻,柔らかい,しっかり,輕快,多汁","フルーティ,甘味,旨味,メロン,華やか,フレッシュ,マスカット,酸味,キレ,スッキリ,まろやか,なめらか,綺麗,苦味,バランス,余韻,柔らかい,しっかり,軽快,ジューシー",145,https://sakenowa.com/brands/145,2026-09-28T20:22:25.279247+00:00
sn_146,97,中沖酒造店,一献,,山形県,山形縣,,,,,,,,,,,,,,,,"薄い,清新,辛口,清爽","薄い,さわやか,辛口,スッキリ",146,https://sakenowa.com/brands/146,2026-09-28T20:22:25.279411+00:00
sn_1904,97,中沖酒造店,羽陽一献,,山形県,山形縣,,,,,,,,,,,,,,,,,,1904,https://sakenowa.com/brands/1904,2026-09-28T20:22:25.279416+00:00
sn_147,99,寿虎屋酒造,霞城寿,,山形県,山形縣,,,,,,,,,,0.36414891464644444,0.4799100924068327,0.29273166446489374,0.33928811347125,0.40873187429814967,0.5188563141924134,辛口,辛口,147,https://sakenowa.com/brands/147,2026-09-28T20:22:25.279576+00:00
sn_1900,99,寿虎屋酒造,三百年の掟やぶり,,山形県,山形縣,,,,,,,,,,0.37024503968228045,0.4793963351155513,0.30466314947627804,0.21785171639820736,0.4005662967274427,0.5765114061387312,"氣泡感,鮮味,果香,ツン,酸味,ピチピチ","ガス,旨味,フルーティ,ツン,酸味,ピチピチ",1900,https://sakenowa.com/brands/1900,2026-09-28T20:22:25.279583+00:00
sn_2747,99,寿虎屋酒造,千代壽,,山形県,山形縣,,,,,,,,,,0.3039975988652685,0.4674482470418622,0.284468825244932,0.3818832206094567,0.47673622903823026,0.4848121877848855,"辛口,鮮味,清爽,鮮爽,果香,俐落,高雅,氣泡感,甘甜,しっかり,酸味","辛口,旨味,スッキリ,フレッシュ,フルーティ,キレ,上品,ガス,甘味,しっかり,酸味",2747,https://sakenowa.com/brands/2747,2026-09-28T20:22:25.279592+00:00
sn_2926,99,寿虎屋酒造,杜氏の蔵隠し,,山形県,山形縣,,,,,,,,,,,,,,,,"どっしり,俐落,鮮味,清爽,甘甜","どっしり,キレ,旨味,スッキリ,甘味",2926,https://sakenowa.com/brands/2926,2026-09-28T20:22:25.279598+00:00
sn_148,100,竹の露,白露垂珠,,山形県,山形縣,,,,,,,,,,0.376918329924327,0.46719456436375084,0.27709753825315386,0.4872720024845999,0.3822557555417506,0.4234681792530772,"鮮味,純淨,清爽,辛口,果香,芳香,甘甜,苦味,俐落,しっかり,華麗,高雅,酸味,柔らかい,平衡,ワイン,控えめ,穩重,芳醇,優しい","旨味,綺麗,スッキリ,辛口,フルーティ,芳香,甘味,苦味,キレ,しっかり,華やか,上品,酸味,柔らかい,バランス,ワイン,控えめ,穏やか,芳醇,優しい",148,https://sakenowa.com/brands/148,2026-09-28T20:22:25.279763+00:00
sn_55153,100,竹の露,竹の露,,山形県,山形縣,,,,,,,,,,,,,,,,,,55153,https://sakenowa.com/brands/55153,2026-09-28T20:22:25.279768+00:00
sn_149,101,水戸部酒造,山形正宗,,山形県,山形縣,,,,,,,,,,0.38843666112268627,0.558062071826989,0.2697258855618015,0.36264196976810203,0.29387023859078987,0.4970540368765083,"鮮味,酸味,氣泡感,果香,俐落,甘甜,清新,苦味,平衡,清爽,辛口,しっかり,鮮爽,麝香葡萄,餘韻,輕快,多汁,優格,蘋果,荔枝","旨味,酸味,ガス,フルーティ,キレ,甘味,さわやか,苦味,バランス,スッキリ,辛口,しっかり,フレッシュ,マスカット,余韻,軽快,ジューシー,ヨーグルト,リンゴ,ライチ",149,https://sakenowa.com/brands/149,2026-09-28T20:22:25.279946+00:00
sn_150,101,水戸部酒造,酔芙蓉,,山形県,山形縣,,,,,,,,,,,,,,,,"穩定,鮮味","安定,旨味",150,https://sakenowa.com/brands/150,2026-09-28T20:22:25.279954+00:00
sn_1231,101,水戸部酒造,乙七,,山形県,山形縣,,,,,,,,,,,,,,,,"平衡,酸味,鮮味","バランス,酸味,旨味",1231,https://sakenowa.com/brands/1231,2026-09-28T20:22:25.279959+00:00
sn_2484,101,水戸部酒造,malola,,山形県,山形縣,,,,,,,,,,,,,,,,"蘋果,酸味,甘甜,常溫,平衡,鮮味","リンゴ,酸味,甘味,常温,バランス,旨味",2484,https://sakenowa.com/brands/2484,2026-09-28T20:22:25.279965+00:00
sn_151,102,米鶴酒造,鶴翔,,山形県,山形縣,,,,,,,,,,,,,,,,,,151,https://sakenowa.com/brands/151,2026-09-28T20:22:25.280126+00:00
sn_152,102,米鶴酒造,まほろば,,山形県,山形縣,,,,,,,,,,,,,,,,"醇厚,ふくよか,常溫,清新,清爽,果香,酸味","コク,ふくよか,常温,さわやか,スッキリ,フルーティ,酸味",152,https://sakenowa.com/brands/152,2026-09-28T20:22:25.280132+00:00
sn_1063,102,米鶴酒造,さなえ,,山形県,山形縣,,,,,,,,,,,,,,,,,,1063,https://sakenowa.com/brands/1063,2026-09-28T20:22:25.280137+00:00
sn_1906,102,米鶴酒造,米鶴,,山形県,山形縣,,,,,,,,,,0.34118206452847827,0.5150393657848342,0.28632579000664693,0.3957364461684045,0.3754643014745455,0.48863689586987175,"辛口,鮮味,酸味,清新,鮮爽,甘甜,氣泡感,清爽,果香,苦味,ジュース,しっかり,ワイン,俐落,純淨,平衡,哈密瓜,華麗,餘韻,冷酒","辛口,旨味,酸味,さわやか,フレッシュ,甘味,ガス,スッキリ,フルーティ,苦味,ジュース,しっかり,ワイン,キレ,綺麗,バランス,メロン,華やか,余韻,冷酒",1906,https://sakenowa.com/brands/1906,2026-09-28T20:22:25.280148+00:00
sn_2081,102,米鶴酒造,かっぱ,,山形県,山形縣,,,,,,,,,,0.23962758171869333,0.25485631705890505,0.14334946648359592,0.1382855789299602,0.7426672039308596,0.5351638375854771,"辛口,清爽","辛口,スッキリ",2081,https://sakenowa.com/brands/2081,2026-09-28T20:22:25.280156+00:00
sn_3394,102,米鶴酒造,ささのはさらさら,,山形県,山形縣,,,,,,,,,,,,,,,,"さらり,清爽,果香,辛口","さらり,スッキリ,フルーティ,辛口",3394,https://sakenowa.com/brands/3394,2026-09-28T20:22:25.280161+00:00
sn_153,103,麓井酒造,輝ら星の如く,,山形県,山形縣,,,,,,,,,,,,,,,,,,153,https://sakenowa.com/brands/153,2026-09-28T20:22:25.280323+00:00
sn_1947,103,麓井酒造,フモトヰ,,山形県,山形縣,,,,,,,,,,0.39802210760345885,0.5032943253195983,0.25099844130188437,0.4043514763974801,0.30139141842259576,0.5205152282694614,"酸味,清爽,鮮味,甘甜,果香,清新,さっぱり,苦味,しっかり,柔らかい,甘酸っぱい,麝香葡萄,平衡,梨子,穩重,辛口,餘韻,多汁,純淨,高雅","酸味,スッキリ,旨味,甘味,フルーティ,さわやか,さっぱり,苦味,しっかり,柔らかい,甘酸っぱい,マスカット,バランス,梨,穏やか,辛口,余韻,ジューシー,綺麗,上品",1947,https://sakenowa.com/brands/1947,2026-09-28T20:22:25.280334+00:00
sn_2070,103,麓井酒造,麓井,,山形県,山形縣,,,,,,,,,,0.3737983420108458,0.589702134266191,0.24859781751027096,0.3376558045377627,0.3634522747074707,0.4523453538535504,"多汁,辛口,酸味,鮮味,純淨,果香,甘甜,鮮爽,清爽,甘酸っぱい,俐落,トロピカル,しっかり,麝香葡萄,熱燗,ワイン,清新,常溫,鳳梨,氣泡感","ジューシー,辛口,酸味,旨味,綺麗,フルーティ,甘味,フレッシュ,スッキリ,甘酸っぱい,キレ,トロピカル,しっかり,マスカット,熱燗,ワイン,さわやか,常温,パイナップル,ガス",2070,https://sakenowa.com/brands/2070,2026-09-28T20:22:25.280343+00:00
sn_2526,103,麓井酒造,JOSANEG生もと生原酒,,山形県,山形縣,,,,,,,,,,,,,,,,"濃厚,果香","濃厚,フルーティ",2526,https://sakenowa.com/brands/2526,2026-09-28T20:22:25.280348+00:00
sn_154,104,秀鳳酒造場,庄五郎,,山形県,山形縣,,,,,,,,,,,,,,,,"輕快,ほのか,常溫,俐落,酸味,清爽","軽快,ほのか,常温,キレ,酸味,スッキリ",154,https://sakenowa.com/brands/154,2026-09-28T20:22:25.280514+00:00
sn_155,104,秀鳳酒造場,秀鳳,,山形県,山形縣,,,,,,,,,,0.38019158940346776,0.5732494651378908,0.2984132914536973,0.36198611040524487,0.34339532717853105,0.43455105418740975,"甘甜,鮮味,果香,酸味,苦味,辛口,しっかり,華麗,俐落,清爽,清新,氣泡感,トロピカル,平衡,純淨,濃厚,蘋果,多汁,鮮爽,哈密瓜","甘味,旨味,フルーティ,酸味,苦味,辛口,しっかり,華やか,キレ,スッキリ,さわやか,ガス,トロピカル,バランス,綺麗,濃厚,リンゴ,ジューシー,フレッシュ,メロン",155,https://sakenowa.com/brands/155,2026-09-28T20:22:25.280523+00:00
sn_6574,104,秀鳳酒造場,珠韻,,山形県,山形縣,,,,,,,,,,0.34036237029055,0.6226886742618425,0.3244719249938763,0.4080396414495409,0.32942252940957006,0.3407560562192944,"果香,鮮味,甘甜,純淨,カルピス,しっかり,餘韻,平衡,苦味,酸味,華麗,丸み","フルーティ,旨味,甘味,綺麗,カルピス,しっかり,余韻,バランス,苦味,酸味,華やか,丸み",6574,https://sakenowa.com/brands/6574,2026-09-28T20:22:25.280530+00:00
sn_76670,104,秀鳳酒造場,La Jomon,,山形県,山形縣,,,,,,,,,,0.4153700175105705,0.5879607130638465,0.33882662996013097,0.3947127147407596,0.1803070962911024,0.4226791775396951,"酸味,甘酸っぱい,ブドウ,柑橘,鮮味,苦味,梨子,草本,純淨,甘甜,清新,蘋果,氣泡感,ワイン,多汁,果香,平衡,餘韻,穩重,しっかり","酸味,甘酸っぱい,ブドウ,柑橘,旨味,苦味,梨,ハーブ,綺麗,甘味,さわやか,リンゴ,ガス,ワイン,ジューシー,フルーティ,バランス,余韻,穏やか,しっかり",76670,https://sakenowa.com/brands/76670,2026-09-28T20:22:25.280538+00:00
sn_156,105,亀の井酒造,くどき上手,,山形県,山形縣,,,,,,,,,,0.43371779268245947,0.6284748137467278,0.3186339687253632,0.3181867392959086,0.28310420005628767,0.3660462943641449,"果香,甘甜,多汁,蜜,華麗,鮮味,苦味,辛口,高雅,酸味,鳳梨,餘韻,純淨,俐落,哈密瓜,しっかり,平衡,水蜜桃,清爽,濃厚","フルーティ,甘味,ジューシー,蜜,華やか,旨味,苦味,辛口,上品,酸味,パイナップル,余韻,綺麗,キレ,メロン,しっかり,バランス,桃,スッキリ,濃厚",156,https://sakenowa.com/brands/156,2026-09-28T20:22:25.280704+00:00
sn_1219,105,亀の井酒造,ばくれん,,山形県,山形縣,,,,,,,,,,0.22861205614031532,0.32932321525566854,0.14114799632168148,0.2240433398324617,0.7575408344853073,0.4419235870366741,"辛口,俐落,果香,鮮味,清爽,甘甜,キリリ,しっかり,華麗,麝香葡萄,苦味,ピリリ,穩定,餘韻,清新,銳利,多汁,さっぱり,ツン,酸味","辛口,キレ,フルーティ,旨味,スッキリ,甘味,キリリ,しっかり,華やか,マスカット,苦味,ピリリ,安定,余韻,さわやか,シャープ,ジューシー,さっぱり,ツン,酸味",1219,https://sakenowa.com/brands/1219,2026-09-28T20:22:25.280712+00:00
sn_2019,105,亀の井酒造,おしゅん,,山形県,山形縣,,,,,,,,,,,,,,,,,,2019,https://sakenowa.com/brands/2019,2026-09-28T20:22:25.280717+00:00
sn_3383,105,亀の井酒造,スーパーくどき上手,,山形県,山形縣,,,,,,,,,,0.4264086103572081,0.6214978382318151,0.27622634143181485,0.3667355440217908,0.2966725625666862,0.3648363657268375,"果香,甘甜,華麗,鮮味,苦味,高雅,酸味,多汁,水蜜桃,純淨,餘韻,ブドウ,しっかり,俐落,蜜,清爽,鳳梨,蘋果,滑順,辛口","フルーティ,甘味,華やか,旨味,苦味,上品,酸味,ジューシー,桃,綺麗,余韻,ブドウ,しっかり,キレ,蜜,スッキリ,パイナップル,リンゴ,なめらか,辛口",3383,https://sakenowa.com/brands/3383,2026-09-28T20:22:25.280728+00:00
sn_157,106,藤屋酒造本店,秘めごと,,山形県,山形縣,,,,,,,,,,,,,,,,,,157,https://sakenowa.com/brands/157,2026-09-28T20:22:25.280904+00:00
sn_4126,106,藤屋酒造本店,松嶺の富士,,山形県,山形縣,,,,,,,,,,0.38341485499999906,0.3482209046166855,0.23772044074728033,0.4179903915929447,0.39588675675118723,0.5863292172228747,"氣泡感,辛口,苦味,穩重,甘甜,マイルド,清爽","ガス,辛口,苦味,穏やか,甘味,マイルド,スッキリ",4126,https://sakenowa.com/brands/4126,2026-09-28T20:22:25.280911+00:00
sn_158,108,小嶋総本店,東光,,山形県,山形縣,,,,,,,,,,0.33910921298250646,0.5794095097668,0.3111230365060523,0.450590642463416,0.33343387988833223,0.3718627952410061,"果香,辛口,鮮味,甘甜,清爽,ワイン,酸味,しっかり,華麗,常溫,苦味,濃厚,俐落,穩重,柔らかい,哈密瓜,キリリ,圓潤,清新,ふんわり","フルーティ,辛口,旨味,甘味,スッキリ,ワイン,酸味,しっかり,華やか,常温,苦味,濃厚,キレ,穏やか,柔らかい,メロン,キリリ,まろやか,さわやか,ふんわり",158,https://sakenowa.com/brands/158,2026-09-28T20:22:25.281075+00:00
sn_1561,108,小嶋総本店,洌,,山形県,山形縣,,,,,,,,,,0.27798958754819725,0.3976916522234636,0.26252571268585206,0.3350646388464838,0.5838925153633546,0.49238664425700085,"辛口,鮮味,俐落,氣泡感,清爽,鮮爽,しっかり,酸味,キリリ,甘甜,ほのか,果香,苦味,清新,輕快,穩重,平衡,蘋果,控えめ,純淨","辛口,旨味,キレ,ガス,スッキリ,フレッシュ,しっかり,酸味,キリリ,甘味,ほのか,フルーティ,苦味,さわやか,軽快,穏やか,バランス,リンゴ,控えめ,綺麗",1561,https://sakenowa.com/brands/1561,2026-09-28T20:22:25.281083+00:00
sn_159,109,六歌仙,六歌仙,,山形県,山形縣,,,,,,,,,,0.2977156497326691,0.48877919766345806,0.26459976523435763,0.5041091749771736,0.3829317049893723,0.4490929759987452,"辛口,甘甜,清爽,鮮爽,冷酒,鮮味,滑順,果香,氣泡感,酸味,清新,柔らかい,常溫,俐落,苦味,優しい,ふくよか,さらり,熱燗,高雅","辛口,甘味,スッキリ,フレッシュ,冷酒,旨味,なめらか,フルーティ,ガス,酸味,さわやか,柔らかい,常温,キレ,苦味,優しい,ふくよか,さらり,熱燗,上品",159,https://sakenowa.com/brands/159,2026-09-28T20:22:25.281254+00:00
sn_161,109,六歌仙,ひととき,,山形県,山形縣,,,,,,,,,,0.624693020777087,0.29064539825650054,0.16255160383266434,0.17427629650526769,0.05559700191786779,0.6822005601069964,"シャンパン,氣泡感,ワイン,酸味","シャンパン,ガス,ワイン,酸味",161,https://sakenowa.com/brands/161,2026-09-28T20:22:25.281260+00:00
sn_162,109,六歌仙,山法師,,山形県,山形縣,,,,,,,,,,0.19322832440225565,0.3384241352627579,0.20911716905262445,0.2766142257417444,0.7226951166748502,0.45342945138068286,"辛口,清爽,鮮味,果香,ピリリ,甘甜,酸味,苦味,キリリ,俐落,しっかり,清新,ツン,葡萄柚,ふんわり,餘韻,優しい,鮮爽,輕快,常溫","辛口,スッキリ,旨味,フルーティ,ピリリ,甘味,酸味,苦味,キリリ,キレ,しっかり,さわやか,ツン,グレープフルーツ,ふんわり,余韻,優しい,フレッシュ,軽快,常温",162,https://sakenowa.com/brands/162,2026-09-28T20:22:25.281268+00:00
sn_3542,109,六歌仙,葉山醴泉,,山形県,山形縣,,,,,,,,,,,,,,,,,,3542,https://sakenowa.com/brands/3542,2026-09-28T20:22:25.281273+00:00
sn_163,111,杉勇蕨岡酒造場,杉勇,,山形県,山形縣,,,,,,,,,,0.31404209763139584,0.515727119467131,0.3201022304063445,0.3919448997062897,0.39438107774487824,0.47305435455273714,"酸味,辛口,鮮味,甘甜,苦味,清爽,しっかり,俐落,穩重,果香,華麗,常溫,ツン,鮮爽,さっぱり,餘韻,優格,清新,濃厚,輕快","酸味,辛口,旨味,甘味,苦味,スッキリ,しっかり,キレ,穏やか,フルーティ,華やか,常温,ツン,フレッシュ,さっぱり,余韻,ヨーグルト,さわやか,濃厚,軽快",163,https://sakenowa.com/brands/163,2026-09-28T20:22:25.281437+00:00
sn_2159,111,杉勇蕨岡酒造場,赤福助,,山形県,山形縣,,,,,,,,,,,,,,,,,,2159,https://sakenowa.com/brands/2159,2026-09-28T20:22:25.281444+00:00
sn_2632,111,杉勇蕨岡酒造場,くくみ酒,,山形県,山形縣,,,,,,,,,,,,,,,,,,2632,https://sakenowa.com/brands/2632,2026-09-28T20:22:25.281448+00:00
sn_115658,111,杉勇蕨岡酒造場,嵐童,,山形県,山形縣,,,,,,,,,,0.4560716113924898,0.6488210285081861,0.17336937826872478,0.29730514214588477,0.24867247172748447,0.43674325545417625,"甘甜,苦味,果香,氣泡感,多汁,華麗,豐潤,酸味,鳳梨,鮮味","甘味,苦味,フルーティ,ガス,ジューシー,華やか,豊か,酸味,パイナップル,旨味",115658,https://sakenowa.com/brands/115658,2026-09-28T20:22:25.281457+00:00
sn_164,112,渡會本店,出羽ノ雪,,山形県,山形縣,,,,,,,,,,0.3655439146006458,0.47803836436673974,0.3421579503326088,0.4278598278117341,0.34537425845939523,0.4673729721055041,"酸味,苦味,甘甜,清爽,鮮味,果香,ほのか,さらり","酸味,苦味,甘味,スッキリ,旨味,フルーティ,ほのか,さらり",164,https://sakenowa.com/brands/164,2026-09-28T20:22:25.281620+00:00
sn_165,112,渡會本店,和田来,,山形県,山形縣,,,,,,,,,,0.4044860880002843,0.48552814003510325,0.36788047087260245,0.34851147378480496,0.4170025595768381,0.4122693378672982,ワイン,ワイン,165,https://sakenowa.com/brands/165,2026-09-28T20:22:25.281624+00:00
sn_166,113,オードヴィ庄内,清泉川,,山形県,山形縣,,,,,,,,,,0.3039468915606726,0.5138722537053473,0.38717104670859087,0.45557645495018084,0.33571314556857307,0.41640959662386,甘甜,甘味,166,https://sakenowa.com/brands/166,2026-09-28T20:22:25.281787+00:00
sn_167,114,東北銘醸,いなほ,,山形県,山形縣,,,,,,,,,,,,,,,,"芳醇,醇厚,さっぱり,平衡,酸味,鮮味,甘甜","芳醇,コク,さっぱり,バランス,酸味,旨味,甘味",167,https://sakenowa.com/brands/167,2026-09-28T20:22:25.281960+00:00
sn_1009,114,東北銘醸,初孫,,山形県,山形縣,,,,,,,,,,0.28645399420749695,0.5144527394859599,0.31310497709039253,0.39945358602570036,0.4485528126431748,0.44100449911570316,"辛口,鮮味,清爽,酸味,俐落,甘甜,果香,苦味,清新,華麗,優格,キリリ,純淨,しっかり,醇厚,鮮爽,常溫,多汁,餘韻,平衡","辛口,旨味,スッキリ,酸味,キレ,甘味,フルーティ,苦味,さわやか,華やか,ヨーグルト,キリリ,綺麗,しっかり,コク,フレッシュ,常温,ジューシー,余韻,バランス",1009,https://sakenowa.com/brands/1009,2026-09-28T20:22:25.281969+00:00
sn_168,115,後藤酒造店,辯天,,山形県,山形縣,,,,,,,,,,0.437251014865133,0.5979255570318661,0.35803267398955124,0.32714433423517053,0.24507152501161955,0.3950009048214215,"果香,鮮味,甘甜,苦味,濃厚,清新,しっかり,華麗,ワイン,清爽,辛口,酸味,氣泡感,芳香,純淨,平衡,醇厚,豐潤,冷酒,花香","フルーティ,旨味,甘味,苦味,濃厚,さわやか,しっかり,華やか,ワイン,スッキリ,辛口,酸味,ガス,芳香,綺麗,バランス,コク,豊か,冷酒,花",168,https://sakenowa.com/brands/168,2026-09-28T20:22:25.282133+00:00
sn_169,115,後藤酒造店,酒中楽康,,山形県,山形縣,,,,,,,,,,,,,,,,,,169,https://sakenowa.com/brands/169,2026-09-28T20:22:25.282138+00:00
sn_170,116,新藤酒造店,富久鶴,,山形県,山形縣,,,,,,,,,,,,,,,,,,170,https://sakenowa.com/brands/170,2026-09-28T20:22:25.282303+00:00
sn_171,116,新藤酒造店,雅山流,,山形県,山形縣,,,,,,,,,,0.5241237617850886,0.4426127362693964,0.20186255661944977,0.288885973775231,0.3177435250293602,0.5515647765378767,"華麗,鮮爽,果香,清爽,輕快,清新,辛口,鮮味,苦味,純淨,甘甜,酸味,さっぱり,俐落,櫻花,平衡,さらり,穩重,氣泡感,しっかり","華やか,フレッシュ,フルーティ,スッキリ,軽快,さわやか,辛口,旨味,苦味,綺麗,甘味,酸味,さっぱり,キレ,桜,バランス,さらり,穏やか,ガス,しっかり",171,https://sakenowa.com/brands/171,2026-09-28T20:22:25.282312+00:00
sn_172,118,花春酒造,鶴水,,福島県,福島縣,,,,,,,,,,,,,,,,,,172,https://sakenowa.com/brands/172,2026-09-28T20:22:25.282476+00:00
sn_173,118,花春酒造,花春,,福島県,福島縣,,,,,,,,,,0.3395596619999258,0.49573354361124644,0.2902851351336418,0.5483086074731457,0.3386052625224195,0.3733445823425847,"辛口,果香,優しい,鮮味,清爽,華麗,甘甜,花香,穩重,常溫,酸味,圓潤,控えめ,苦味,平衡,濃厚,冷酒,純淨,俐落,ほのか","辛口,フルーティ,優しい,旨味,スッキリ,華やか,甘味,花,穏やか,常温,酸味,まろやか,控えめ,苦味,バランス,濃厚,冷酒,綺麗,キレ,ほのか",173,https://sakenowa.com/brands/173,2026-09-28T20:22:25.282485+00:00
sn_3436,118,花春酒造,十口万,,福島県,福島縣,,,,,,,,,,,,,,,,,,3436,https://sakenowa.com/brands/3436,2026-09-28T20:22:25.282490+00:00
sn_22756,118,花春酒造,ふくしま春空,,福島県,福島縣,,,,,,,,,,,,,,,,"香蕉,鮮味,清爽,純淨,さっぱり,餘韻,果香,甘甜,しっかり","バナナ,旨味,スッキリ,綺麗,さっぱり,余韻,フルーティ,甘味,しっかり",22756,https://sakenowa.com/brands/22756,2026-09-28T20:22:25.282496+00:00
sn_174,119,大七酒造,大七,,福島県,福島縣,,,,,,,,,,0.16089816098173929,0.6566545190876976,0.4751041061468054,0.4486128200586474,0.20783578316119827,0.26971009916879846,"熱燗,鮮味,酸味,醇厚,冷酒,常溫,爽快,しっかり,辛口,燗酒,清爽,優格,平衡,濃厚,甘甜,どっしり,豐潤,餘韻,俐落,圓潤","熱燗,旨味,酸味,コク,冷酒,常温,爽快,しっかり,辛口,燗酒,スッキリ,ヨーグルト,バランス,濃厚,甘味,どっしり,豊か,余韻,キレ,まろやか",174,https://sakenowa.com/brands/174,2026-09-28T20:22:25.282662+00:00
sn_175,119,大七酒造,真桜,,福島県,福島縣,,,,,,,,,,,,,,,,,,175,https://sakenowa.com/brands/175,2026-09-28T20:22:25.282667+00:00
sn_176,119,大七酒造,八重の休日,,福島県,福島縣,,,,,,,,,,,,,,,,,,176,https://sakenowa.com/brands/176,2026-09-28T20:22:25.282672+00:00
sn_3477,119,大七酒造,妙花闌曲,,福島県,福島縣,,,,,,,,,,,,,,,,"心地よい,餘韻,清新,辛口,清爽","心地よい,余韻,さわやか,辛口,スッキリ",3477,https://sakenowa.com/brands/3477,2026-09-28T20:22:25.282677+00:00
sn_177,120,辰泉酒造,会津流,,福島県,福島縣,,,,,,,,,,,,,,,,,,177,https://sakenowa.com/brands/177,2026-09-28T20:22:25.282838+00:00
sn_1614,120,辰泉酒造,辰,,福島県,福島縣,,,,,,,,,,,,,,,,,,1614,https://sakenowa.com/brands/1614,2026-09-28T20:22:25.282845+00:00
sn_1615,120,辰泉酒造,辰泉,,福島県,福島縣,,,,,,,,,,0.257789132829666,0.5358004191719838,0.3928547068763384,0.42973175397323693,0.39679609618781336,0.3873129623087229,"辛口,鮮味,酸味,甘甜,穀物,清爽,果香,柔らかい,俐落,しっかり,平衡,清新,餘韻,苦味,キリリ,醇厚,圓潤,鮮爽,控えめ,哈密瓜","辛口,旨味,酸味,甘味,穀物,スッキリ,フルーティ,柔らかい,キレ,しっかり,バランス,さわやか,余韻,苦味,キリリ,コク,まろやか,フレッシュ,控えめ,メロン",1615,https://sakenowa.com/brands/1615,2026-09-28T20:22:25.282883+00:00
sn_2356,120,辰泉酒造,京の華,,福島県,福島縣,,,,,,,,,,,,,,,,レーズン,レーズン,2356,https://sakenowa.com/brands/2356,2026-09-28T20:22:25.282897+00:00
sn_178,121,千駒酒造,千駒,,福島県,福島縣,,,,,,,,,,0.32176439892117953,0.5462575756678456,0.21799938756816628,0.5415251012387868,0.27402171238047446,0.42685977264750374,,,178,https://sakenowa.com/brands/178,2026-09-28T20:22:25.283080+00:00
sn_179,123,仁井田本家,十八代,,福島県,福島縣,,,,,,,,,,,,,,,,,,179,https://sakenowa.com/brands/179,2026-09-28T20:22:25.283246+00:00
sn_1517,123,仁井田本家,穏,,福島県,福島縣,,,,,,,,,,0.37836855771993394,0.5103553554605178,0.24950214077570648,0.5244376623333612,0.19277302617742928,0.4710913140090366,"穩重,氣泡感,酸味,哈密瓜,鮮味,清新,多汁,鮮爽,ワイン,果香,甘甜,苦味,優格,しっかり,優しい,カルピス,清爽,甘酸っぱい,焦糖,平衡","穏やか,ガス,酸味,メロン,旨味,さわやか,ジューシー,フレッシュ,ワイン,フルーティ,甘味,苦味,ヨーグルト,しっかり,優しい,カルピス,スッキリ,甘酸っぱい,キャラメル,バランス",1517,https://sakenowa.com/brands/1517,2026-09-28T20:22:25.283256+00:00
sn_1543,123,仁井田本家,自然酒,,福島県,福島縣,,,,,,,,,,0.33442038995298107,0.6648462987451736,0.3706552048243915,0.4174786332965122,0.11247369732060883,0.349024897560383,"哈密瓜,酸味,氣泡感,優格,甘甜,鮮味,苦味,濃厚,優しい,果香,しっかり,圓潤,多汁,穩重,平衡,複雜,紹興酒,熱燗,常溫,鮮爽","メロン,酸味,ガス,ヨーグルト,甘味,旨味,苦味,濃厚,優しい,フルーティ,しっかり,まろやか,ジューシー,穏やか,バランス,複雑,紹興酒,熱燗,常温,フレッシュ",1543,https://sakenowa.com/brands/1543,2026-09-28T20:22:25.283265+00:00
sn_1613,123,仁井田本家,田村,,福島県,福島縣,,,,,,,,,,0.18580695698398442,0.6294228144433424,0.511096345118059,0.42843759259224035,0.20499579585326955,0.2872301765793171,"常溫,鮮味,熱燗,酸味,複雜,燗酒","常温,旨味,熱燗,酸味,複雑,燗酒",1613,https://sakenowa.com/brands/1613,2026-09-28T20:22:25.283271+00:00
sn_2263,123,仁井田本家,金寳自然酒,,福島県,福島縣,,,,,,,,,,0.33500250470212495,0.6540458161078485,0.43035815416198586,0.3682533289624075,0.15224703332069764,0.3405871077632871,"哈密瓜,酸味,ラム,レーズン,紹興酒,櫻花,鮮味,甘甜,優格,氣泡感,柔らかい,甘酸っぱい,濃厚,焦糖,プラム,常溫,しっかり","メロン,酸味,ラム,レーズン,紹興酒,桜,旨味,甘味,ヨーグルト,ガス,柔らかい,甘酸っぱい,濃厚,キャラメル,プラム,常温,しっかり",2263,https://sakenowa.com/brands/2263,2026-09-28T20:22:25.283281+00:00
sn_182,124,白河銘醸,のんでみやがれ,,福島県,福島縣,,,,,,,,,,,,,,,,"じっくり,常溫","じっくり,常温",182,https://sakenowa.com/brands/182,2026-09-28T20:22:25.283444+00:00
sn_2040,124,白河銘醸,会津磐梯山,,福島県,福島縣,,,,,,,,,,,,,,,,"どっしり,辛口","どっしり,辛口",2040,https://sakenowa.com/brands/2040,2026-09-28T20:22:25.283456+00:00
sn_183,125,名倉山酒造,名倉山,,福島県,福島縣,,,,,,,,,,0.5251684601299734,0.5864362176873962,0.19247447114042068,0.26133690787154606,0.29856240199569933,0.431054221330828,"蘋果,鳳梨,果香,哈密瓜,多汁,甘甜,酸味,鮮爽,純淨,鮮味,華麗,氣泡感,清爽,苦味,清新,平衡,しっかり,輕快,甘酸っぱい,さっぱり","リンゴ,パイナップル,フルーティ,メロン,ジューシー,甘味,酸味,フレッシュ,綺麗,旨味,華やか,ガス,スッキリ,苦味,さわやか,バランス,しっかり,軽快,甘酸っぱい,さっぱり",183,https://sakenowa.com/brands/183,2026-09-28T20:22:25.283621+00:00
sn_184,125,名倉山酒造,会津の八重,,福島県,福島縣,,,,,,,,,,,,,,,,,,184,https://sakenowa.com/brands/184,2026-09-28T20:22:25.283626+00:00
sn_1096,125,名倉山酒造,月弓,,福島県,福島縣,,,,,,,,,,0.39715899571718827,0.6334473549964538,0.3027987267027664,0.4262741281145267,0.18487417379863824,0.36528621550582147,"甘甜,柳橙,酸味,果香,苦味,鮮味","甘味,オレンジ,酸味,フルーティ,苦味,旨味",1096,https://sakenowa.com/brands/1096,2026-09-28T20:22:25.283632+00:00
sn_23993,125,名倉山酒造,会津士魂,,福島県,福島縣,,,,,,,,,,0.33609391677671524,0.6413580535011085,0.33349544671229675,0.2905503396167673,0.34789551356503734,0.39878656588082473,"果香,酸味,甘甜,蘋果","フルーティ,酸味,甘味,リンゴ",23993,https://sakenowa.com/brands/23993,2026-09-28T20:22:25.283645+00:00
sn_185,126,曙酒造,天明,,福島県,福島縣,,,,,,,,,,0.44407918021726633,0.543519280103772,0.2633561879461901,0.3443682483605553,0.2387904411460732,0.5122632398111694,"酸味,さらり,鮮味,苦味,平衡,甘甜,鮮爽,果香,葡萄柚,輕快,清新,柑橘,華麗,純淨,多汁,氣泡感,しっかり,清爽,優しい,哈密瓜","酸味,さらり,旨味,苦味,バランス,甘味,フレッシュ,フルーティ,グレープフルーツ,軽快,さわやか,柑橘,華やか,綺麗,ジューシー,ガス,しっかり,スッキリ,優しい,メロン",185,https://sakenowa.com/brands/185,2026-09-28T20:22:25.283810+00:00
sn_186,126,曙酒造,あけぼの,,福島県,福島縣,,,,,,,,,,,,,,,,,,186,https://sakenowa.com/brands/186,2026-09-28T20:22:25.283815+00:00
sn_187,126,曙酒造,一生青春,,福島県,福島縣,,,,,,,,,,0.4223133709820909,0.5680878826204904,0.2970941250847911,0.36414627105592245,0.2695745324046061,0.453199426196148,"鮮爽,鮮味,華麗,清新,酸味,若い,果香,甘甜,輕快,しっかり,派手,純淨,哈密瓜,ワイン,俐落,清爽,平衡,辛口,穩重","フレッシュ,旨味,華やか,さわやか,酸味,若い,フルーティ,甘味,軽快,しっかり,派手,綺麗,メロン,ワイン,キレ,スッキリ,バランス,辛口,穏やか",187,https://sakenowa.com/brands/187,2026-09-28T20:22:25.283823+00:00
sn_1324,126,曙酒造,央,,福島県,福島縣,,,,,,,,,,0.4874435191331243,0.527734320113527,0.21918595992921594,0.29895627952946896,0.2423551198371385,0.5364158431832167,"水蜜桃,氣泡感,苦味,鮮味,葡萄柚,酸味,しっかり,多汁,カルピス,哈密瓜,甘甜,ジュース,控えめ,果香,清新,平衡,鮮爽,純淨,ピリリ,麝香葡萄","桃,ガス,苦味,旨味,グレープフルーツ,酸味,しっかり,ジューシー,カルピス,メロン,甘味,ジュース,控えめ,フルーティ,さわやか,バランス,フレッシュ,綺麗,ピリリ,マスカット",1324,https://sakenowa.com/brands/1324,2026-09-28T20:22:25.283831+00:00
sn_1785,126,曙酒造,Bange Yamada Hanjukunama,,福島県,福島縣,,,,,,,,,,,,,,,,どっしり,どっしり,1785,https://sakenowa.com/brands/1785,2026-09-28T20:22:25.283839+00:00
sn_2371,126,曙酒造,瑞幸,,福島県,福島縣,,,,,,,,,,,,,,,,,,2371,https://sakenowa.com/brands/2371,2026-09-28T20:22:25.283844+00:00
sn_4051,126,曙酒造,掌玉,,福島県,福島縣,,,,,,,,,,,,,,,,"香ばしい,甘酸っぱい,俐落,鮮味","香ばしい,甘酸っぱい,キレ,旨味",4051,https://sakenowa.com/brands/4051,2026-09-28T20:22:25.283851+00:00
sn_188,127,鶴乃江酒造,会津中将,,福島県,福島縣,,,,,,,,,,0.34591409740477996,0.5328031123495491,0.2770492781022803,0.46929666540873605,0.31788505639054676,0.4454410274661454,"鮮味,哈密瓜,甘甜,平衡,清爽,果香,清新,苦味,鮮爽,酸味,辛口,俐落,優しい,ほのか,純淨,しっかり,穩重,輕快,高雅,餘韻","旨味,メロン,甘味,バランス,スッキリ,フルーティ,さわやか,苦味,フレッシュ,酸味,辛口,キレ,優しい,ほのか,綺麗,しっかり,穏やか,軽快,上品,余韻",188,https://sakenowa.com/brands/188,2026-09-28T20:22:25.284072+00:00
sn_1090,127,鶴乃江酒造,ゆり,,福島県,福島縣,,,,,,,,,,0.32536339896449645,0.3713349106306365,0.2039573712790708,0.5594349231196473,0.4235160278908394,0.4715052220027033,"優しい,辛口,純淨,甘甜,清爽,高雅,苦味,果香,圓潤,しっかり","優しい,辛口,綺麗,甘味,スッキリ,上品,苦味,フルーティ,まろやか,しっかり",1090,https://sakenowa.com/brands/1090,2026-09-28T20:22:25.284080+00:00
sn_3254,127,鶴乃江酒造,永寳屋,,福島県,福島縣,,,,,,,,,,0.2561579040784827,0.36758748604038255,0.18543796319750983,0.2291264702291492,0.6942942209409152,0.47992908382194127,辛口,辛口,3254,https://sakenowa.com/brands/3254,2026-09-28T20:22:25.284090+00:00
sn_189,128,人気酒造,夢そうま,,福島県,福島縣,,,,,,,,,,,,,,,,,,189,https://sakenowa.com/brands/189,2026-09-28T20:22:25.284252+00:00
sn_190,128,人気酒造,ゴールド人気,,福島県,福島縣,,,,,,,,,,,,,,,,,,190,https://sakenowa.com/brands/190,2026-09-28T20:22:25.284256+00:00
sn_191,128,人気酒造,人気一,,福島県,福島縣,,,,,,,,,,0.45064413958055716,0.5434485089351958,0.2791948337260573,0.32489363916640496,0.2862733530556714,0.48592747707653233,"ワイン,果香,氣泡感,甘甜,酸味,鮮爽,鮮味,清新,苦味,しっかり,清爽,華麗,辛口,平衡,輕快,圓潤,濃厚,優格,純淨,俐落","ワイン,フルーティ,ガス,甘味,酸味,フレッシュ,旨味,さわやか,苦味,しっかり,スッキリ,華やか,辛口,バランス,軽快,まろやか,濃厚,ヨーグルト,綺麗,キレ",191,https://sakenowa.com/brands/191,2026-09-28T20:22:25.284265+00:00
sn_1616,130,宮泉銘醸,冩楽,,福島県,福島縣,,,,,,,,,,0.432436767986306,0.6209140857639356,0.2429651223459181,0.3912779600007917,0.21722520238318693,0.4100571406330212,"哈密瓜,果香,鮮味,平衡,香蕉,酸味,甘甜,穩定,苦味,鮮爽,氣泡感,華麗,俐落,多汁,清爽,高雅,しっかり,餘韻,純淨,清新","メロン,フルーティ,旨味,バランス,バナナ,酸味,甘味,安定,苦味,フレッシュ,ガス,華やか,キレ,ジューシー,スッキリ,上品,しっかり,余韻,綺麗,さわやか",1616,https://sakenowa.com/brands/1616,2026-09-28T20:22:25.284430+00:00
sn_2401,130,宮泉銘醸,會津宮泉,,福島県,福島縣,,,,,,,,,,0.4286383481545369,0.5598550374251533,0.2502194838106393,0.3561449944346782,0.24511590997858695,0.5032898241540948,"氣泡感,ラムネ,酸味,鮮味,哈密瓜,果香,苦味,甘甜,平衡,鮮爽,香蕉,しっかり,俐落,多汁,華麗,清爽,控えめ,清新,餘韻,辛口","ガス,ラムネ,酸味,旨味,メロン,フルーティ,苦味,甘味,バランス,フレッシュ,バナナ,しっかり,キレ,ジューシー,華やか,スッキリ,控えめ,さわやか,余韻,辛口",2401,https://sakenowa.com/brands/2401,2026-09-28T20:22:25.284439+00:00
sn_194,131,榮川酒造,榮川,,福島県,福島縣,,,,,,,,,,0.2785335326476687,0.5458551923827071,0.3359345745654045,0.4805584888488046,0.365793038888719,0.38323378406283265,"辛口,鮮味,清爽,甘甜,酸味,圓潤,平衡,餘韻,ほのか,鮮爽,果香,しっかり,常溫,さっぱり,清新,輕快,控えめ,苦味,穩重,するする","辛口,旨味,スッキリ,甘味,酸味,まろやか,バランス,余韻,ほのか,フレッシュ,フルーティ,しっかり,常温,さっぱり,さわやか,軽快,控えめ,苦味,穏やか,するする",194,https://sakenowa.com/brands/194,2026-09-28T20:22:25.284609+00:00
sn_195,131,榮川酒造,榮四郎,,福島県,福島縣,,,,,,,,,,,,,,,,,,195,https://sakenowa.com/brands/195,2026-09-28T20:22:25.284614+00:00
sn_196,131,榮川酒造,雷神光,,福島県,福島縣,,,,,,,,,,,,,,,,,,196,https://sakenowa.com/brands/196,2026-09-28T20:22:25.284618+00:00
sn_3319,131,榮川酒造,龍が沢,,福島県,福島縣,,,,,,,,,,0.39476279636616995,0.49226900781325056,0.25200271617006603,0.4010498010202772,0.3817398084684024,0.4814166234424529,"辛口,苦味,鮮味,優しい,果香,甘甜,鳳梨,鮮爽,酸味,清爽,俐落,華麗,輕快,清新,多汁,純淨,さっぱり,麝香葡萄,平衡,哈密瓜","辛口,苦味,旨味,優しい,フルーティ,甘味,パイナップル,フレッシュ,酸味,スッキリ,キレ,華やか,軽快,さわやか,ジューシー,綺麗,さっぱり,マスカット,バランス,メロン",3319,https://sakenowa.com/brands/3319,2026-09-28T20:22:25.284627+00:00
sn_3605,131,榮川酒造,赤ベコカップ,,福島県,福島縣,,,,,,,,,,,,,,,,"果香,甘甜","フルーティ,甘味",3605,https://sakenowa.com/brands/3605,2026-09-28T20:22:25.284632+00:00
sn_1678,132,国権酒造,國,,福島県,福島縣,,,,,,,,,,,,,,,,"さっぱり,平衡,俐落,圓潤,清新,酸味,鮮味,清爽,甘甜","さっぱり,バランス,キレ,まろやか,さわやか,酸味,旨味,スッキリ,甘味",1678,https://sakenowa.com/brands/1678,2026-09-28T20:22:25.284797+00:00
sn_1679,132,国権酒造,國権,,福島県,福島縣,,,,,,,,,,0.2865333251339042,0.5411094822179358,0.3805964400845978,0.5036795637976517,0.3024085261883528,0.36756157570898634,"鮮味,清爽,辛口,酸味,甘甜,しっかり,苦味,果香,純淨,醇厚,控えめ,鮮爽,平衡,輕快,華麗,常溫,俐落,どっしり,清新,穩重","旨味,スッキリ,辛口,酸味,甘味,しっかり,苦味,フルーティ,綺麗,コク,控えめ,フレッシュ,バランス,軽快,華やか,常温,キレ,どっしり,さわやか,穏やか",1679,https://sakenowa.com/brands/1679,2026-09-28T20:22:25.284806+00:00
sn_2450,132,国権酒造,てふ,,福島県,福島縣,,,,,,,,,,0.25817636405128186,0.4530944096075178,0.2780783673654066,0.6293220887340429,0.33877378164068866,0.3740439494703174,"鮮味,柔らかい,優しい,甘甜,辛口,清爽,穩重,丸み,しっかり,果香,酸味,苦味,純淨,清新,俐落,平衡,ほのか,さらり,高雅,輕快","旨味,柔らかい,優しい,甘味,辛口,スッキリ,穏やか,丸み,しっかり,フルーティ,酸味,苦味,綺麗,さわやか,キレ,バランス,ほのか,さらり,上品,軽快",2450,https://sakenowa.com/brands/2450,2026-09-28T20:22:25.284814+00:00
sn_198,133,大和川酒造店,奥会津,,福島県,福島縣,,,,,,,,,,,,,,,,,,198,https://sakenowa.com/brands/198,2026-09-28T20:22:25.284992+00:00
sn_199,133,大和川酒造店,大和川,,福島県,福島縣,,,,,,,,,,,,,,,,,,199,https://sakenowa.com/brands/199,2026-09-28T20:22:25.284997+00:00
sn_1301,133,大和川酒造店,弥右衛門,,福島県,福島縣,,,,,,,,,,0.30704516352559064,0.5077894688910418,0.3028995693869358,0.37914515314377356,0.4339031387138199,0.47339411991065755,"辛口,酸味,甘甜,鮮味,氣泡感,清新,蘋果,しっかり,清爽,優格,果香,苦味,俐落,ほのか,穩重,穀物,爽快,鮮爽,餘韻,純淨","辛口,酸味,甘味,旨味,ガス,さわやか,リンゴ,しっかり,スッキリ,ヨーグルト,フルーティ,苦味,キレ,ほのか,穏やか,穀物,爽快,フレッシュ,余韻,綺麗",1301,https://sakenowa.com/brands/1301,2026-09-28T20:22:25.285008+00:00
sn_2151,133,大和川酒造店,彌右衛門,,福島県,福島縣,,,,,,,,,,,,,,,,,,2151,https://sakenowa.com/brands/2151,2026-09-28T20:22:25.285013+00:00
sn_2477,133,大和川酒造店,野恩,,福島県,福島縣,,,,,,,,,,,,,,,,"苦味,ピリリ,ほのか,餘韻,清新,辛口","苦味,ピリリ,ほのか,余韻,さわやか,辛口",2477,https://sakenowa.com/brands/2477,2026-09-28T20:22:25.285019+00:00
sn_2607,133,大和川酒造店,ぎんます,,福島県,福島縣,,,,,,,,,,,,,,,,,,2607,https://sakenowa.com/brands/2607,2026-09-28T20:22:25.285024+00:00
sn_2699,133,大和川酒造店,それがし,,福島県,福島縣,,,,,,,,,,,,,,,,,,2699,https://sakenowa.com/brands/2699,2026-09-28T20:22:25.285028+00:00
sn_3341,133,大和川酒造店,夢酔月,,福島県,福島縣,,,,,,,,,,,,,,,,"清爽,鮮爽,輕快,俐落,酸味,辛口,しっかり,鮮味,甘甜","スッキリ,フレッシュ,軽快,キレ,酸味,辛口,しっかり,旨味,甘味",3341,https://sakenowa.com/brands/3341,2026-09-28T20:22:25.285036+00:00
sn_4201,133,大和川酒造店,二代目秘田,,福島県,福島縣,,,,,,,,,,,,,,,,"鮮味,清爽,甘甜","旨味,スッキリ,甘味",4201,https://sakenowa.com/brands/4201,2026-09-28T20:22:25.285041+00:00
sn_201,134,喜多の華酒造場,金澤屋,,福島県,福島縣,,,,,,,,,,0.23522112974393516,0.3660847115082303,0.20335479995267436,0.3705853528806399,0.6519289346367587,0.4549230592878786,"辛口,清爽,鮮味,苦味,俐落,果香","辛口,スッキリ,旨味,苦味,キレ,フルーティ",201,https://sakenowa.com/brands/201,2026-09-28T20:22:25.285204+00:00
sn_1470,134,喜多の華酒造場,星自慢,,福島県,福島縣,,,,,,,,,,0.29444731803735047,0.574255556522069,0.545675533624185,0.3168487609788202,0.24402543725394266,0.3547224173171322,,,1470,https://sakenowa.com/brands/1470,2026-09-28T20:22:25.285208+00:00
sn_1641,134,喜多の華酒造場,きたのはな,,福島県,福島縣,,,,,,,,,,,,,,,,,,1641,https://sakenowa.com/brands/1641,2026-09-28T20:22:25.285216+00:00
sn_3629,134,喜多の華酒造場,喜多の華,,福島県,福島縣,,,,,,,,,,0.35478351130655095,0.5675977983286916,0.4286869369070232,0.43061768394949584,0.25631500602880497,0.34214023077842837,"甘甜,華麗,砂糖,酸味","甘味,華やか,砂糖,酸味",3629,https://sakenowa.com/brands/3629,2026-09-28T20:22:25.285221+00:00
sn_202,135,廣木酒造本店,飛露喜,,福島県,福島縣,,,,,,,,,,0.3660395868773053,0.5365514162588674,0.28027940388671413,0.4795649637902637,0.32145322970914686,0.4077454118939967,"平衡,鮮味,果香,穩定,苦味,甘甜,純淨,高雅,酸味,清爽,俐落,辛口,哈密瓜,華麗,穩重,しっかり,控えめ,餘韻,香蕉,派手","バランス,旨味,フルーティ,安定,苦味,甘味,綺麗,上品,酸味,スッキリ,キレ,辛口,メロン,華やか,穏やか,しっかり,控えめ,余韻,バナナ,派手",202,https://sakenowa.com/brands/202,2026-09-28T20:22:25.285388+00:00
sn_1751,135,廣木酒造本店,泉川,,福島県,福島縣,,,,,,,,,,0.3434845104046226,0.5185377751089649,0.23696809245692424,0.5246649910452353,0.33065993601895405,0.4151791708863922,"鮮味,鮮爽,平衡,酸味,甘甜,純淨,穩重,辛口,俐落,苦味,果香,清爽,哈密瓜,華麗,香蕉,蘋果,優格,餘韻,円やか,しっかり","旨味,フレッシュ,バランス,酸味,甘味,綺麗,穏やか,辛口,キレ,苦味,フルーティ,スッキリ,メロン,華やか,バナナ,リンゴ,ヨーグルト,余韻,円やか,しっかり",1751,https://sakenowa.com/brands/1751,2026-09-28T20:22:25.285397+00:00
sn_203,136,豊国酒造 (東),東豊国,,福島県,福島縣,,,,,,,,,,,,,,,,,,203,https://sakenowa.com/brands/203,2026-09-28T20:22:25.285557+00:00
sn_1139,136,豊国酒造 (東),一歩己,,福島県,福島縣,,,,,,,,,,0.4011686087636502,0.549149846802134,0.2333338508767771,0.465466224115044,0.2545323540314,0.44900777509321815,"苦味,鮮味,平衡,甘甜,果香,酸味,穩重,清新,哈密瓜,鮮爽,優しい,清爽,氣泡感,高雅,多汁,純淨,柔らかい,しっかり,輕快,俐落","苦味,旨味,バランス,甘味,フルーティ,酸味,穏やか,さわやか,メロン,フレッシュ,優しい,スッキリ,ガス,上品,ジューシー,綺麗,柔らかい,しっかり,軽快,キレ",1139,https://sakenowa.com/brands/1139,2026-09-28T20:22:25.285566+00:00
sn_1670,136,豊国酒造 (東),豊圀,,福島県,福島縣,,,,,,,,,,,,,,,,,,1670,https://sakenowa.com/brands/1670,2026-09-28T20:22:25.285571+00:00
sn_204,137,豊国酒造 (会津),真実,,福島県,福島縣,,,,,,,,,,,,,,,,"さっぱり,圓潤,柔らかい,ほのか,甘甜,酸味,鮮味,苦味,辛口,清爽","さっぱり,まろやか,柔らかい,ほのか,甘味,酸味,旨味,苦味,辛口,スッキリ",204,https://sakenowa.com/brands/204,2026-09-28T20:22:25.285736+00:00
sn_205,137,豊国酒造 (会津),学十郎,,福島県,福島縣,,,,,,,,,,,,,,,,"純淨,さらり,甘甜,しっかり,華麗,平衡,餘韻,鮮味,果香,清爽","綺麗,さらり,甘味,しっかり,華やか,バランス,余韻,旨味,フルーティ,スッキリ",205,https://sakenowa.com/brands/205,2026-09-28T20:22:25.285743+00:00
sn_206,137,豊国酒造 (会津),夫婦さくら,,福島県,福島縣,,,,,,,,,,,,,,,,"醤油,圓潤,苦味,酸味,甘甜","醤油,まろやか,苦味,酸味,甘味",206,https://sakenowa.com/brands/206,2026-09-28T20:22:25.285749+00:00
sn_207,137,豊国酒造 (会津),夢の香,,福島県,福島縣,,,,,,,,,,,,,,,,,,207,https://sakenowa.com/brands/207,2026-09-28T20:22:25.285754+00:00
sn_208,137,豊国酒造 (会津),豊国,,福島県,福島縣,,,,,,,,,,0.3814327135015229,0.5694804704392871,0.35305009527202846,0.3940127660582862,0.24338748256699036,0.43711918580671594,"酸味,鮮味,櫻花,苦味,甘甜,果香,多汁,輕快,清新,しっかり,純淨,優しい,濃厚,華麗,レーズン,餘韻,シャンパン,辛口,清爽,鮮爽","酸味,旨味,桜,苦味,甘味,フルーティ,ジューシー,軽快,さわやか,しっかり,綺麗,優しい,濃厚,華やか,レーズン,余韻,シャンパン,辛口,スッキリ,フレッシュ",208,https://sakenowa.com/brands/208,2026-09-28T20:22:25.285762+00:00
sn_2771,137,豊国酒造 (会津),滄海,,福島県,福島縣,,,,,,,,,,,,,,,,,,2771,https://sakenowa.com/brands/2771,2026-09-28T20:22:25.285769+00:00
sn_66443,137,豊国酒造 (会津),豊久仁,,福島県,福島縣,,,,,,,,,,0.4038115536825623,0.5429668216573608,0.4983898611949643,0.2801673031395171,0.1825990697517487,0.42649111119362054,,,66443,https://sakenowa.com/brands/66443,2026-09-28T20:22:25.285775+00:00
sn_209,138,鈴木酒造店,磐城壽,,福島県,福島縣,,,,,,,,,,0.3090760625801904,0.523322969618333,0.3135952955256298,0.5141401763315729,0.2675984375984797,0.4430733606419596,"鮮味,酸味,優しい,甘甜,鮮爽,苦味,清新,輕快,氣泡感,辛口,清爽,しっかり,穩重,柔らかい,常溫,俐落,ほのか,さっぱり,平衡,醇厚","旨味,酸味,優しい,甘味,フレッシュ,苦味,さわやか,軽快,ガス,辛口,スッキリ,しっかり,穏やか,柔らかい,常温,キレ,ほのか,さっぱり,バランス,コク",209,https://sakenowa.com/brands/209,2026-09-28T20:22:25.285955+00:00
sn_210,139,末廣酒造,末廣,,福島県,福島縣,,,,,,,,,,0.28786161355191653,0.5725808787068848,0.35393054234291543,0.502849552165242,0.27850016537343986,0.3655133181616924,"酸味,甘甜,鮮味,熱燗,清爽,辛口,果香,平衡,苦味,常溫,鮮爽,優しい,哈密瓜,圓潤,冷酒,穩重,しっかり,清新,純淨,華麗","酸味,甘味,旨味,熱燗,スッキリ,辛口,フルーティ,バランス,苦味,常温,フレッシュ,優しい,メロン,まろやか,冷酒,穏やか,しっかり,さわやか,綺麗,華やか",210,https://sakenowa.com/brands/210,2026-09-28T20:22:25.286131+00:00
sn_1378,139,末廣酒造,しゅわりん,,福島県,福島縣,,,,,,,,,,,,,,,,ジュース,ジュース,1378,https://sakenowa.com/brands/1378,2026-09-28T20:22:25.286136+00:00
sn_1582,139,末廣酒造,猫魔の雫,,福島県,福島縣,,,,,,,,,,0.4427068781691928,0.5092984163412762,0.25708684189956044,0.45032493999280115,0.299100364097711,0.4315999530504639,清爽,スッキリ,1582,https://sakenowa.com/brands/1582,2026-09-28T20:22:25.286141+00:00
sn_2663,139,末廣酒造,ぷちぷち,,福島県,福島縣,,,,,,,,,,0.3865426761856386,0.18756486985404255,0.1293462717746581,0.3118971935519743,0.0825951483205939,0.8334098050720176,"ジュース,氣泡感,ゴクゴク","ジュース,ガス,ゴクゴク",2663,https://sakenowa.com/brands/2663,2026-09-28T20:22:25.286146+00:00
sn_3105,139,末廣酒造,梅ぷち,,福島県,福島縣,,,,,,,,,,,,,,,,圓潤,まろやか,3105,https://sakenowa.com/brands/3105,2026-09-28T20:22:25.286151+00:00
sn_3344,139,末廣酒造,遥香,,福島県,福島縣,,,,,,,,,,,,,,,,果香,フルーティ,3344,https://sakenowa.com/brands/3344,2026-09-28T20:22:25.286157+00:00
sn_3884,139,末廣酒造,玄宰,,福島県,福島縣,,,,,,,,,,0.4916827514574095,0.5610625298912199,0.18641336044375909,0.3000149924841,0.2148346154572202,0.5220575263373898,"氣泡感,果香,鮮味,鮮爽,平衡,酸味,甘甜,苦味,純淨,梨子,清新,哈密瓜,麝香葡萄,多汁,輕快,蘋果,華麗,甘酸っぱい,高雅,餘韻","ガス,フルーティ,旨味,フレッシュ,バランス,酸味,甘味,苦味,綺麗,梨,さわやか,メロン,マスカット,ジューシー,軽快,リンゴ,華やか,甘酸っぱい,上品,余韻",3884,https://sakenowa.com/brands/3884,2026-09-28T20:22:25.286166+00:00
sn_211,140,太平桜酒造,太平櫻,,福島県,福島縣,,,,,,,,,,,,,,,,,,211,https://sakenowa.com/brands/211,2026-09-28T20:22:25.286328+00:00
sn_212,141,花泉酒造,花泉,,福島県,福島縣,,,,,,,,,,0.30803833930410995,0.5724302571989832,0.3626815521927347,0.4492000174545578,0.22056361300403596,0.4421188876290758,"氣泡感,鮮味,甘甜,酸味,濃厚,苦味,醇厚,ピチピチ,清爽,鮮爽,優しい,辛口,俐落,しっかり,哈密瓜,奶油感,純淨,華麗,平衡,常溫","ガス,旨味,甘味,酸味,濃厚,苦味,コク,ピチピチ,スッキリ,フレッシュ,優しい,辛口,キレ,しっかり,メロン,クリーミー,綺麗,華やか,バランス,常温",212,https://sakenowa.com/brands/212,2026-09-28T20:22:25.286494+00:00
sn_1026,141,花泉酒造,ロ万,,福島県,福島縣,,,,,,,,,,0.4417808587178774,0.5558679589197405,0.2251391699783184,0.4692110983505866,0.19722785230177844,0.43138724913867654,"哈密瓜,甘甜,果香,櫻花,鮮味,華麗,優しい,苦味,清爽,酸味,純淨,輕快,ふんわり,多汁,氣泡感,平衡,清新,圓潤,鮮爽,しっかり","メロン,甘味,フルーティ,桜,旨味,華やか,優しい,苦味,スッキリ,酸味,綺麗,軽快,ふんわり,ジューシー,ガス,バランス,さわやか,まろやか,フレッシュ,しっかり",1026,https://sakenowa.com/brands/1026,2026-09-28T20:22:25.286503+00:00
sn_1269,141,花泉酒造,口万,,福島県,福島縣,,,,,,,,,,0.35659748108965467,0.6140602953697045,0.23812200387381857,0.4444296379701097,0.26253077887990045,0.4154828377160382,"酸味,甘甜,哈密瓜,鮮味,果香","酸味,甘味,メロン,旨味,フルーティ",1269,https://sakenowa.com/brands/1269,2026-09-28T20:22:25.286508+00:00
sn_1924,141,花泉酒造,だちゅー,,福島県,福島縣,,,,,,,,,,,,,,,,辛口,辛口,1924,https://sakenowa.com/brands/1924,2026-09-28T20:22:25.286513+00:00
sn_2343,141,花泉酒造,だぢゅー,,福島県,福島縣,,,,,,,,,,,,,,,,,,2343,https://sakenowa.com/brands/2343,2026-09-28T20:22:25.286520+00:00
sn_213,142,奥の松酒造,奥の松,,福島県,福島縣,,,,,,,,,,0.3106751806558596,0.5735495923410016,0.336184802619317,0.44434272216061504,0.3319820808347177,0.3922359226349319,"辛口,甘甜,常溫,鮮味,果香,清爽,清新,冷酒,酸味,しっかり,ワイン,氣泡感,華麗,熱燗,穩重,苦味,ふんわり,高雅,ほのか,輕快","辛口,甘味,常温,旨味,フルーティ,スッキリ,さわやか,冷酒,酸味,しっかり,ワイン,ガス,華やか,熱燗,穏やか,苦味,ふんわり,上品,ほのか,軽快",213,https://sakenowa.com/brands/213,2026-09-28T20:22:25.286685+00:00
sn_214,143,開当男山酒造,開当男山,,福島県,福島縣,,,,,,,,,,0.3962649633725897,0.5809959938553232,0.3467540680016664,0.43652371388792377,0.25077722404096914,0.36295617003638453,"花香,ワイン,鮮味,辛口,燗酒,甘甜,果香,清爽,冷酒,優しい,常溫,高雅,華麗,味噌,純淨,酸味,清新,圓潤,ふくよか,苦味","花,ワイン,旨味,辛口,燗酒,甘味,フルーティ,スッキリ,冷酒,優しい,常温,上品,華やか,味噌,綺麗,酸味,さわやか,まろやか,ふくよか,苦味",214,https://sakenowa.com/brands/214,2026-09-28T20:22:25.286867+00:00
sn_215,143,開当男山酒造,夢の香,,福島県,福島縣,,,,,,,,,,,,,,,,,,215,https://sakenowa.com/brands/215,2026-09-28T20:22:25.286875+00:00
sn_216,144,会津酒造,田島,,福島県,福島縣,,,,,,,,,,,,,,,,,,216,https://sakenowa.com/brands/216,2026-09-28T20:22:25.287039+00:00
sn_217,144,会津酒造,会津,,福島県,福島縣,,,,,,,,,,0.4183276075241888,0.4769630302884579,0.25719027931071087,0.4480507347737983,0.25855211737048,0.5135784092240634,,,217,https://sakenowa.com/brands/217,2026-09-28T20:22:25.287044+00:00
sn_1642,144,会津酒造,會津,,福島県,福島縣,,,,,,,,,,0.3284156070439584,0.49208499691012453,0.3166547086462381,0.5484055991723413,0.25139811390868766,0.4310169688975794,"控えめ,甘甜","控えめ,甘味",1642,https://sakenowa.com/brands/1642,2026-09-28T20:22:25.287049+00:00
sn_1789,144,会津酒造,山の井,,福島県,福島縣,,,,,,,,,,0.37774340836104225,0.5013970062109359,0.246351645415882,0.5228142757127949,0.25704360545433935,0.4536690913092061,"純淨,柔らかい,優しい,甘甜,酸味,鮮味,苦味,果香,清新,清爽,餘韻,哈密瓜,氣泡感,輕快,平衡,鮮爽,穩重,辛口,甘酸っぱい,俐落","綺麗,柔らかい,優しい,甘味,酸味,旨味,苦味,フルーティ,さわやか,スッキリ,余韻,メロン,ガス,軽快,バランス,フレッシュ,穏やか,辛口,甘酸っぱい,キレ",1789,https://sakenowa.com/brands/1789,2026-09-28T20:22:25.287060+00:00
sn_8393,144,会津酒造,凛,,福島県,福島縣,,,,,,,,,,,,,,,,,,8393,https://sakenowa.com/brands/8393,2026-09-28T20:22:25.287064+00:00
sn_218,146,笹の川酒造,会津の八重,,福島県,福島縣,,,,,,,,,,,,,,,,"さっぱり,優格,キリリ,辛口,ほのか,果香,酸味,鮮味,清爽","さっぱり,ヨーグルト,キリリ,辛口,ほのか,フルーティ,酸味,旨味,スッキリ",218,https://sakenowa.com/brands/218,2026-09-28T20:22:25.287229+00:00
sn_62280,146,笹の川酒造,笹の川,,福島県,福島縣,,,,,,,,,,0.2648718452303659,0.57630989187379,0.3830022542359097,0.491506274656747,0.32460838652727003,0.3225989224286128,"辛口,鮮味","辛口,旨味",62280,https://sakenowa.com/brands/62280,2026-09-28T20:22:25.287235+00:00
sn_219,148,大木代吉本店,自然郷,,福島県,福島縣,,,,,,,,,,0.42864527480936293,0.5016258269339797,0.20576615437475346,0.3665575813171164,0.24925450749994482,0.570791361112042,"氣泡感,酸味,鮮味,甘甜,果香,哈密瓜,清新,平衡,鮮爽,苦味,麝香葡萄,輕快,ラムネ,優格,ピリリ,清爽,香蕉,優しい,俐落,ピチピチ","ガス,酸味,旨味,甘味,フルーティ,メロン,さわやか,バランス,フレッシュ,苦味,マスカット,軽快,ラムネ,ヨーグルト,ピリリ,スッキリ,バナナ,優しい,キレ,ピチピチ",219,https://sakenowa.com/brands/219,2026-09-28T20:22:25.287402+00:00
sn_220,148,大木代吉本店,自然郷さわやか,,福島県,福島縣,,,,,,,,,,0.2271352175586767,0.4038850196045649,0.1859942548971814,0.3713924609592144,0.5957192080940554,0.5078177685738114,"清新,俐落","さわやか,キレ",220,https://sakenowa.com/brands/220,2026-09-28T20:22:25.287407+00:00
sn_10872,148,大木代吉本店,楽器正宗,,福島県,福島縣,,,,,,,,,,0.5065903601688304,0.5313402533174861,0.1569234312549547,0.2560162526200226,0.22947815907689664,0.5641048056990609,"氣泡感,麝香葡萄,果香,多汁,哈密瓜,甘甜,苦味,酸味,清新,平衡,輕快,鮮味,鮮爽,清爽,穩定,華麗,ラムネ,スイスイ,俐落,ピリリ","ガス,マスカット,フルーティ,ジューシー,メロン,甘味,苦味,酸味,さわやか,バランス,軽快,旨味,フレッシュ,スッキリ,安定,華やか,ラムネ,スイスイ,キレ,ピリリ",10872,https://sakenowa.com/brands/10872,2026-09-28T20:22:25.287415+00:00
sn_221,149,ほまれ酒造,会津ほまれ,,福島県,福島縣,,,,,,,,,,0.37740482452843366,0.5899537739991818,0.2923698640067391,0.4469484323905115,0.2644473227125897,0.3928673031460789,"果香,鮮味,甘甜,辛口,平衡,香蕉,酸味,哈密瓜,清爽,華麗,巧克力,柔らかい,優しい,清新,苦味,しっかり,高雅,鮮爽,圓潤,荔枝","フルーティ,旨味,甘味,辛口,バランス,バナナ,酸味,メロン,スッキリ,華やか,チョコレート,柔らかい,優しい,さわやか,苦味,しっかり,上品,フレッシュ,まろやか,ライチ",221,https://sakenowa.com/brands/221,2026-09-28T20:22:25.287582+00:00
sn_3290,149,ほまれ酒造,いいで,,福島県,福島縣,,,,,,,,,,,,,,,,"熱燗,輕快,辛口,しっかり,清爽","熱燗,軽快,辛口,しっかり,スッキリ",3290,https://sakenowa.com/brands/3290,2026-09-28T20:22:25.287588+00:00
sn_82917,149,ほまれ酒造,からはし,,福島県,福島縣,,,,,,,,,,0.4154166969373939,0.6414244735125906,0.2693762848830487,0.3456300818260276,0.24642192449915246,0.40404963988400633,"果香,甘甜,酸味,鮮味,氣泡感,哈密瓜,柔らかい,平衡,いちご,ほのか,苦味,鳳梨,しっかり,清爽,優しい,清新","フルーティ,甘味,酸味,旨味,ガス,メロン,柔らかい,バランス,いちご,ほのか,苦味,パイナップル,しっかり,スッキリ,優しい,さわやか",82917,https://sakenowa.com/brands/82917,2026-09-28T20:22:25.287595+00:00
sn_222,150,夢心酒造,奈良萬,,福島県,福島縣,,,,,,,,,,0.39506574287730795,0.563824896214386,0.2534982677689391,0.35378331121975165,0.2984083557763731,0.49754697804028,"氣泡感,哈密瓜,鮮味,果香,苦味,酸味,甘甜,鮮爽,辛口,多汁,平衡,香蕉,俐落,ピチピチ,しっかり,ピリリ,清爽,清新,華麗,プチプチ","ガス,メロン,旨味,フルーティ,苦味,酸味,甘味,フレッシュ,辛口,ジューシー,バランス,バナナ,キレ,ピチピチ,しっかり,ピリリ,スッキリ,さわやか,華やか,プチプチ",222,https://sakenowa.com/brands/222,2026-09-28T20:22:25.287760+00:00
sn_223,150,夢心酒造,夢心,,福島県,福島縣,,,,,,,,,,0.3637967403840074,0.5091632709049421,0.3118434828211812,0.3366730164789596,0.2849720241474276,0.562672696065469,"氣泡感,苦味,多汁,哈密瓜,鮮味,平衡,甘甜,酸味,ラムネ,鮮爽,輕快,ピチピチ,しっかり,清新,スイスイ,清爽,俐落,ほのか,果香","ガス,苦味,ジューシー,メロン,旨味,バランス,甘味,酸味,ラムネ,フレッシュ,軽快,ピチピチ,しっかり,さわやか,スイスイ,スッキリ,キレ,ほのか,フルーティ",223,https://sakenowa.com/brands/223,2026-09-28T20:22:25.287768+00:00
sn_224,151,笹正宗酒造,笹正宗,,福島県,福島縣,,,,,,,,,,0.2386204873061984,0.5700890690113458,0.4026329693030411,0.41626670767206775,0.38294283433279175,0.3688119062323927,"辛口,甘甜,ラム,レーズン,鮮味,苦味,酸味,味噌,蘋果,優しい,果香,清爽,蜂蜜,餘韻,心地よい","辛口,甘味,ラム,レーズン,旨味,苦味,酸味,味噌,リンゴ,優しい,フルーティ,スッキリ,ハチミツ,余韻,心地よい",224,https://sakenowa.com/brands/224,2026-09-28T20:22:25.287943+00:00
sn_3788,151,笹正宗酒造,ささまさむね,,福島県,福島縣,,,,,,,,,,0.379975946176234,0.5332427433945235,0.25339659484303145,0.4591822087213957,0.24106028414366854,0.4879572330325978,"氣泡感,甘甜,鮮味,優しい,カルピス,苦味,酸味,果香,哈密瓜,多汁,清新,清爽,純淨,鮮爽,蘋果,ピチピチ,柔らかい,輕快,穩重,優格","ガス,甘味,旨味,優しい,カルピス,苦味,酸味,フルーティ,メロン,ジューシー,さわやか,スッキリ,綺麗,フレッシュ,リンゴ,ピチピチ,柔らかい,軽快,穏やか,ヨーグルト",3788,https://sakenowa.com/brands/3788,2026-09-28T20:22:25.287952+00:00
sn_225,152,須藤本家,郷乃譽,,茨城県,茨城縣,,,,,,,,,,0.30030872461537267,0.48300557636903485,0.5096005641127123,0.43276996587675026,0.28004759971858423,0.38873004347388224,"キリリ,カラメル,蜂蜜","キリリ,カラメル,ハチミツ",225,https://sakenowa.com/brands/225,2026-09-28T20:22:25.288112+00:00
sn_226,152,須藤本家,霞山,,茨城県,茨城縣,,,,,,,,,,,,,,,,,,226,https://sakenowa.com/brands/226,2026-09-28T20:22:25.288117+00:00
sn_227,152,須藤本家,郷乃誉,,茨城県,茨城縣,,,,,,,,,,0.3581780477809561,0.49890558919727995,0.4305807143160367,0.3965925209445685,0.3279841920582486,0.415382582332673,,,227,https://sakenowa.com/brands/227,2026-09-28T20:22:25.288121+00:00
sn_1749,152,須藤本家,山桜桃,,茨城県,茨城縣,,,,,,,,,,0.4478739515778516,0.2964578592851786,0.3932946914712679,0.36022595527513235,0.3796579685086816,0.5319191996164351,純淨,綺麗,1749,https://sakenowa.com/brands/1749,2026-09-28T20:22:25.288129+00:00
sn_1883,152,須藤本家,花薫光,,茨城県,茨城縣,,,,,,,,,,,,,,,,,,1883,https://sakenowa.com/brands/1883,2026-09-28T20:22:25.288133+00:00
sn_3329,152,須藤本家,香薫光,,茨城県,茨城縣,,,,,,,,,,,,,,,,清爽,スッキリ,3329,https://sakenowa.com/brands/3329,2026-09-28T20:22:25.288143+00:00
sn_228,153,浦里酒造店,霧筑波,,茨城県,茨城縣,,,,,,,,,,0.42583006827969677,0.5105535578053086,0.1764146363709574,0.3568994756471065,0.37072353857017304,0.5119262797202179,"哈密瓜,辛口,鮮味,香蕉,氣泡感,鮮爽,甘甜,果香,清新,酸味,苦味,清爽,俐落,穩重,餘韻,純淨,麝香葡萄,蘋果,さっぱり,輕快","メロン,辛口,旨味,バナナ,ガス,フレッシュ,甘味,フルーティ,さわやか,酸味,苦味,スッキリ,キレ,穏やか,余韻,綺麗,マスカット,リンゴ,さっぱり,軽快",228,https://sakenowa.com/brands/228,2026-09-28T20:22:25.288306+00:00
sn_69047,153,浦里酒造店,浦里,,茨城県,茨城縣,,,,,,,,,,0.45414833318841547,0.5726647792153532,0.22419374523669808,0.35130865631783265,0.1827569268296554,0.5086488379983741,"哈密瓜,氣泡感,酸味,甘甜,香蕉,苦味,鮮味,果香,ブドウ,多汁,平衡,清新,鮮爽,純淨,餘韻,輕快,俐落,優しい,甘酸っぱい,カルピス","メロン,ガス,酸味,甘味,バナナ,苦味,旨味,フルーティ,ブドウ,ジューシー,バランス,さわやか,フレッシュ,綺麗,余韻,軽快,キレ,優しい,甘酸っぱい,カルピス",69047,https://sakenowa.com/brands/69047,2026-09-28T20:22:25.288314+00:00
sn_229,154,府中誉,渡舟,,茨城県,茨城縣,,,,,,,,,,0.45605792399648054,0.5840749928159339,0.22817967201236064,0.3212658877458706,0.26244281961744714,0.47614452197785523,"鮮爽,果香,鮮味,氣泡感,哈密瓜,清新,多汁,甘甜,蘋果,麝香葡萄,苦味,酸味,芳醇,輕快,高雅,ふくよか,ラムネ,穩重,華麗,清爽","フレッシュ,フルーティ,旨味,ガス,メロン,さわやか,ジューシー,甘味,リンゴ,マスカット,苦味,酸味,芳醇,軽快,上品,ふくよか,ラムネ,穏やか,華やか,スッキリ",229,https://sakenowa.com/brands/229,2026-09-28T20:22:25.288489+00:00
sn_230,154,府中誉,太平海,,茨城県,茨城縣,,,,,,,,,,0.4491998354299859,0.5092256206774229,0.25186876925823154,0.34673405020946324,0.2591154319098129,0.5367546828293566,"氣泡感,果香,鮮味,清新,鮮爽,酸味,甘甜,平衡,シャンパン,哈密瓜,苦味,輕快,多汁,しっかり,清爽,優しい,俐落,みずみずしい,辛口,するする","ガス,フルーティ,旨味,さわやか,フレッシュ,酸味,甘味,バランス,シャンパン,メロン,苦味,軽快,ジューシー,しっかり,スッキリ,優しい,キレ,みずみずしい,辛口,するする",230,https://sakenowa.com/brands/230,2026-09-28T20:22:25.288499+00:00
sn_2382,154,府中誉,府中誉,,茨城県,茨城縣,,,,,,,,,,,,,,,,,,2382,https://sakenowa.com/brands/2382,2026-09-28T20:22:25.288503+00:00
sn_2901,154,府中誉,大平海,,茨城県,茨城縣,,,,,,,,,,,,,,,,"ラムネ,ふくよか,純淨,苦味,酸味","ラムネ,ふくよか,綺麗,苦味,酸味",2901,https://sakenowa.com/brands/2901,2026-09-28T20:22:25.288509+00:00
sn_231,157,来福酒造,筑西,,茨城県,茨城縣,,,,,,,,,,,,,,,,とろみ,とろみ,231,https://sakenowa.com/brands/231,2026-09-28T20:22:25.288673+00:00
sn_232,157,来福酒造,来福,,茨城県,茨城縣,,,,,,,,,,0.5476474751781167,0.5678633294238689,0.1874641824427628,0.2621736665964086,0.22937219660854183,0.4702382654507253,"花香,いちご,酸味,甘甜,果香,櫻花,華麗,鮮味,香蕉,辛口,苦味,清新,哈密瓜,氣泡感,蘋果,清爽,水蜜桃,餘韻,鳳梨,鮮爽","花,いちご,酸味,甘味,フルーティ,桜,華やか,旨味,バナナ,辛口,苦味,さわやか,メロン,ガス,リンゴ,スッキリ,桃,余韻,パイナップル,フレッシュ",232,https://sakenowa.com/brands/232,2026-09-28T20:22:25.288681+00:00
sn_2538,157,来福酒造,MELLOW,,茨城県,茨城縣,,,,,,,,,,0.33323454321003465,0.6358481475065232,0.6058919610195715,0.24057369437634984,0.13497164498225545,0.20360195657428998,"蜂蜜,甘甜,哈密瓜","ハチミツ,甘味,メロン",2538,https://sakenowa.com/brands/2538,2026-09-28T20:22:25.288689+00:00
sn_3300,157,来福酒造,魔愚魔,,茨城県,茨城縣,,,,,,,,,,,,,,,,辛口,辛口,3300,https://sakenowa.com/brands/3300,2026-09-28T20:22:25.288693+00:00
sn_233,159,森島酒造,大観,,茨城県,茨城縣,,,,,,,,,,0.39498502983065586,0.5370753650737179,0.27000348512844163,0.320574126239736,0.35610182174076704,0.5030494196375149,"酸味,果香,氣泡感,鮮味,苦味,純淨,鮮爽,甘甜,平衡,辛口,俐落,ピリリ,清新,清爽,銳利","酸味,フルーティ,ガス,旨味,苦味,綺麗,フレッシュ,甘味,バランス,辛口,キレ,ピリリ,さわやか,スッキリ,シャープ",233,https://sakenowa.com/brands/233,2026-09-28T20:22:25.288867+00:00
sn_31938,159,森島酒造,森嶋,,茨城県,茨城縣,,,,,,,,,,0.4267161943256207,0.4370912437838768,0.2100624452717864,0.3689810165769777,0.3433606571910981,0.5733190836639557,"氣泡感,鮮爽,酸味,鮮味,苦味,辛口,果香,清爽,純淨,平衡,甘甜,控えめ,清新,輕快,俐落,穩重,高雅,麝香葡萄,餘韻,哈密瓜","ガス,フレッシュ,酸味,旨味,苦味,辛口,フルーティ,スッキリ,綺麗,バランス,甘味,控えめ,さわやか,軽快,キレ,穏やか,上品,マスカット,余韻,メロン",31938,https://sakenowa.com/brands/31938,2026-09-28T20:22:25.288876+00:00
sn_51338,159,森島酒造,富士大観,,茨城県,茨城縣,,,,,,,,,,0.43723902885822175,0.5023360135944679,0.20836814553038738,0.30404113897887747,0.36290060894552034,0.5375178237535593,"哈密瓜,鮮爽,辛口,鮮味,俐落,氣泡感,麝香葡萄,純淨,酸味,清爽,甘甜,控えめ,果香,苦味,平衡,清新,穩重,輕快,高雅,餘韻","メロン,フレッシュ,辛口,旨味,キレ,ガス,マスカット,綺麗,酸味,スッキリ,甘味,控えめ,フルーティ,苦味,バランス,さわやか,穏やか,軽快,上品,余韻",51338,https://sakenowa.com/brands/51338,2026-09-28T20:22:25.288884+00:00
sn_234,160,山中酒造店,一人娘,,茨城県,茨城縣,,,,,,,,,,0.20163271948148725,0.4757534431359121,0.3435220478147675,0.5084849287610854,0.4789099095907505,0.3564882693197434,"辛口,清爽","辛口,スッキリ",234,https://sakenowa.com/brands/234,2026-09-28T20:22:25.289046+00:00
sn_235,161,廣瀬商店,つくばの紅梅一輪,,茨城県,茨城縣,,,,,,,,,,,,,,,,,,235,https://sakenowa.com/brands/235,2026-09-28T20:22:25.289209+00:00
sn_236,161,廣瀬商店,白菊,,茨城県,茨城縣,,,,,,,,,,0.41501262038680325,0.6151246945447589,0.3217447491762123,0.25265203157937755,0.2481239831369204,0.4695400849656127,甘酸っぱい,甘酸っぱい,236,https://sakenowa.com/brands/236,2026-09-28T20:22:25.289214+00:00
sn_237,162,藤田酒造店,富士泉,,茨城県,茨城縣,,,,,,,,,,,,,,,,"キリリ,丸み,高雅,辛口,甘甜","キリリ,丸み,上品,辛口,甘味",237,https://sakenowa.com/brands/237,2026-09-28T20:22:25.289375+00:00
sn_238,163,武勇,なごやか,,茨城県,茨城縣,,,,,,,,,,,,,,,,"平衡,氣泡感,清新,鮮爽,圓潤,濃厚,酸味,鮮味,清爽,甘甜","バランス,ガス,さわやか,フレッシュ,まろやか,濃厚,酸味,旨味,スッキリ,甘味",238,https://sakenowa.com/brands/238,2026-09-28T20:22:25.289536+00:00
sn_239,163,武勇,ひたち錦,,茨城県,茨城縣,,,,,,,,,,,,,,,,,,239,https://sakenowa.com/brands/239,2026-09-28T20:22:25.289545+00:00
sn_240,163,武勇,道春,,茨城県,茨城縣,,,,,,,,,,,,,,,,"丸み,多汁,鮮味","丸み,ジューシー,旨味",240,https://sakenowa.com/brands/240,2026-09-28T20:22:25.289550+00:00
sn_1757,163,武勇,武勇,,茨城県,茨城縣,,,,,,,,,,0.40132686602112577,0.483085317284466,0.2562979792132565,0.3435810829773222,0.3213196390168007,0.5644310389119936,"氣泡感,鮮味,酸味,甘甜,果香,清新,哈密瓜,鮮爽,辛口,蘋果,輕快,俐落,苦味,平衡,穩重,しっかり,優格,清爽,ピチピチ,餘韻","ガス,旨味,酸味,甘味,フルーティ,さわやか,メロン,フレッシュ,辛口,リンゴ,軽快,キレ,苦味,バランス,穏やか,しっかり,ヨーグルト,スッキリ,ピチピチ,余韻",1757,https://sakenowa.com/brands/1757,2026-09-28T20:22:25.289558+00:00
sn_241,166,萩原酒造,徳正宗,,茨城県,茨城縣,,,,,,,,,,0.3705697218494947,0.6702004800605759,0.3658795036421995,0.3908118042892951,0.10732742120691545,0.3396888942469547,,,241,https://sakenowa.com/brands/241,2026-09-28T20:22:25.289719+00:00
sn_242,167,明利酒類,副将軍,,茨城県,茨城縣,,,,,,,,,,0.3450465333574387,0.6039779648939044,0.24534639450646664,0.5338165901343405,0.23241958218380962,0.34202286525634196,"餘韻,酸味,西洋梨,穩重,圓潤,甘甜,哈密瓜,柔らかい,控えめ,清爽","余韻,酸味,洋梨,穏やか,まろやか,甘味,メロン,柔らかい,控えめ,スッキリ",242,https://sakenowa.com/brands/242,2026-09-28T20:22:25.289893+00:00
sn_3257,167,明利酒類,鼓山,,茨城県,茨城縣,,,,,,,,,,,,,,,,,,3257,https://sakenowa.com/brands/3257,2026-09-28T20:22:25.289898+00:00
sn_7308,167,明利酒類,水府自慢,,茨城県,茨城縣,,,,,,,,,,0.5025602615228149,0.5229993075300835,0.1648192310175181,0.23306398239302065,0.23807026197945907,0.5794335677367205,"哈密瓜,鮮爽,輕快,酸味,果香,甘甜,氣泡感,清新,ラムネ,多汁,香蕉,ワイン,清爽","メロン,フレッシュ,軽快,酸味,フルーティ,甘味,ガス,さわやか,ラムネ,ジューシー,バナナ,ワイン,スッキリ",7308,https://sakenowa.com/brands/7308,2026-09-28T20:22:25.289906+00:00
sn_243,168,石岡酒造,歳壽,,茨城県,茨城縣,,,,,,,,,,,,,,,,,,243,https://sakenowa.com/brands/243,2026-09-28T20:22:25.290066+00:00
sn_245,168,石岡酒造,酔鶴,,茨城県,茨城縣,,,,,,,,,,,,,,,,"高雅,平衡,酸味","上品,バランス,酸味",245,https://sakenowa.com/brands/245,2026-09-28T20:22:25.290072+00:00
sn_246,168,石岡酒造,筑波,,茨城県,茨城縣,,,,,,,,,,,,,,,,,,246,https://sakenowa.com/brands/246,2026-09-28T20:22:25.290079+00:00
sn_247,168,石岡酒造,白鹿,,茨城県,茨城縣,,,,,,,,,,,,,,,,,,247,https://sakenowa.com/brands/247,2026-09-28T20:22:25.290084+00:00
sn_3575,168,石岡酒造,寿山,,茨城県,茨城縣,,,,,,,,,,,,,,,,"辛香,鮮爽,辛口,甘甜","スパイシー,フレッシュ,辛口,甘味",3575,https://sakenowa.com/brands/3575,2026-09-28T20:22:25.290089+00:00
sn_248,169,西岡本店,花の井,,茨城県,茨城縣,,,,,,,,,,0.14155479847506144,0.5210562952370158,0.7675321937794524,0.3275844337642245,0.07182485425873918,0.08298516012363212,"紹興酒,蜂蜜","紹興酒,ハチミツ",248,https://sakenowa.com/brands/248,2026-09-28T20:22:25.290251+00:00
sn_249,171,若駒酒造,若駒,,栃木県,栃木縣,,,,,,,,,,0.3931756385859489,0.6341997952400719,0.27546818861161376,0.2924525375388996,0.2719877845450581,0.45586727492588025,"香蕉,多汁,酸味,果香,苦味,鮮味,麝香葡萄,俐落,甘甜,辛口,氣泡感,しっかり,哈密瓜,水蜜桃,鮮爽,清爽,濃厚,複雜,餘韻,清新","バナナ,ジューシー,酸味,フルーティ,苦味,旨味,マスカット,キレ,甘味,辛口,ガス,しっかり,メロン,桃,フレッシュ,スッキリ,濃厚,複雑,余韻,さわやか",249,https://sakenowa.com/brands/249,2026-09-28T20:22:25.290416+00:00
sn_3330,171,若駒酒造,かねたまる,,栃木県,栃木縣,,,,,,,,,,,,,,,,葡萄柚,グレープフルーツ,3330,https://sakenowa.com/brands/3330,2026-09-28T20:22:25.290423+00:00
sn_250,173,宇都宮酒造,四季桜,,栃木県,栃木縣,,,,,,,,,,0.37323587580811224,0.5200961320833032,0.32556047916824865,0.4688413486286208,0.2935380868418431,0.42217123326300376,"櫻花,鮮味,辛口,しっかり,柔らかい,酸味,甘甜,清爽,餘韻,華麗,輕快,苦味,圓潤,穩重,俐落,花香,清新,巧克力,ふくよか,鮮爽","桜,旨味,辛口,しっかり,柔らかい,酸味,甘味,スッキリ,余韻,華やか,軽快,苦味,まろやか,穏やか,キレ,花,さわやか,チョコレート,ふくよか,フレッシュ",250,https://sakenowa.com/brands/250,2026-09-28T20:22:25.290589+00:00
sn_251,174,井上清吉商店,澤姫,,栃木県,栃木縣,,,,,,,,,,0.3453461818462058,0.5924145976092167,0.4217089124855711,0.37427348161059176,0.2476738980702095,0.3879684955402792,"鮮味,氣泡感,酸味,ヤクルト,果香,甘酸っぱい,華麗,甘甜,清新,焦糖,辛口,優格,濃厚,いちご,しっかり,ワイン,清爽,俐落,苦味,平衡","旨味,ガス,酸味,ヤクルト,フルーティ,甘酸っぱい,華やか,甘味,さわやか,キャラメル,辛口,ヨーグルト,濃厚,いちご,しっかり,ワイン,スッキリ,キレ,苦味,バランス",251,https://sakenowa.com/brands/251,2026-09-28T20:22:25.290755+00:00
sn_252,176,西堀酒造,若盛,,栃木県,栃木縣,,,,,,,,,,,,,,,,,,252,https://sakenowa.com/brands/252,2026-09-28T20:22:25.290926+00:00
sn_1722,176,西堀酒造,門外不出,,栃木県,栃木縣,,,,,,,,,,0.18903938377245855,0.6348984942030466,0.3928635112543585,0.5095521612480355,0.27626904252501483,0.2661921976247559,"鮮味,清爽,濃厚,酸味,甘甜,辛口,穀物,鳳梨,しっかり,餘韻,圓潤","旨味,スッキリ,濃厚,酸味,甘味,辛口,穀物,パイナップル,しっかり,余韻,まろやか",1722,https://sakenowa.com/brands/1722,2026-09-28T20:22:25.290937+00:00
sn_253,177,菊の里酒造,大那,,栃木県,栃木縣,,,,,,,,,,0.34802014145844823,0.4954970942948786,0.2625076180681253,0.42641508098954484,0.3712903857264442,0.4947403251328533,"鮮味,辛口,苦味,酸味,氣泡感,甘甜,清爽,鮮爽,しっかり,果香,清新,俐落,輕快,純淨,穩重,餘韻,平衡,柔らかい,哈密瓜,キリリ","旨味,辛口,苦味,酸味,ガス,甘味,スッキリ,フレッシュ,しっかり,フルーティ,さわやか,キレ,軽快,綺麗,穏やか,余韻,バランス,柔らかい,メロン,キリリ",253,https://sakenowa.com/brands/253,2026-09-28T20:22:25.291109+00:00
sn_1795,177,菊の里酒造,あかまる太郎,,栃木県,栃木縣,,,,,,,,,,,,,,,,さっぱり,さっぱり,1795,https://sakenowa.com/brands/1795,2026-09-28T20:22:25.291114+00:00
sn_254,178,天鷹酒造,天鷹,,栃木県,栃木縣,,,,,,,,,,0.2560931397576501,0.48387670546576356,0.39489192061377254,0.4246095462607832,0.44669661906781777,0.40559693347981074,"辛口,蜂蜜,鮮味,清爽,甘甜,清新,濃厚,苦味,しっかり,圓潤,酸味,俐落,優しい,穩重,輕快,果香,華麗,冷酒,餘韻,平衡","辛口,ハチミツ,旨味,スッキリ,甘味,さわやか,濃厚,苦味,しっかり,まろやか,酸味,キレ,優しい,穏やか,軽快,フルーティ,華やか,冷酒,余韻,バランス",254,https://sakenowa.com/brands/254,2026-09-28T20:22:25.291279+00:00
sn_105109,178,天鷹酒造,九尾,,栃木県,栃木縣,,,,,,,,,,0.4441273325158187,0.6173612564784682,0.3256237271453098,0.29955568334530175,0.2577778996157595,0.3992519591397446,"果香,鳳梨,甘甜,苦味,氣泡感,蘋果,餘韻,鮮味,哈密瓜,紹興酒,酸味,華麗,多汁,平衡,高雅,しっかり,清爽","フルーティ,パイナップル,甘味,苦味,ガス,リンゴ,余韻,旨味,メロン,紹興酒,酸味,華やか,ジューシー,バランス,上品,しっかり,スッキリ",105109,https://sakenowa.com/brands/105109,2026-09-28T20:22:25.291287+00:00
sn_255,179,第一酒造,開華,,栃木県,栃木縣,,,,,,,,,,0.43625141436770276,0.5269911950940364,0.2981810376573116,0.4132656238556202,0.24782690294523635,0.45918014204987606,"鮮爽,華麗,鮮味,酸味,苦味,果香,清爽,甘甜,清新,しっかり,純淨,辛口,氣泡感,ほのか,醤油,水蜜桃,味噌,穩重,餘韻,花香","フレッシュ,華やか,旨味,酸味,苦味,フルーティ,スッキリ,甘味,さわやか,しっかり,綺麗,辛口,ガス,ほのか,醤油,桃,味噌,穏やか,余韻,花",255,https://sakenowa.com/brands/255,2026-09-28T20:22:25.291452+00:00
sn_1891,179,第一酒造,開夏,,栃木県,栃木縣,,,,,,,,,,,,,,,,,,1891,https://sakenowa.com/brands/1891,2026-09-28T20:22:25.291459+00:00
sn_3097,179,第一酒造,開花宣言,,栃木県,栃木縣,,,,,,,,,,,,,,,,"櫻花,華麗,花香,純淨,平衡,清新,酸味,清爽,鮮味,辛口","桜,華やか,花,綺麗,バランス,さわやか,酸味,スッキリ,旨味,辛口",3097,https://sakenowa.com/brands/3097,2026-09-28T20:22:25.291465+00:00
sn_4230,179,第一酒造,開花,,栃木県,栃木縣,,,,,,,,,,,,,,,,カルピス,カルピス,4230,https://sakenowa.com/brands/4230,2026-09-28T20:22:25.291470+00:00
sn_256,180,杉田酒造,雄東,,栃木県,栃木縣,,,,,,,,,,0.3628765230619686,0.5041914644215867,0.29031696833398457,0.38950745544959064,0.33983632057679986,0.5124674345538889,"氣泡感,優格,鮮味,酸味,辛口,甘甜,苦味,清爽,銳利,純淨,濃厚,餘韻,哈密瓜","ガス,ヨーグルト,旨味,酸味,辛口,甘味,苦味,スッキリ,シャープ,綺麗,濃厚,余韻,メロン",256,https://sakenowa.com/brands/256,2026-09-28T20:22:25.291634+00:00
sn_3509,180,杉田酒造,雄東正宗,,栃木県,栃木縣,,,,,,,,,,,,,,,,,,3509,https://sakenowa.com/brands/3509,2026-09-28T20:22:25.291638+00:00
sn_3560,180,杉田酒造,鷗樹,,栃木県,栃木縣,,,,,,,,,,0.16266318496028564,0.5963935899336075,0.42053488079672446,0.5031599691693587,0.2924883645222088,0.3198224354584559,"熱燗,鮮味","熱燗,旨味",3560,https://sakenowa.com/brands/3560,2026-09-28T20:22:25.291645+00:00
sn_257,182,虎屋本店,七水,,栃木県,栃木縣,,,,,,,,,,0.45403950944337274,0.6434153052269026,0.2544490459966596,0.28197757601239026,0.2101293456109123,0.43755554686792536,"多汁,鮮味,果香,酸味,氣泡感,鮮爽,甘甜,香蕉,哈密瓜,苦味,柑橘,蘋果,ワイン,清新,葡萄柚,鳳梨,しっかり,平衡,辛口,高雅","ジューシー,旨味,フルーティ,酸味,ガス,フレッシュ,甘味,バナナ,メロン,苦味,柑橘,リンゴ,ワイン,さわやか,グレープフルーツ,パイナップル,しっかり,バランス,辛口,上品",257,https://sakenowa.com/brands/257,2026-09-28T20:22:25.291809+00:00
sn_3609,182,虎屋本店,菊,,栃木県,栃木縣,,,,,,,,,,,,,,,,,,3609,https://sakenowa.com/brands/3609,2026-09-28T20:22:25.291813+00:00
sn_258,183,小林酒造,鳳凰美田,,栃木県,栃木縣,,,,,,,,,,0.5143292771741181,0.6196507786706369,0.22604935899227444,0.2715966274695842,0.18171434745507573,0.4400172295600804,"果香,氣泡感,いちご,麝香葡萄,華麗,甘甜,鮮味,ワイン,酸味,苦味,鮮爽,水蜜桃,ジュース,多汁,鳳梨,哈密瓜,平衡,ブドウ,清新,穩定","フルーティ,ガス,いちご,マスカット,華やか,甘味,旨味,ワイン,酸味,苦味,フレッシュ,桃,ジュース,ジューシー,パイナップル,メロン,バランス,ブドウ,さわやか,安定",258,https://sakenowa.com/brands/258,2026-09-28T20:22:25.291988+00:00
sn_259,184,惣誉酒造,惣誉,,栃木県,栃木縣,,,,,,,,,,0.2696108538247362,0.6199987867822226,0.3665270587645123,0.44543298908268486,0.29032671488656714,0.3547805771768558,"酸味,鮮味,辛口,哈密瓜,熱燗,香蕉,セメダイン,清爽,常溫,しっかり,甘甜,清新,果香,苦味,醇厚,輕快,冷酒,餘韻,味噌,燗酒","酸味,旨味,辛口,メロン,熱燗,バナナ,セメダイン,スッキリ,常温,しっかり,甘味,さわやか,フルーティ,苦味,コク,軽快,冷酒,余韻,味噌,燗酒",259,https://sakenowa.com/brands/259,2026-09-28T20:22:25.292157+00:00
sn_260,185,高井,堀越二郎,,群馬県,群馬縣,,,,,,,,,,,,,,,,,,260,https://sakenowa.com/brands/260,2026-09-28T20:22:25.292316+00:00
sn_261,185,高井,初しぼり,,群馬県,群馬縣,,,,,,,,,,,,,,,,,,261,https://sakenowa.com/brands/261,2026-09-28T20:22:25.292323+00:00
sn_262,185,高井,いわお,,群馬県,群馬縣,,,,,,,,,,,,,,,,,,262,https://sakenowa.com/brands/262,2026-09-28T20:22:25.292327+00:00
sn_263,185,高井,秋上がり,,群馬県,群馬縣,,,,,,,,,,,,,,,,"渋み,圓潤,甘甜","渋み,まろやか,甘味",263,https://sakenowa.com/brands/263,2026-09-28T20:22:25.292332+00:00
sn_264,185,高井,舞風,,群馬県,群馬縣,,,,,,,,,,,,,,,,"西洋梨,まったり,餘韻,圓潤,清新,果香,鮮味,辛口,清爽","洋梨,まったり,余韻,まろやか,さわやか,フルーティ,旨味,辛口,スッキリ",264,https://sakenowa.com/brands/264,2026-09-28T20:22:25.292339+00:00
sn_2190,185,高井,巌,,群馬県,群馬縣,,,,,,,,,,0.22886255715431988,0.6496890890257849,0.426314556071539,0.3714963464228814,0.3237334133874314,0.3177562878467251,"鮮味,熱燗,辛口,しっかり","旨味,熱燗,辛口,しっかり",2190,https://sakenowa.com/brands/2190,2026-09-28T20:22:25.292344+00:00
sn_3277,185,高井,巖,,群馬県,群馬縣,,,,,,,,,,,,,,,,,,3277,https://sakenowa.com/brands/3277,2026-09-28T20:22:25.292351+00:00
sn_265,186,柳澤酒造,桂川,,群馬県,群馬縣,,,,,,,,,,0.2932659985386397,0.5920675204472965,0.2870508715547899,0.5017432294759676,0.24575447032446066,0.41098828993382586,"甘甜,ふっくら,鮮味,熱燗,酸味","甘味,ふっくら,旨味,熱燗,酸味",265,https://sakenowa.com/brands/265,2026-09-28T20:22:25.292514+00:00
sn_1419,186,柳澤酒造,結人,,群馬県,群馬縣,,,,,,,,,,0.4925273508163773,0.47837861431656115,0.16875014197791455,0.25256255084166407,0.27290960667383013,0.6015202441666355,"氣泡感,鮮爽,苦味,果香,酸味,渋み,多汁,鮮味,鳳梨,プチプチ,甘甜,清新,華麗,ピリリ,爽快,清爽,奶油感,葡萄柚,輕快,平衡","ガス,フレッシュ,苦味,フルーティ,酸味,渋み,ジューシー,旨味,パイナップル,プチプチ,甘味,さわやか,華やか,ピリリ,爽快,スッキリ,クリーミー,グレープフルーツ,軽快,バランス",1419,https://sakenowa.com/brands/1419,2026-09-28T20:22:25.292523+00:00
sn_266,187,浅間酒造,浅間山,,群馬県,群馬縣,,,,,,,,,,0.3617618259920612,0.42508108388550864,0.23390792805143165,0.3220139229623029,0.47010564796846716,0.5559039914759317,"辛口,清新,清爽,酸味,苦味,輕快,柑橘,鮮味,俐落,甘甜,果香,純淨,蘋果,鮮爽,草本,餘韻,圓潤,しっかり,華麗,優格","辛口,さわやか,スッキリ,酸味,苦味,軽快,柑橘,旨味,キレ,甘味,フルーティ,綺麗,リンゴ,フレッシュ,ハーブ,余韻,まろやか,しっかり,華やか,ヨーグルト",266,https://sakenowa.com/brands/266,2026-09-28T20:22:25.292685+00:00
sn_3583,187,浅間酒造,秘幻,,群馬県,群馬縣,,,,,,,,,,0.3895675200387473,0.4437920839847991,0.20797002427998804,0.5253816990172241,0.34507332486667097,0.4614462843360063,"辛口,清爽,甘甜,哈密瓜","辛口,スッキリ,甘味,メロン",3583,https://sakenowa.com/brands/3583,2026-09-28T20:22:25.292691+00:00
sn_3585,187,浅間酒造,草津節,,群馬県,群馬縣,,,,,,,,,,,,,,,,,,3585,https://sakenowa.com/brands/3585,2026-09-28T20:22:25.292697+00:00
sn_267,188,島岡酒造,群馬泉,,群馬県,群馬縣,,,,,,,,,,0.22368243225186807,0.6718256616077247,0.4447780113339857,0.43594941645175966,0.18428554699395538,0.27708466938018234,"熱燗,酸味,鮮味,常溫,哈密瓜,燗酒,しっかり,梨子,冷酒,俐落,鮮爽,濃厚,甘甜,優格,柔らかい,果香,紹興酒,輕快,醇厚,ツン","熱燗,酸味,旨味,常温,メロン,燗酒,しっかり,梨,冷酒,キレ,フレッシュ,濃厚,甘味,ヨーグルト,柔らかい,フルーティ,紹興酒,軽快,コク,ツン",267,https://sakenowa.com/brands/267,2026-09-28T20:22:25.292886+00:00
sn_2634,188,島岡酒造,初しぼり,,群馬県,群馬縣,,,,,,,,,,,,,,,,柳橙,オレンジ,2634,https://sakenowa.com/brands/2634,2026-09-28T20:22:25.292893+00:00
sn_268,189,土田酒造,誉国光,,群馬県,群馬縣,,,,,,,,,,0.18415059058515013,0.5847790697440056,0.37297827746829554,0.5541521890331563,0.269714149084718,0.32431286327638353,"優格,常溫,酸味,辛口,鮮味,複雜,多汁,甘甜,清新,ワイン,ジュース,優しい,清爽","ヨーグルト,常温,酸味,辛口,旨味,複雑,ジューシー,甘味,さわやか,ワイン,ジュース,優しい,スッキリ",268,https://sakenowa.com/brands/268,2026-09-28T20:22:25.293055+00:00
sn_269,189,土田酒造,つぼみ,,群馬県,群馬縣,,,,,,,,,,,,,,,,"みずみずしい,派手,醤油,ちびちび,華麗,多汁,ワイン,鮮爽,濃厚,果香","みずみずしい,派手,醤油,ちびちび,華やか,ジューシー,ワイン,フレッシュ,濃厚,フルーティ",269,https://sakenowa.com/brands/269,2026-09-28T20:22:25.293062+00:00
sn_15162,189,土田酒造,土田,,群馬県,群馬縣,,,,,,,,,,0.17523745729457568,0.6499270607937612,0.5458185436238857,0.4213744952627398,0.12113533442714662,0.23819851414421023,"酸味,常溫,優格,鮮味,濃厚,甘甜,香蕉,紹興酒,醤油,醇厚,しっかり,アミノ酸,苦味,複雜,冷酒,甘酸っぱい,輕快,氣泡感,ワイン,果香","酸味,常温,ヨーグルト,旨味,濃厚,甘味,バナナ,紹興酒,醤油,コク,しっかり,アミノ酸,苦味,複雑,冷酒,甘酸っぱい,軽快,ガス,ワイン,フルーティ",15162,https://sakenowa.com/brands/15162,2026-09-28T20:22:25.293074+00:00
sn_270,190,近藤酒造,赤城山,,群馬県,群馬縣,,,,,,,,,,0.42673076363173784,0.4316818072409283,0.21896567173898354,0.3870499617596149,0.354262846097237,0.5552439736227145,"辛口,梨子,鮮味,水蜜桃,穩定,輕快,甘甜,キリリ,純淨,蘋果,氣泡感,俐落,清爽,清涼,鮮爽,爽快,平衡,さっぱり,酸味,櫻花","辛口,梨,旨味,桃,安定,軽快,甘味,キリリ,綺麗,リンゴ,ガス,キレ,スッキリ,清涼,フレッシュ,爽快,バランス,さっぱり,酸味,桜",270,https://sakenowa.com/brands/270,2026-09-28T20:22:25.293242+00:00
sn_271,191,永井酒造,尾瀬の酒,,群馬県,群馬縣,,,,,,,,,,,,,,,,辛口,辛口,271,https://sakenowa.com/brands/271,2026-09-28T20:22:25.293401+00:00
sn_272,191,永井酒造,水芭蕉,,群馬県,群馬縣,,,,,,,,,,0.5020283107486423,0.48368567366838006,0.21445141365546871,0.30843572656347856,0.27764717973931496,0.5438803008365578,"氣泡感,果香,甘甜,清爽,辛口,鮮味,シャンパン,酸味,水蜜桃,清新,鮮爽,ワイン,西洋梨,華麗,純淨,苦味,平衡,高雅,輕快,柔らかい","ガス,フルーティ,甘味,スッキリ,辛口,旨味,シャンパン,酸味,桃,さわやか,フレッシュ,ワイン,洋梨,華やか,綺麗,苦味,バランス,上品,軽快,柔らかい",272,https://sakenowa.com/brands/272,2026-09-28T20:22:25.293413+00:00
sn_273,191,永井酒造,谷川岳,,群馬県,群馬縣,,,,,,,,,,0.3653686976092226,0.505163482758386,0.23829587122637721,0.3654643773543818,0.4100213927478468,0.5028408243423662,"辛口,清爽,果香,鮮味,甘甜,清新,酸味,苦味,麝香葡萄,俐落,柔らかい,純淨,キリリ,平衡,さっぱり,清涼,鮮爽,餘韻,圓潤,しっかり","辛口,スッキリ,フルーティ,旨味,甘味,さわやか,酸味,苦味,マスカット,キレ,柔らかい,綺麗,キリリ,バランス,さっぱり,清涼,フレッシュ,余韻,まろやか,しっかり",273,https://sakenowa.com/brands/273,2026-09-28T20:22:25.293421+00:00
sn_274,191,永井酒造,武尊の雪,,群馬県,群馬縣,,,,,,,,,,,,,,,,"さっぱり,辛口","さっぱり,辛口",274,https://sakenowa.com/brands/274,2026-09-28T20:22:25.293427+00:00
sn_275,193,牧野酒造,榛名山,,群馬県,群馬縣,,,,,,,,,,,,,,,,,,275,https://sakenowa.com/brands/275,2026-09-28T20:22:25.293587+00:00
sn_276,193,牧野酒造,大盃,,群馬県,群馬縣,,,,,,,,,,0.3811641227649013,0.5358464173143803,0.3073184270543401,0.3310264420188996,0.30031174520972487,0.5228501346795752,"氣泡感,酸味,俐落,鮮味,香蕉,哈密瓜,甘甜,爽快,鮮爽,しっかり,果香,苦味,多汁,辛口,濃厚,優格,蘋果,複雜,セメダイン,甘酸っぱい","ガス,酸味,キレ,旨味,バナナ,メロン,甘味,爽快,フレッシュ,しっかり,フルーティ,苦味,ジューシー,辛口,濃厚,ヨーグルト,リンゴ,複雑,セメダイン,甘酸っぱい",276,https://sakenowa.com/brands/276,2026-09-28T20:22:25.293595+00:00
sn_277,193,牧野酒造,夢二物語,,群馬県,群馬縣,,,,,,,,,,,,,,,,平衡,バランス,277,https://sakenowa.com/brands/277,2026-09-28T20:22:25.293603+00:00
sn_278,194,町田酒造店,若水,,群馬県,群馬縣,,,,,,,,,,,,,,,,,,278,https://sakenowa.com/brands/278,2026-09-28T20:22:25.293767+00:00
sn_279,194,町田酒造店,かかあ天下,,群馬県,群馬縣,,,,,,,,,,,,,,,,"巧克力,圓潤,しっかり,甘甜","チョコレート,まろやか,しっかり,甘味",279,https://sakenowa.com/brands/279,2026-09-28T20:22:25.293773+00:00
sn_280,194,町田酒造店,亭主関白,,群馬県,群馬縣,,,,,,,,,,,,,,,,"辛口,醇厚,冷酒,常溫,清新,清爽,酸味","辛口,コク,冷酒,常温,さわやか,スッキリ,酸味",280,https://sakenowa.com/brands/280,2026-09-28T20:22:25.293791+00:00
sn_281,194,町田酒造店,清りょう,,群馬県,群馬縣,,,,,,,,,,0.5072478500435016,0.4927933592343551,0.14987316713191448,0.2771654550124257,0.22643487896550557,0.5910151551612245,"氣泡感,哈密瓜,鮮爽,西洋梨,優格","ガス,メロン,フレッシュ,洋梨,ヨーグルト",281,https://sakenowa.com/brands/281,2026-09-28T20:22:25.293798+00:00
sn_1160,194,町田酒造店,町田酒造,,群馬県,群馬縣,,,,,,,,,,0.49343783642753775,0.46698924304479816,0.16320568721972134,0.2163589741400843,0.24130969638342314,0.6377793324196748,"氣泡感,果香,鮮爽,苦味,多汁,ラムネ,酸味,甘甜,鮮味,清新,鳳梨,ピチピチ,平衡,ピリリ,蘋果,哈密瓜,俐落,清爽,華麗,麝香葡萄","ガス,フルーティ,フレッシュ,苦味,ジューシー,ラムネ,酸味,甘味,旨味,さわやか,パイナップル,ピチピチ,バランス,ピリリ,リンゴ,メロン,キレ,スッキリ,華やか,マスカット",1160,https://sakenowa.com/brands/1160,2026-09-28T20:22:25.293808+00:00
sn_1224,194,町田酒造店,ころとんのお酒,,群馬県,群馬縣,,,,,,,,,,,,,,,,酸味,酸味,1224,https://sakenowa.com/brands/1224,2026-09-28T20:22:25.293813+00:00
sn_3754,194,町田酒造店,？？？,,群馬県,群馬縣,,,,,,,,,,0.5025916641444793,0.45987499408341515,0.20174042634424552,0.20750118489147823,0.22202817813959502,0.6347158070415045,"氣泡感,苦味,果香,鮮爽,多汁,甘甜,鮮味,酸味,ラムネ,華麗","ガス,苦味,フルーティ,フレッシュ,ジューシー,甘味,旨味,酸味,ラムネ,華やか",3754,https://sakenowa.com/brands/3754,2026-09-28T20:22:25.293820+00:00
sn_282,195,聖徳銘醸,妙義山,,群馬県,群馬縣,,,,,,,,,,,,,,,,,,282,https://sakenowa.com/brands/282,2026-09-28T20:22:25.294005+00:00
sn_283,195,聖徳銘醸,鳳凰聖徳,,群馬県,群馬縣,,,,,,,,,,0.4466437513380173,0.4765618185743943,0.334472436692735,0.33219373672485775,0.3543497517390741,0.4749841642453211,,,283,https://sakenowa.com/brands/283,2026-09-28T20:22:25.294010+00:00
sn_2498,195,聖徳銘醸,湯けむりの里,,群馬県,群馬縣,,,,,,,,,,,,,,,,"蘋果,華麗,さっぱり,鮮味,濃厚,甘甜,辛口,清爽","リンゴ,華やか,さっぱり,旨味,濃厚,甘味,辛口,スッキリ",2498,https://sakenowa.com/brands/2498,2026-09-28T20:22:25.294016+00:00
sn_2818,195,聖徳銘醸,米だけの酒,,群馬県,群馬縣,,,,,,,,,,,,,,,,"さっぱり,圓潤,苦味,鮮味,辛口,甘甜","さっぱり,まろやか,苦味,旨味,辛口,甘味",2818,https://sakenowa.com/brands/2818,2026-09-28T20:22:25.294022+00:00
sn_3067,195,聖徳銘醸,城下町小幡,,群馬県,群馬縣,,,,,,,,,,,,,,,,"濃厚,辛口,果香,鮮味","濃厚,辛口,フルーティ,旨味",3067,https://sakenowa.com/brands/3067,2026-09-28T20:22:25.294029+00:00
sn_284,196,貴娘酒造,貴娘,,群馬県,群馬縣,,,,,,,,,,0.39748558322684757,0.5149427782627446,0.32146582130555806,0.3332716716566076,0.31839983889103474,0.510930922375594,酸味,酸味,284,https://sakenowa.com/brands/284,2026-09-28T20:22:25.294194+00:00
sn_4247,196,貴娘酒造,咲耶美,,群馬県,群馬縣,,,,,,,,,,0.5290885329703573,0.41591621770922704,0.13359127896538472,0.20354976372256303,0.24415943060605233,0.654359274744949,"氣泡感,苦味,果香,鮮爽,酸味,華麗,甘甜,多汁,清新,鮮味,ピチピチ,輕快,哈密瓜,ラムネ,俐落,純淨,清爽,ピリリ,麝香葡萄,平衡","ガス,苦味,フルーティ,フレッシュ,酸味,華やか,甘味,ジューシー,さわやか,旨味,ピチピチ,軽快,メロン,ラムネ,キレ,綺麗,スッキリ,ピリリ,マスカット,バランス",4247,https://sakenowa.com/brands/4247,2026-09-28T20:22:25.294203+00:00
sn_285,197,柴崎酒造,船尾瀧,,群馬県,群馬縣,,,,,,,,,,0.1784037125998131,0.5323659287953545,0.36914062798279484,0.5974388524471594,0.3245442446052302,0.2936523128483282,"清爽,鮮味,香蕉,しっかり,濃厚","スッキリ,旨味,バナナ,しっかり,濃厚",285,https://sakenowa.com/brands/285,2026-09-28T20:22:25.294363+00:00
sn_286,198,大利根酒造,左大臣,,群馬県,群馬縣,,,,,,,,,,0.3747318463131774,0.5194068148924669,0.3112224824224354,0.4305690732426667,0.29044864054292174,0.47242251302252364,"氣泡感,酸味,鮮味,苦味,優しい,甘甜,葡萄柚,蘋果,辛口,ほのか,平衡,しっかり","ガス,酸味,旨味,苦味,優しい,甘味,グレープフルーツ,リンゴ,辛口,ほのか,バランス,しっかり",286,https://sakenowa.com/brands/286,2026-09-28T20:22:25.294525+00:00
sn_4144,198,大利根酒造,尾瀬の雫,,群馬県,群馬縣,,,,,,,,,,,,,,,,"派手,常溫,するする,辛口,清新,鮮味,清爽","派手,常温,するする,辛口,さわやか,旨味,スッキリ",4144,https://sakenowa.com/brands/4144,2026-09-28T20:22:25.294531+00:00
sn_287,199,龍神酒造,尾瀬の雪どけ,,群馬県,群馬縣,,,,,,,,,,0.5250582853880943,0.6382008416324669,0.1893204885596327,0.24475212012825992,0.20065006073348135,0.4254493954829872,"いちご,哈密瓜,果香,水蜜桃,甘甜,酸味,多汁,蘋果,ジュース,甘酸っぱい,華麗,鮮味,鮮爽,純淨,ワイン,苦味,氣泡感,清新,清爽,餘韻","いちご,メロン,フルーティ,桃,甘味,酸味,ジューシー,リンゴ,ジュース,甘酸っぱい,華やか,旨味,フレッシュ,綺麗,ワイン,苦味,ガス,さわやか,スッキリ,余韻",287,https://sakenowa.com/brands/287,2026-09-28T20:22:25.294698+00:00
sn_1223,199,龍神酒造,龍神,,群馬県,群馬縣,,,,,,,,,,0.49542799282472666,0.6533573248488986,0.1798135357140812,0.28768690320609447,0.20514481308501586,0.4129094982607633,"哈密瓜,果香,甘甜,多汁,酸味,鮮味,鮮爽,俐落,スイスイ,華麗,西洋梨,蘋果,香蕉,清爽,ワイン,餘韻,苦味,平衡,清新,柔らかい","メロン,フルーティ,甘味,ジューシー,酸味,旨味,フレッシュ,キレ,スイスイ,華やか,洋梨,リンゴ,バナナ,スッキリ,ワイン,余韻,苦味,バランス,さわやか,柔らかい",1223,https://sakenowa.com/brands/1223,2026-09-28T20:22:25.294707+00:00
sn_288,200,分福酒造,分福,,群馬県,群馬縣,,,,,,,,,,0.3813989965893404,0.5879063491719426,0.4698464290853095,0.3373483125427121,0.24547368428157637,0.33776330385280007,"鮮味,鮮爽,ワイン,紹興酒,苦味,哈密瓜,辛口,華麗,梨子,巧克力,濃厚,堅果,酸味","旨味,フレッシュ,ワイン,紹興酒,苦味,メロン,辛口,華やか,梨,チョコレート,濃厚,ナッツ,酸味",288,https://sakenowa.com/brands/288,2026-09-28T20:22:25.294884+00:00
sn_1998,200,分福酒造,遊,,群馬県,群馬縣,,,,,,,,,,,,,,,,,,1998,https://sakenowa.com/brands/1998,2026-09-28T20:22:25.294889+00:00
sn_289,202,神亀酒造,小鳥のさえずり,,埼玉県,埼玉縣,,,,,,,,,,,,,,,,燗酒,燗酒,289,https://sakenowa.com/brands/289,2026-09-28T20:22:25.295049+00:00
sn_290,202,神亀酒造,神亀,,埼玉県,埼玉縣,,,,,,,,,,0.14659486128285412,0.6400057966458575,0.5297012106857475,0.4118542931290918,0.22105069700962204,0.26425704320965937,"熱燗,鮮味,常溫,氣泡感,辛口,燗酒,冷酒,しっかり,甘甜,濃厚,酸味,醇厚,柳橙,圓潤,俐落,苦味,どっしり,カラメル,鮮爽,柔らかい","熱燗,旨味,常温,ガス,辛口,燗酒,冷酒,しっかり,甘味,濃厚,酸味,コク,オレンジ,まろやか,キレ,苦味,どっしり,カラメル,フレッシュ,柔らかい",290,https://sakenowa.com/brands/290,2026-09-28T20:22:25.295057+00:00
sn_291,202,神亀酒造,ひこ孫,,埼玉県,埼玉縣,,,,,,,,,,0.08356845026299564,0.7173803669322439,0.5115543324318631,0.4048465621742839,0.17873123770625918,0.14438938324767486,"熱燗,鮮味,燗酒,常溫,燗冷まし,濃厚,餘韻,カラメル,苦味,辛口,紹興酒,しっかり,冷酒,酸味,圓潤","熱燗,旨味,燗酒,常温,燗冷まし,濃厚,余韻,カラメル,苦味,辛口,紹興酒,しっかり,冷酒,酸味,まろやか",291,https://sakenowa.com/brands/291,2026-09-28T20:22:25.295064+00:00
sn_2835,202,神亀酒造,仙亀,,埼玉県,埼玉縣,,,,,,,,,,,,,,,,氣泡感,ガス,2835,https://sakenowa.com/brands/2835,2026-09-28T20:22:25.295069+00:00
sn_293,205,小山本家酒造,米一途,,埼玉県,埼玉縣,,,,,,,,,,,,,,,,,,293,https://sakenowa.com/brands/293,2026-09-28T20:22:25.295230+00:00
sn_316,205,小山本家酒造,丸眞正宗,,埼玉県,埼玉縣,,,,,,,,,,,,,,,,,,316,https://sakenowa.com/brands/316,2026-09-28T20:22:25.295235+00:00
sn_2335,205,小山本家酒造,米だけのやさしい思いやり,,埼玉県,埼玉縣,,,,,,,,,,,,,,,,"常溫,熱燗,冷酒,辛口,苦味,鮮味,清爽,甘甜","常温,熱燗,冷酒,辛口,苦味,旨味,スッキリ,甘味",2335,https://sakenowa.com/brands/2335,2026-09-28T20:22:25.295241+00:00
sn_2523,205,小山本家酒造,飲人不知,,埼玉県,埼玉縣,,,,,,,,,,,,,,,,,,2523,https://sakenowa.com/brands/2523,2026-09-28T20:22:25.295245+00:00
sn_2525,205,小山本家酒造,通の酒,,埼玉県,埼玉縣,,,,,,,,,,,,,,,,,,2525,https://sakenowa.com/brands/2525,2026-09-28T20:22:25.295249+00:00
sn_2869,205,小山本家酒造,極上ノ辛口 清酒 上撰15度,,埼玉県,埼玉縣,,,,,,,,,,,,,,,,"優格,ほのか,苦味,酸味,清爽,甘甜","ヨーグルト,ほのか,苦味,酸味,スッキリ,甘味",2869,https://sakenowa.com/brands/2869,2026-09-28T20:22:25.295258+00:00
sn_3147,205,小山本家酒造,金紋,,埼玉県,埼玉縣,,,,,,,,,,0.256876501585519,0.5043081191513396,0.37626635741916686,0.6237287379604991,0.306853607229197,0.23433893688068083,,,3147,https://sakenowa.com/brands/3147,2026-09-28T20:22:25.295264+00:00
sn_4024,205,小山本家酒造,天狗のどぶろく,,埼玉県,埼玉縣,,,,,,,,,,,,,,,,,,4024,https://sakenowa.com/brands/4024,2026-09-28T20:22:25.295268+00:00
sn_122586,205,小山本家酒造,武蔵男山,,埼玉県,埼玉縣,,,,,,,,,,,,,,,,"辛口,甘甜","辛口,甘味",122586,https://sakenowa.com/brands/122586,2026-09-28T20:22:25.295273+00:00
sn_124178,205,小山本家酒造,世かい鷹,,埼玉県,埼玉縣,,,,,,,,,,,,,,,,"ずっしり,芳醇,果香,鮮味,甘甜","ずっしり,芳醇,フルーティ,旨味,甘味",124178,https://sakenowa.com/brands/124178,2026-09-28T20:22:25.295281+00:00
sn_294,206,滝澤酒造,菊泉,,埼玉県,埼玉縣,,,,,,,,,,0.36833378836305164,0.5544809041500007,0.34075412282271617,0.3610995312305385,0.25444348935683997,0.49561417890476345,"氣泡感,香蕉,シャンパン","ガス,バナナ,シャンパン",294,https://sakenowa.com/brands/294,2026-09-28T20:22:25.295441+00:00
sn_295,207,権田酒造,直実,,埼玉県,埼玉縣,,,,,,,,,,0.2592236543075239,0.5831451637981495,0.46135643253191777,0.4426571933128922,0.23867701587337714,0.3563466689192382,"甘甜,熱燗,鮮味","甘味,熱燗,旨味",295,https://sakenowa.com/brands/295,2026-09-28T20:22:25.295634+00:00
sn_296,208,秩父菊水酒造,秩父小次郎,,埼玉県,埼玉縣,,,,,,,,,,,,,,,,,,296,https://sakenowa.com/brands/296,2026-09-28T20:22:25.295800+00:00
sn_297,211,武甲酒造,あの花,,埼玉県,埼玉縣,,,,,,,,,,,,,,,,"ずっしり,どっしり","ずっしり,どっしり",297,https://sakenowa.com/brands/297,2026-09-28T20:22:25.295973+00:00
sn_299,211,武甲酒造,武甲正宗,,埼玉県,埼玉縣,,,,,,,,,,0.3146127748204391,0.5735041876870605,0.3715033301017987,0.352836692836252,0.35953683142882514,0.4246605225152907,"辛口,櫻花,濃厚,どっしり,清爽,昔ながら,鮮味,清新,常溫,芳醇,鮮爽,力道強勁,醇厚,冷酒,果香","辛口,桜,濃厚,どっしり,スッキリ,昔ながら,旨味,さわやか,常温,芳醇,フレッシュ,力強い,コク,冷酒,フルーティ",299,https://sakenowa.com/brands/299,2026-09-28T20:22:25.295981+00:00
sn_300,213,横田酒造,日本橋,,埼玉県,埼玉縣,,,,,,,,,,,,,,,,,,300,https://sakenowa.com/brands/300,2026-09-28T20:22:25.296140+00:00
sn_301,214,佐藤酒造店,越生梅林,,埼玉県,埼玉縣,,,,,,,,,,0.2992334091754372,0.6075493458018855,0.2810162491578063,0.44529747769229955,0.34765482161699157,0.3784432696264495,"辛口,餘韻,甘甜,鮮味,苦味,甘酸っぱい,酸味,鳳梨,清爽","辛口,余韻,甘味,旨味,苦味,甘酸っぱい,酸味,パイナップル,スッキリ",301,https://sakenowa.com/brands/301,2026-09-28T20:22:25.296305+00:00
sn_302,215,旭鶴,勘三郎,,千葉県,千葉縣,,,,,,,,,,,,,,,,,,302,https://sakenowa.com/brands/302,2026-09-28T20:22:25.296464+00:00
sn_1863,215,旭鶴,くらのおり酒,,千葉県,千葉縣,,,,,,,,,,,,,,,,"氣泡感,さっぱり,辛口","ガス,さっぱり,辛口",1863,https://sakenowa.com/brands/1863,2026-09-28T20:22:25.296470+00:00
sn_3917,215,旭鶴,拾壱萬石,,千葉県,千葉縣,,,,,,,,,,,,,,,,"ブドウ,柔らかい,餘韻,苦味,果香,しっかり,酸味","ブドウ,柔らかい,余韻,苦味,フルーティ,しっかり,酸味",3917,https://sakenowa.com/brands/3917,2026-09-28T20:22:25.296478+00:00
sn_303,216,梅一輪酒造,梅一輪,,千葉県,千葉縣,,,,,,,,,,0.22006815950790182,0.4738399796519754,0.2586473049824071,0.5060845746849931,0.4522628958409168,0.44663623542101416,"辛口,清爽,冷酒,鮮味,ほのか,熱燗","辛口,スッキリ,冷酒,旨味,ほのか,熱燗",303,https://sakenowa.com/brands/303,2026-09-28T20:22:25.296638+00:00
sn_304,217,和蔵酒造,鹿野山,,千葉県,千葉縣,,,,,,,,,,,,,,,,,,304,https://sakenowa.com/brands/304,2026-09-28T20:22:25.296806+00:00
sn_2438,217,和蔵酒造,竹岡,,千葉県,千葉縣,,,,,,,,,,0.39011480231174095,0.5887913683851401,0.2658916229355374,0.45839279653711884,0.23216181908117642,0.40793840739617804,"鮮味,多汁","旨味,ジューシー",2438,https://sakenowa.com/brands/2438,2026-09-28T20:22:25.296811+00:00
sn_2778,217,和蔵酒造,聖泉,,千葉県,千葉縣,,,,,,,,,,0.22210654254775616,0.5277521017547385,0.37748733202676304,0.5309129887128461,0.3411713512782709,0.36246823928891525,"鮮味,ちびちび,酸味,辛口,氣泡感,しっかり","旨味,ちびちび,酸味,辛口,ガス,しっかり",2778,https://sakenowa.com/brands/2778,2026-09-28T20:22:25.296817+00:00
sn_4125,217,和蔵酒造,APPLE PRINCESS,,千葉県,千葉縣,,,,,,,,,,,,,,,,"水蜜桃,心地よい,甘酸っぱい,ワイン,高雅,キリリ,清新,酸味,果香","桃,心地よい,甘酸っぱい,ワイン,上品,キリリ,さわやか,酸味,フルーティ",4125,https://sakenowa.com/brands/4125,2026-09-28T20:22:25.296824+00:00
sn_305,218,寺田本家,五人娘,,千葉県,千葉縣,,,,,,,,,,0.23952314858795345,0.6543821675842666,0.45805152875803473,0.39915837965241446,0.15068723779274457,0.3500962458529213,"酸味,優格,氣泡感,鮮味,いちご,甘甜,常溫,起司,甘酸っぱい,醇厚,しっかり,熱燗,清新,ワイン,冷酒,蜂蜜,鮮爽,さっぱり,苦味,柑橘","酸味,ヨーグルト,ガス,旨味,いちご,甘味,常温,チーズ,甘酸っぱい,コク,しっかり,熱燗,さわやか,ワイン,冷酒,ハチミツ,フレッシュ,さっぱり,苦味,柑橘",305,https://sakenowa.com/brands/305,2026-09-28T20:22:25.297000+00:00
sn_1573,218,寺田本家,香取,,千葉県,千葉縣,,,,,,,,,,0.093788151752709,0.657281708923622,0.5972757911733001,0.3974876730232123,0.11434208955801015,0.17713159891352545,"酸味,常溫,優格,鮮味,複雜,紹興酒,熱燗,濃厚,醇厚,カラメル,穀物,餘韻,冷酒,甘甜,ふくよか,渋み,起司,しっかり,香ばしい,さっぱり","酸味,常温,ヨーグルト,旨味,複雑,紹興酒,熱燗,濃厚,コク,カラメル,穀物,余韻,冷酒,甘味,ふくよか,渋み,チーズ,しっかり,香ばしい,さっぱり",1573,https://sakenowa.com/brands/1573,2026-09-28T20:22:25.297011+00:00
sn_2779,218,寺田本家,醍醐のしずく,,千葉県,千葉縣,,,,,,,,,,0.462053686480311,0.5433899139226865,0.36187309718465127,0.1808690826043609,0.11902453999800981,0.5598224608098149,"氣泡感,プラム,甘酸っぱい,酸味,優格,ジュース,葡萄柚,起司,檸檬,甘甜,柑橘,ワイン,複雜,巧克力","ガス,プラム,甘酸っぱい,酸味,ヨーグルト,ジュース,グレープフルーツ,チーズ,レモン,甘味,柑橘,ワイン,複雑,チョコレート",2779,https://sakenowa.com/brands/2779,2026-09-28T20:22:25.297019+00:00
sn_3511,218,寺田本家,酒宴楽園 パラダイ酒,,千葉県,千葉縣,,,,,,,,,,,,,,,,"レーズン,氣泡感,輕快,ほのか,さっぱり,苦味,果香,酸味,甘甜","レーズン,ガス,軽快,ほのか,さっぱり,苦味,フルーティ,酸味,甘味",3511,https://sakenowa.com/brands/3511,2026-09-28T20:22:25.297025+00:00
sn_3513,218,寺田本家,木桶仕込,,千葉県,千葉縣,,,,,,,,,,,,,,,,,,3513,https://sakenowa.com/brands/3513,2026-09-28T20:22:25.297030+00:00
sn_306,219,宮崎酒造店,峰の精,,千葉県,千葉縣,,,,,,,,,,,,,,,,,,306,https://sakenowa.com/brands/306,2026-09-28T20:22:25.297188+00:00
sn_307,220,吉野酒造,腰古井,,千葉県,千葉縣,,,,,,,,,,0.2311099775777045,0.5222302051072073,0.3139197727232666,0.5544887818898778,0.38107007702539575,0.3502084444801812,"辛口,昔ながら,巧克力,ふくよか,清爽","辛口,昔ながら,チョコレート,ふくよか,スッキリ",307,https://sakenowa.com/brands/307,2026-09-28T20:22:25.297347+00:00
sn_308,221,岩瀬酒造,岩の井,,千葉県,千葉縣,,,,,,,,,,0.2560622997079138,0.59670217269641,0.4657128679409833,0.3466531827653272,0.285679128183495,0.39963626837519317,"鮮味,氣泡感,酸味,苦味,甘甜,醇厚,辛口,鮮爽,冷酒,硬い,清爽,しっかり,餘韻,力道強勁,レーズン,俐落,多汁,銳利,果香,平衡","旨味,ガス,酸味,苦味,甘味,コク,辛口,フレッシュ,冷酒,硬い,スッキリ,しっかり,余韻,力強い,レーズン,キレ,ジューシー,シャープ,フルーティ,バランス",308,https://sakenowa.com/brands/308,2026-09-28T20:22:25.297526+00:00
sn_309,222,藤平酒造,福祝,,千葉県,千葉縣,,,,,,,,,,0.38259165097119613,0.5179353324999472,0.2699640264823875,0.34039734087924073,0.3756303019618749,0.5054874587278037,"鮮味,酸味,鮮爽,氣泡感,苦味,辛口,果香,梨子,甘甜,清爽,清新,哈密瓜,しっかり,平衡,俐落,ピリリ,輕快,柑橘,純淨,ほのか","旨味,酸味,フレッシュ,ガス,苦味,辛口,フルーティ,梨,甘味,スッキリ,さわやか,メロン,しっかり,バランス,キレ,ピリリ,軽快,柑橘,綺麗,ほのか",309,https://sakenowa.com/brands/309,2026-09-28T20:22:25.297689+00:00
sn_1832,222,藤平酒造,東鏡,,千葉県,千葉縣,,,,,,,,,,,,,,,,"辛口,清爽","辛口,スッキリ",1832,https://sakenowa.com/brands/1832,2026-09-28T20:22:25.297694+00:00
sn_310,223,木戸泉酒造,木戸泉,,千葉県,千葉縣,,,,,,,,,,0.20851908003470812,0.6166027819571361,0.5925335623996103,0.3771279567859507,0.12978763169552382,0.2572050832381578,"酸味,紹興酒,濃厚,熱燗,鮮味,優格,円やか,起司,甘甜,しっかり,ワイン,氣泡感,醇厚,常溫,甘酸っぱい,堅果,煙燻,圓潤,苦味,カラメル","酸味,紹興酒,濃厚,熱燗,旨味,ヨーグルト,円やか,チーズ,甘味,しっかり,ワイン,ガス,コク,常温,甘酸っぱい,ナッツ,スモーキー,まろやか,苦味,カラメル",310,https://sakenowa.com/brands/310,2026-09-28T20:22:25.297872+00:00
sn_1692,223,木戸泉酒造,afs,,千葉県,千葉縣,,,,,,,,,,0.26127926674623475,0.563098282356104,0.7030287727733834,0.24707213332624423,0.08249597826232073,0.22924613046476303,"酸味,紹興酒,ワイン,優格,カラメル,辛香料,ヤクルト,甘甜,檸檬,濃厚,葡萄柚,堅果,起司,甘酸っぱい,渋み","酸味,紹興酒,ワイン,ヨーグルト,カラメル,スパイス,ヤクルト,甘味,レモン,濃厚,グレープフルーツ,ナッツ,チーズ,甘酸っぱい,渋み",1692,https://sakenowa.com/brands/1692,2026-09-28T20:22:25.297881+00:00
sn_2701,223,木戸泉酒造,白玉香,,千葉県,千葉縣,,,,,,,,,,,,,,,,,,2701,https://sakenowa.com/brands/2701,2026-09-28T20:22:25.297888+00:00
sn_311,224,鍋店,仁勇,,千葉県,千葉縣,,,,,,,,,,0.31942597571145515,0.552476271632519,0.32651547653141305,0.43741401525602225,0.33378135957379984,0.4282331633210468,"辛口,鮮味,甘甜,酸味,清爽,氣泡感,果香,ほのか,平衡,しっかり,華麗,清新,醇厚,苦味,俐落,冷酒,濃厚,哈密瓜,アミノ酸,どっしり","辛口,旨味,甘味,酸味,スッキリ,ガス,フルーティ,ほのか,バランス,しっかり,華やか,さわやか,コク,苦味,キレ,冷酒,濃厚,メロン,アミノ酸,どっしり",311,https://sakenowa.com/brands/311,2026-09-28T20:22:25.298051+00:00
sn_312,224,鍋店,不動,,千葉県,千葉縣,,,,,,,,,,0.40706057688098507,0.5345353052026507,0.28441238221603504,0.2938552393932971,0.3172448377592554,0.5298000587765546,"氣泡感,鮮味,酸味,苦味,果香,甘甜,辛口,鮮爽,清新,しっかり,俐落,多汁,華麗,平衡,濃厚,清爽,餘韻,いちご,ピチピチ,哈密瓜","ガス,旨味,酸味,苦味,フルーティ,甘味,辛口,フレッシュ,さわやか,しっかり,キレ,ジューシー,華やか,バランス,濃厚,スッキリ,余韻,いちご,ピチピチ,メロン",312,https://sakenowa.com/brands/312,2026-09-28T20:22:25.298060+00:00
sn_1762,224,鍋店,八千代桜,,千葉県,千葉縣,,,,,,,,,,,,,,,,,,1762,https://sakenowa.com/brands/1762,2026-09-28T20:22:25.298066+00:00
sn_2321,224,鍋店,つぐみ~継ぐ味~,,千葉県,千葉縣,,,,,,,,,,,,,,,,,,2321,https://sakenowa.com/brands/2321,2026-09-28T20:22:25.298071+00:00
sn_313,225,田村酒造場,田むら,,東京都,東京都,,,,,,,,,,0.18582204974760375,0.5457242578690031,0.5277685324301147,0.5461517384840566,0.24183564918636835,0.17985931644187375,醇厚,コク,313,https://sakenowa.com/brands/313,2026-09-28T20:22:25.298232+00:00
sn_314,225,田村酒造場,嘉泉,,東京都,東京都,,,,,,,,,,0.21697206129031885,0.5937318287048478,0.5023270984082434,0.423835195857499,0.28472454994886065,0.2955821101078964,"醇厚,辛口,堅果,しっかり,常溫,鮮味,清爽,甘甜,辛香,冷酒,柔らかい,昔ながら,プルーン,ツン,荒々しい,酸味,ふくよか,華麗,俐落,餘韻","コク,辛口,ナッツ,しっかり,常温,旨味,スッキリ,甘味,スパイシー,冷酒,柔らかい,昔ながら,プルーン,ツン,荒々しい,酸味,ふくよか,華やか,キレ,余韻",314,https://sakenowa.com/brands/314,2026-09-28T20:22:25.298241+00:00
sn_3729,226,小山酒造（廃業）,吟の舞,,東京都,東京都,,,,,,,,,,,,,,,,"華麗,純淨,鮮味,甘甜","華やか,綺麗,旨味,甘味",3729,https://sakenowa.com/brands/3729,2026-09-28T20:22:25.298401+00:00
sn_317,228,石川酒造,多満自慢,,東京都,東京都,,,,,,,,,,0.3540778375678031,0.5717766529700653,0.3382708730396325,0.40977695871394754,0.2888348403187223,0.42653304636319644,"酸味,甘甜,鮮爽,鮮味,哈密瓜,果香,清新,濃厚,苦味,氣泡感,蘋果,清爽,辛口,しっかり,控えめ,平衡,さらり,華麗,醇厚,餘韻","酸味,甘味,フレッシュ,旨味,メロン,フルーティ,さわやか,濃厚,苦味,ガス,リンゴ,スッキリ,辛口,しっかり,控えめ,バランス,さらり,華やか,コク,余韻",317,https://sakenowa.com/brands/317,2026-09-28T20:22:25.298564+00:00
sn_318,228,石川酒造,たまの慶,,東京都,東京都,,,,,,,,,,,,,,,,"櫻花,グイグイ,あっさり,高雅,キリリ,華麗,辛口,しっかり,酸味","桜,グイグイ,あっさり,上品,キリリ,華やか,辛口,しっかり,酸味",318,https://sakenowa.com/brands/318,2026-09-28T20:22:25.298570+00:00
sn_1581,228,石川酒造,ささにごり,,東京都,東京都,,,,,,,,,,,,,,,,"輕快,ほのか,しっかり,酸味","軽快,ほのか,しっかり,酸味",1581,https://sakenowa.com/brands/1581,2026-09-28T20:22:25.298578+00:00
sn_1969,228,石川酒造,紅龍,,東京都,東京都,,,,,,,,,,,,,,,,"さっぱり,辛口","さっぱり,辛口",1969,https://sakenowa.com/brands/1969,2026-09-28T20:22:25.298583+00:00
sn_2511,228,石川酒造,かめぐち,,東京都,東京都,,,,,,,,,,,,,,,,"飴,ツン,鮮爽,穩重,果香,甘甜,清爽","飴,ツン,フレッシュ,穏やか,フルーティ,甘味,スッキリ",2511,https://sakenowa.com/brands/2511,2026-09-28T20:22:25.298589+00:00
sn_3449,228,石川酒造,酒は楽しく,,東京都,東京都,,,,,,,,,,,,,,,,,,3449,https://sakenowa.com/brands/3449,2026-09-28T20:22:25.298593+00:00
sn_320,229,小澤酒造,澤乃井,,東京都,東京都,,,,,,,,,,0.31352461052806646,0.5084068098643332,0.303747518036857,0.41290528384074093,0.41004262966998956,0.4607999001659639,"辛口,鮮味,清新,清爽,酸味,果香,鮮爽,甘甜,しっかり,平衡,常溫,さっぱり,苦味,冷酒,華麗,俐落,醇厚,濃厚,キリリ,圓潤","辛口,旨味,さわやか,スッキリ,酸味,フルーティ,フレッシュ,甘味,しっかり,バランス,常温,さっぱり,苦味,冷酒,華やか,キレ,コク,濃厚,キリリ,まろやか",320,https://sakenowa.com/brands/320,2026-09-28T20:22:25.298757+00:00
sn_321,229,小澤酒造,蒼天,,東京都,東京都,,,,,,,,,,0.35665519236155235,0.6427508244921166,0.3029425824807875,0.3214100423587456,0.2877770742573329,0.4263498367525879,"果香,鮮味,甘酸っぱい,清新","フルーティ,旨味,甘酸っぱい,さわやか",321,https://sakenowa.com/brands/321,2026-09-28T20:22:25.298762+00:00
sn_3180,229,小澤酒造,さわ音,,東京都,東京都,,,,,,,,,,,,,,,,,,3180,https://sakenowa.com/brands/3180,2026-09-28T20:22:25.298769+00:00
sn_323,231,泉橋酒造,いづみ橋,,神奈川県,神奈川縣,,,,,,,,,,0.3261768005967532,0.5280035475346377,0.35663133397053637,0.3786813729900145,0.33813545817815,0.4794787480658028,"酸味,鮮味,鮮爽,辛口,氣泡感,苦味,しっかり,甘甜,清新,清爽,俐落,さっぱり,果香,濃厚,平衡,優格,常溫,哈密瓜,熱燗,優しい","酸味,旨味,フレッシュ,辛口,ガス,苦味,しっかり,甘味,さわやか,スッキリ,キレ,さっぱり,フルーティ,濃厚,バランス,ヨーグルト,常温,メロン,熱燗,優しい",323,https://sakenowa.com/brands/323,2026-09-28T20:22:25.299104+00:00
sn_1677,231,泉橋酒造,泉橋,,神奈川県,神奈川縣,,,,,,,,,,0.3020123986847014,0.4637653071624567,0.3719923828706368,0.42532027637249,0.3232080885196514,0.5195874440566793,"酸味,氣泡感,苦味,清新,辛口,鮮味,甘甜,鮮爽,しっかり,清爽,さっぱり,優格,穩重,複雜,起司,控えめ,果香,冷酒,濃厚,俐落","酸味,ガス,苦味,さわやか,辛口,旨味,甘味,フレッシュ,しっかり,スッキリ,さっぱり,ヨーグルト,穏やか,複雑,チーズ,控えめ,フルーティ,冷酒,濃厚,キレ",1677,https://sakenowa.com/brands/1677,2026-09-28T20:22:25.299113+00:00
sn_1909,231,泉橋酒造,夏ヤゴ,,神奈川県,神奈川縣,,,,,,,,,,0.3133150626300133,0.43880344099132973,0.34501479475972097,0.32599207685187687,0.3517644360719983,0.6002007584508504,"清新,氣泡感,酸味,鮮味,しっかり,辛口,輕快,清爽,優格,さっぱり,甘甜,苦味,濃厚","さわやか,ガス,酸味,旨味,しっかり,辛口,軽快,スッキリ,ヨーグルト,さっぱり,甘味,苦味,濃厚",1909,https://sakenowa.com/brands/1909,2026-09-28T20:22:25.299123+00:00
sn_2867,231,泉橋酒造,黒とんぼ,,神奈川県,神奈川縣,,,,,,,,,,,,,,,,熱燗,熱燗,2867,https://sakenowa.com/brands/2867,2026-09-28T20:22:25.299127+00:00
sn_3278,231,泉橋酒造,をぐり,,神奈川県,神奈川縣,,,,,,,,,,,,,,,,,,3278,https://sakenowa.com/brands/3278,2026-09-28T20:22:25.299137+00:00
sn_324,232,久保田酒造,相模灘,,神奈川県,神奈川縣,,,,,,,,,,0.27066946456925023,0.5210509304347277,0.31725103851348746,0.38241955295904095,0.4573316688702203,0.44631690262413326,"辛口,鮮味,氣泡感,鮮爽,俐落,苦味,平衡,甘甜,酸味,清爽,しっかり,果香,控えめ,キリリ,餘韻,輕快,優しい,ほのか,柔らかい,渋み","辛口,旨味,ガス,フレッシュ,キレ,苦味,バランス,甘味,酸味,スッキリ,しっかり,フルーティ,控えめ,キリリ,余韻,軽快,優しい,ほのか,柔らかい,渋み",324,https://sakenowa.com/brands/324,2026-09-28T20:22:25.299304+00:00
sn_325,233,金井酒造店,白笹鼓,,神奈川県,神奈川縣,,,,,,,,,,0.24026507103659056,0.5521924028856371,0.440978517773279,0.5358786431398306,0.190892530318207,0.345381404237369,"酸味,鮮味,カラメル","酸味,旨味,カラメル",325,https://sakenowa.com/brands/325,2026-09-28T20:22:25.299465+00:00
sn_326,235,大矢孝酒造,昇龍蓬莱,,神奈川県,神奈川縣,,,,,,,,,,0.20673751122871448,0.585584066017631,0.44162829626238065,0.39939388714244844,0.35200980868162646,0.3686312093716062,"辛口,酸味,鮮味,常溫,氣泡感,鮮爽,ツン,しっかり,苦味,穀物,果香,冷酒,優格,甘甜,濃厚,薄い,紹興酒,清爽,清新,熱燗","辛口,酸味,旨味,常温,ガス,フレッシュ,ツン,しっかり,苦味,穀物,フルーティ,冷酒,ヨーグルト,甘味,濃厚,薄い,紹興酒,スッキリ,さわやか,熱燗",326,https://sakenowa.com/brands/326,2026-09-28T20:22:25.299633+00:00
sn_1584,235,大矢孝酒造,残草蓬莱,,神奈川県,神奈川縣,,,,,,,,,,0.4247082468375607,0.4533940985023757,0.23902448915930138,0.25230394630325165,0.5011752391553531,0.4920265119187169,"蘋果,酸味,氣泡感,清新,果香,甘甜,鮮味,鮮爽,輕快,哈密瓜,辛口,多汁,甘酸っぱい,苦味,さっぱり,しっかり,清爽,控えめ,ピリリ,柑橘","リンゴ,酸味,ガス,さわやか,フルーティ,甘味,旨味,フレッシュ,軽快,メロン,辛口,ジューシー,甘酸っぱい,苦味,さっぱり,しっかり,スッキリ,控えめ,ピリリ,柑橘",1584,https://sakenowa.com/brands/1584,2026-09-28T20:22:25.299641+00:00
sn_3584,235,大矢孝酒造,俊也,,神奈川県,神奈川縣,,,,,,,,,,,,,,,,"複雜,醇厚,純淨,常溫,酸味,濃厚,甘甜","複雑,コク,綺麗,常温,酸味,濃厚,甘味",3584,https://sakenowa.com/brands/3584,2026-09-28T20:22:25.299647+00:00
sn_327,237,川西屋酒造店,丹沢山,,神奈川県,神奈川縣,,,,,,,,,,0.15213691914430477,0.6478363126188089,0.4882364945166488,0.4330469231395453,0.2510971611741809,0.26116694530027823,"熱燗,鮮味,燗酒,常溫,辛口,酸味,清爽,堅果,しっかり,燗冷まし,俐落,辛香料,清新,ふっくら,冷酒,濃厚,ふくよか,果香,するする,圓潤","熱燗,旨味,燗酒,常温,辛口,酸味,スッキリ,ナッツ,しっかり,燗冷まし,キレ,スパイス,さわやか,ふっくら,冷酒,濃厚,ふくよか,フルーティ,するする,まろやか",327,https://sakenowa.com/brands/327,2026-09-28T20:22:25.299811+00:00
sn_1527,237,川西屋酒造店,隆,,神奈川県,神奈川縣,,,,,,,,,,0.32534787692227174,0.5718698976124574,0.4115984849295183,0.36811347844708164,0.3065796191265251,0.41012396968774895,"櫻花,鮮味,辛口,酸味,しっかり,鮮爽,苦味,清爽,焦糖,俐落,甘甜,清新,平衡,常溫,堅果,冷酒,熱燗,濃厚,華麗,控えめ","桜,旨味,辛口,酸味,しっかり,フレッシュ,苦味,スッキリ,キャラメル,キレ,甘味,さわやか,バランス,常温,ナッツ,冷酒,熱燗,濃厚,華やか,控えめ",1527,https://sakenowa.com/brands/1527,2026-09-28T20:22:25.299820+00:00
sn_2149,237,川西屋酒造店,丹澤山,,神奈川県,神奈川縣,,,,,,,,,,0.14051072376355275,0.5462564854619532,0.5179346124496669,0.5021405567651986,0.2371201366107208,0.32439671374731954,"鮮味,常溫,ラム,しっかり,酸味,燗酒,熱燗,辛口,清爽","旨味,常温,ラム,しっかり,酸味,燗酒,熱燗,辛口,スッキリ",2149,https://sakenowa.com/brands/2149,2026-09-28T20:22:25.299829+00:00
sn_3557,237,川西屋酒造店,報徳娘,,神奈川県,神奈川縣,,,,,,,,,,,,,,,,"熱燗,穩重,ほのか,さっぱり,平衡,圓潤,辛口,清爽,甘甜","熱燗,穏やか,ほのか,さっぱり,バランス,まろやか,辛口,スッキリ,甘味",3557,https://sakenowa.com/brands/3557,2026-09-28T20:22:25.299835+00:00
sn_3749,237,川西屋酒造店,陸 純米大吟醸 阿波山田錦,,神奈川県,神奈川縣,,,,,,,,,,,,,,,,,,3749,https://sakenowa.com/brands/3749,2026-09-28T20:22:25.299840+00:00
sn_328,238,中川酒造,越乃白雁,,新潟県,新潟縣,,,,,,,,,,0.29804267256398337,0.5428531347740617,0.3163097575096625,0.5222418418749438,0.317063039231972,0.37836974568419496,"鮮味,辛口,甘甜,穩定,圓潤,渋み,しっかり","旨味,辛口,甘味,安定,まろやか,渋み,しっかり",328,https://sakenowa.com/brands/328,2026-09-28T20:22:25.300013+00:00
sn_329,239,下越酒造,ほまれ麒麟,,新潟県,新潟縣,,,,,,,,,,0.17431130274854176,0.5022483303901605,0.4322650254743315,0.41128167200093974,0.4753217572680273,0.36800237152744536,辛口,辛口,329,https://sakenowa.com/brands/329,2026-09-28T20:22:25.300176+00:00
sn_330,239,下越酒造,麒麟,,新潟県,新潟縣,,,,,,,,,,0.2180272330831975,0.5881031598741326,0.30201228901345234,0.5367843444276473,0.31829443069851215,0.35487828790825066,"柳橙,辛口,鮮味","オレンジ,辛口,旨味",330,https://sakenowa.com/brands/330,2026-09-28T20:22:25.300184+00:00
sn_1855,239,下越酒造,丸にぼーいち,,新潟県,新潟縣,,,,,,,,,,,,,,,,,,1855,https://sakenowa.com/brands/1855,2026-09-28T20:22:25.300188+00:00
sn_3503,239,下越酒造,蒲原,,新潟県,新潟縣,,,,,,,,,,0.2755976570513881,0.6726679851861851,0.34106528944986386,0.4154353988024324,0.27593056388262777,0.3263647266527182,"鮮味,果香","旨味,フルーティ",3503,https://sakenowa.com/brands/3503,2026-09-28T20:22:25.300193+00:00
sn_331,240,朝妻酒造,雪の八海,,新潟県,新潟縣,,,,,,,,,,,,,,,,"常溫,するする,熱燗,さっぱり,圓潤,甘甜,酸味","常温,するする,熱燗,さっぱり,まろやか,甘味,酸味",331,https://sakenowa.com/brands/331,2026-09-28T20:22:25.300357+00:00
sn_332,240,朝妻酒造,北乃風雪,,新潟県,新潟縣,,,,,,,,,,,,,,,,"ツン,鮮味,冷酒,香蕉,濃厚,辛口,清爽,甘甜","ツン,旨味,冷酒,バナナ,濃厚,辛口,スッキリ,甘味",332,https://sakenowa.com/brands/332,2026-09-28T20:22:25.300363+00:00
sn_333,241,竹田酒造店,越乃潟舟,,新潟県,新潟縣,,,,,,,,,,,,,,,,"セメダイン,穩重,あっさり,純淨,ほのか,甘甜,俐落,苦味,酸味,清爽","セメダイン,穏やか,あっさり,綺麗,ほのか,甘味,キレ,苦味,酸味,スッキリ",333,https://sakenowa.com/brands/333,2026-09-28T20:22:25.300524+00:00
sn_334,241,竹田酒造店,かたふね,,新潟県,新潟縣,,,,,,,,,,0.30251400926699606,0.6287285594839666,0.3235527168592472,0.46504459940311443,0.252149882803131,0.3586826860440688,"甘甜,鮮味,清爽,圓潤,ワイン,常溫,果香,濃厚,俐落,酸味,辛口,穩重,輕快,醇厚,鮮爽,純淨,華麗,苦味,平衡,熱燗","甘味,旨味,スッキリ,まろやか,ワイン,常温,フルーティ,濃厚,キレ,酸味,辛口,穏やか,軽快,コク,フレッシュ,綺麗,華やか,苦味,バランス,熱燗",334,https://sakenowa.com/brands/334,2026-09-28T20:22:25.300535+00:00
sn_335,242,北雪酒造,北雪,,新潟県,新潟縣,,,,,,,,,,0.31350626102753915,0.5017762202979514,0.2892308490719938,0.43809035674458996,0.4401336102681074,0.4250167166416959,"辛口,清爽,鮮味,甘甜,果香,圓潤,俐落,しっかり,華麗,純淨,酸味,苦味,高雅,穩重,滑順,常溫,冷酒,スイスイ,清新,餘韻","辛口,スッキリ,旨味,甘味,フルーティ,まろやか,キレ,しっかり,華やか,綺麗,酸味,苦味,上品,穏やか,なめらか,常温,冷酒,スイスイ,さわやか,余韻",335,https://sakenowa.com/brands/335,2026-09-28T20:22:25.300699+00:00
sn_3588,242,北雪酒造,鬼夜叉,,新潟県,新潟縣,,,,,,,,,,,,,,,,奶油感,クリーミー,3588,https://sakenowa.com/brands/3588,2026-09-28T20:22:25.300703+00:00
sn_4160,242,北雪酒造,亀田三昧,,新潟県,新潟縣,,,,,,,,,,,,,,,,"華麗,辛口,清爽,甘甜","華やか,辛口,スッキリ,甘味",4160,https://sakenowa.com/brands/4160,2026-09-28T20:22:25.300709+00:00
sn_336,243,白瀧酒造,白瀧,,新潟県,新潟縣,,,,,,,,,,0.32789318503175224,0.6155636489160612,0.34427859205789674,0.37825735956969636,0.26824091497839614,0.42427336218106354,"氣泡感,甘甜,鮮味,常溫,果香,清爽","ガス,甘味,旨味,常温,フルーティ,スッキリ",336,https://sakenowa.com/brands/336,2026-09-28T20:22:25.300882+00:00
sn_337,243,白瀧酒造,上善如水,,新潟県,新潟縣,,,,,,,,,,0.4090651659615686,0.47475298473765654,0.2864751984738086,0.3733702475759395,0.33526473987162686,0.5228761483973088,"清爽,華麗,甘甜,辛口,果香,さらり,ジュース,鮮味,輕快,するする,清新,圓潤,苦味,濃厚,酸味,さっぱり,純淨,しっかり,スイスイ,櫻花","スッキリ,華やか,甘味,辛口,フルーティ,さらり,ジュース,旨味,軽快,するする,さわやか,まろやか,苦味,濃厚,酸味,さっぱり,綺麗,しっかり,スイスイ,桜",337,https://sakenowa.com/brands/337,2026-09-28T20:22:25.300893+00:00
sn_338,243,白瀧酒造,真吾の一本,,新潟県,新潟縣,,,,,,,,,,,,,,,,"ピリリ,柔らかい,ほのか,酸味,清爽,甘甜","ピリリ,柔らかい,ほのか,酸味,スッキリ,甘味",338,https://sakenowa.com/brands/338,2026-09-28T20:22:25.300899+00:00
sn_339,243,白瀧酒造,湊屋藤助,,新潟県,新潟縣,,,,,,,,,,0.36241438957520977,0.5431639437194187,0.28028804863332435,0.40668684199218685,0.3414220861135906,0.4616320200436549,"清爽,平衡","スッキリ,バランス",339,https://sakenowa.com/brands/339,2026-09-28T20:22:25.300904+00:00
sn_340,243,白瀧酒造,魚沼,,新潟県,新潟縣,,,,,,,,,,0.17173197540180135,0.44452292199578114,0.2749427370592113,0.4119504253060075,0.5702442699202487,0.44992478426581384,"辛口,清爽,鮮味,さらり,甘甜,まったり,しっかり,常溫,冷酒,穩重,熱燗","辛口,スッキリ,旨味,さらり,甘味,まったり,しっかり,常温,冷酒,穏やか,熱燗",340,https://sakenowa.com/brands/340,2026-09-28T20:22:25.300910+00:00
sn_1656,243,白瀧酒造,越の梅酒,,新潟県,新潟縣,,,,,,,,,,,,,,,,"複雜,ふんわり,餘韻,酸味,鮮味,辛口,清爽,甘甜","複雑,ふんわり,余韻,酸味,旨味,辛口,スッキリ,甘味",1656,https://sakenowa.com/brands/1656,2026-09-28T20:22:25.300917+00:00
sn_2649,243,白瀧酒造,濃醇魚沼,,新潟県,新潟縣,,,,,,,,,,,,,,,,"濃厚,鮮味,清爽","濃厚,旨味,スッキリ",2649,https://sakenowa.com/brands/2649,2026-09-28T20:22:25.300925+00:00
sn_61817,243,白瀧酒造,宣機の一本,,新潟県,新潟縣,,,,,,,,,,0.4371355690169097,0.50223459258758,0.2420461963857437,0.5829055396541118,0.24810710584857767,0.31104749314507485,"高雅,甘甜","上品,甘味",61817,https://sakenowa.com/brands/61817,2026-09-28T20:22:25.300931+00:00
sn_341,244,高の井酒造,越の初梅,,新潟県,新潟縣,,,,,,,,,,0.3177416477425225,0.3678635206453017,0.24362356130395532,0.6388318572564127,0.3243641088754963,0.43708811339776343,"さらり,ラムネ,圓潤","さらり,ラムネ,まろやか",341,https://sakenowa.com/brands/341,2026-09-28T20:22:25.301093+00:00
sn_342,244,高の井酒造,田友,,新潟県,新潟縣,,,,,,,,,,0.3780234402874335,0.5116500375688278,0.23405166362111504,0.46698591033803794,0.31534644489290675,0.47224264488122786,"氣泡感,鮮味,清新,甘甜,酸味,辛口,輕快,果香,高雅,餘韻,苦味,檸檬,平衡,蘋果,しっかり,鮮爽,俐落,優しい,柔らかい,清爽","ガス,旨味,さわやか,甘味,酸味,辛口,軽快,フルーティ,上品,余韻,苦味,レモン,バランス,リンゴ,しっかり,フレッシュ,キレ,優しい,柔らかい,スッキリ",342,https://sakenowa.com/brands/342,2026-09-28T20:22:25.301101+00:00
sn_1745,244,高の井酒造,たかの井,,新潟県,新潟縣,,,,,,,,,,0.33343841487586323,0.4314076746554838,0.28201365757701075,0.33924022227564143,0.4454244278246065,0.5564959023757063,"辛口,清爽,梨子,味噌,輕快,酸味,氣泡感,醤油,俐落,穩重,冷酒,甘甜,鮮爽","辛口,スッキリ,梨,味噌,軽快,酸味,ガス,醤油,キレ,穏やか,冷酒,甘味,フレッシュ",1745,https://sakenowa.com/brands/1745,2026-09-28T20:22:25.301108+00:00
sn_2629,244,高の井酒造,伊乎乃,,新潟県,新潟縣,,,,,,,,,,0.37126453744738147,0.5327937055132602,0.3678976232933162,0.4509802070187251,0.31351391464886447,0.3758599840012938,"ワイン,鮮味,純淨,清爽,酸味,辛口","ワイン,旨味,綺麗,スッキリ,酸味,辛口",2629,https://sakenowa.com/brands/2629,2026-09-28T20:22:25.301116+00:00
sn_343,245,田原酒造,雪鶴,,新潟県,新潟縣,,,,,,,,,,0.298397855989762,0.45308360087136706,0.39302042255607056,0.39660411316555105,0.3779382000101836,0.5010756549755994,銳利,シャープ,343,https://sakenowa.com/brands/343,2026-09-28T20:22:25.301275+00:00
sn_344,246,青木酒造,鶴齢,,新潟県,新潟縣,,,,,,,,,,0.2616490136776255,0.5550986951375739,0.33933332032848973,0.4685933189688033,0.3708433774833051,0.3887848001240625,"鮮味,辛口,酸味,甘甜,清爽,しっかり,俐落,圓潤,穩定,果香,平衡,濃厚,苦味,醇厚,穩重,鮮爽,清新,純淨,華麗,餘韻","旨味,辛口,酸味,甘味,スッキリ,しっかり,キレ,まろやか,安定,フルーティ,バランス,濃厚,苦味,コク,穏やか,フレッシュ,さわやか,綺麗,華やか,余韻",344,https://sakenowa.com/brands/344,2026-09-28T20:22:25.301440+00:00
sn_345,246,青木酒造,雪男,,新潟県,新潟縣,,,,,,,,,,0.1746720575357115,0.4178453848170715,0.2860272860386926,0.42669585176632874,0.5905177730288771,0.4269692122004551,"辛口,清爽,鮮味,熱燗,キリリ,俐落,しっかり,甘甜,常溫,さらり,銳利,酸味,冷酒,苦味,圓潤,さっぱり,ツン,輕快,穩重,清新","辛口,スッキリ,旨味,熱燗,キリリ,キレ,しっかり,甘味,常温,さらり,シャープ,酸味,冷酒,苦味,まろやか,さっぱり,ツン,軽快,穏やか,さわやか",345,https://sakenowa.com/brands/345,2026-09-28T20:22:25.301448+00:00
sn_2131,246,青木酒造,かくれい,,新潟県,新潟縣,,,,,,,,,,,,,,,,"果香,まったり,辛口,醇厚,冷酒,餘韻,しっかり,甘甜","フルーティ,まったり,辛口,コク,冷酒,余韻,しっかり,甘味",2131,https://sakenowa.com/brands/2131,2026-09-28T20:22:25.301454+00:00
sn_347,247,諸橋酒造,越乃景虎,,新潟県,新潟縣,,,,,,,,,,0.18509880178471005,0.43153777171857344,0.289774542120836,0.44578021265204537,0.5534947802373023,0.4364262024153115,"辛口,清爽,鮮味,常溫,甘甜,鮮爽,さらり,しっかり,柔らかい,キリリ,俐落,穩定,圓潤,冷酒,酸味,ほのか,餘韻,アミノ酸,控えめ,さっぱり","辛口,スッキリ,旨味,常温,甘味,フレッシュ,さらり,しっかり,柔らかい,キリリ,キレ,安定,まろやか,冷酒,酸味,ほのか,余韻,アミノ酸,控えめ,さっぱり",347,https://sakenowa.com/brands/347,2026-09-28T20:22:25.301619+00:00
sn_3932,247,諸橋酒造,虎太郎,,新潟県,新潟縣,,,,,,,,,,,,,,,,,,3932,https://sakenowa.com/brands/3932,2026-09-28T20:22:25.301624+00:00
sn_3934,247,諸橋酒造,虎七郎,,新潟県,新潟縣,,,,,,,,,,,,,,,,,,3934,https://sakenowa.com/brands/3934,2026-09-28T20:22:25.301628+00:00
sn_348,248,ふじの井酒造,めぞん一刻,,新潟県,新潟縣,,,,,,,,,,,,,,,,,,348,https://sakenowa.com/brands/348,2026-09-28T20:22:25.301787+00:00
sn_2693,248,ふじの井酒造,広瀬川,,新潟県,新潟縣,,,,,,,,,,,,,,,,清爽,スッキリ,2693,https://sakenowa.com/brands/2693,2026-09-28T20:22:25.301791+00:00
sn_349,249,よしかわ杜氏の郷,有りがたし,,新潟県,新潟縣,,,,,,,,,,,,,,,,,,349,https://sakenowa.com/brands/349,2026-09-28T20:22:25.301961+00:00
sn_350,250,逸見酒造,佐渡,,新潟県,新潟縣,,,,,,,,,,,,,,,,,,350,https://sakenowa.com/brands/350,2026-09-28T20:22:25.302123+00:00
sn_1522,250,逸見酒造,真稜,,新潟県,新潟縣,,,,,,,,,,0.2291709803937122,0.49939792073455636,0.3783498477691857,0.4719368617337814,0.42632829360276603,0.38788343070443715,"辛口,鮮味,清爽,甘甜,苦味,果香,柔らかい,冷酒,酸味,純淨,濃厚,圓潤,しっかり","辛口,旨味,スッキリ,甘味,苦味,フルーティ,柔らかい,冷酒,酸味,綺麗,濃厚,まろやか,しっかり",1522,https://sakenowa.com/brands/1522,2026-09-28T20:22:25.302130+00:00
sn_1719,250,逸見酒造,至,,新潟県,新潟縣,,,,,,,,,,0.41281965780120716,0.5633405020619383,0.2615467168135011,0.37279638830564965,0.29730553765053885,0.4652450901859823,"果香,鮮味,氣泡感,華麗,甘甜,辛口,俐落,しっかり,平衡,清爽,酸味,苦味,鮮爽,鳳梨,哈密瓜,輕快,ピチピチ,清新,控えめ,芳醇","フルーティ,旨味,ガス,華やか,甘味,辛口,キレ,しっかり,バランス,スッキリ,酸味,苦味,フレッシュ,パイナップル,メロン,軽快,ピチピチ,さわやか,控えめ,芳醇",1719,https://sakenowa.com/brands/1719,2026-09-28T20:22:25.302142+00:00
sn_351,252,塩川酒造,越の関,,新潟県,新潟縣,,,,,,,,,,,,,,,,,,351,https://sakenowa.com/brands/351,2026-09-28T20:22:25.302301+00:00
sn_352,252,塩川酒造,千の風,,新潟県,新潟縣,,,,,,,,,,,,,,,,,,352,https://sakenowa.com/brands/352,2026-09-28T20:22:25.302305+00:00
sn_1854,252,塩川酒造,越,,新潟県,新潟縣,,,,,,,,,,,,,,,,"常溫,するする,さらり,熱燗,華麗,ほのか,清爽,甘甜","常温,するする,さらり,熱燗,華やか,ほのか,スッキリ,甘味",1854,https://sakenowa.com/brands/1854,2026-09-28T20:22:25.302314+00:00
sn_2548,252,塩川酒造,COWBOY,,新潟県,新潟縣,,,,,,,,,,0.16498183706409747,0.5469944826198895,0.7060122938051898,0.337827948113185,0.16580463422333533,0.18304581711142792,"煙燻,焦糖,味噌","スモーキー,キャラメル,味噌",2548,https://sakenowa.com/brands/2548,2026-09-28T20:22:25.302320+00:00
sn_2571,252,塩川酒造,願人,,新潟県,新潟縣,,,,,,,,,,,,,,,,,,2571,https://sakenowa.com/brands/2571,2026-09-28T20:22:25.302324+00:00
sn_353,253,金鵄盃酒造,雪影,,新潟県,新潟縣,,,,,,,,,,,,,,,,,,353,https://sakenowa.com/brands/353,2026-09-28T20:22:25.302483+00:00
sn_354,253,金鵄盃酒造,越後杜氏,,新潟県,新潟縣,,,,,,,,,,0.07491684871246451,0.5918262543400984,0.5162763466263317,0.533444927470784,0.24548694782587163,0.18099876289565772,"焦糖,ミルク,鮮味,辛口","キャラメル,ミルク,旨味,辛口",354,https://sakenowa.com/brands/354,2026-09-28T20:22:25.302489+00:00
sn_3514,253,金鵄盃酒造,渚紗,,新潟県,新潟縣,,,,,,,,,,,,,,,,清爽,スッキリ,3514,https://sakenowa.com/brands/3514,2026-09-28T20:22:25.302496+00:00
sn_355,255,越後酒造場,甘雨,,新潟県,新潟縣,,,,,,,,,,,,,,,,,,355,https://sakenowa.com/brands/355,2026-09-28T20:22:25.302654+00:00
sn_3214,255,越後酒造場,越乃八豊,,新潟県,新潟縣,,,,,,,,,,0.17243597410647246,0.5364568628068566,0.26115352549514614,0.49018558378746163,0.501690359125749,0.3497192907319468,"辛口,甘甜,優しい,清爽,鮮味","辛口,甘味,優しい,スッキリ,旨味",3214,https://sakenowa.com/brands/3214,2026-09-28T20:22:25.302660+00:00
sn_3559,255,越後酒造場,ひや酒,,新潟県,新潟縣,,,,,,,,,,,,,,,,,,3559,https://sakenowa.com/brands/3559,2026-09-28T20:22:25.302664+00:00
sn_356,256,加藤酒造,越後屋,,新潟県,新潟縣,,,,,,,,,,,,,,,,,,356,https://sakenowa.com/brands/356,2026-09-28T20:22:25.302826+00:00
sn_2682,256,加藤酒造,潟一,,新潟県,新潟縣,,,,,,,,,,,,,,,,"巧克力,果香,甘甜","チョコレート,フルーティ,甘味",2682,https://sakenowa.com/brands/2682,2026-09-28T20:22:25.302834+00:00
sn_2713,256,加藤酒造,九左衛門,,新潟県,新潟縣,,,,,,,,,,,,,,,,,,2713,https://sakenowa.com/brands/2713,2026-09-28T20:22:25.302840+00:00
sn_357,257,越の華酒造,越の華,,新潟県,新潟縣,,,,,,,,,,,,,,,,"厚重,花香,どっしり,常溫,清爽","重い,花,どっしり,常温,スッキリ",357,https://sakenowa.com/brands/357,2026-09-28T20:22:25.303015+00:00
sn_3918,257,越の華酒造,カワセミの旅,,新潟県,新潟縣,,,,,,,,,,0.06424397444273876,0.4284381651039437,0.8992172360125338,0.0,0.061006662653726285,0.0,巧克力,チョコレート,3918,https://sakenowa.com/brands/3918,2026-09-28T20:22:25.303020+00:00
sn_358,258,大洋酒造,越の魂,,新潟県,新潟縣,,,,,,,,,,,,,,,,"優格,酸味,清爽","ヨーグルト,酸味,スッキリ",358,https://sakenowa.com/brands/358,2026-09-28T20:22:25.303187+00:00
sn_359,258,大洋酒造,大洋盛,,新潟県,新潟縣,,,,,,,,,,0.3380940954893658,0.5326382533597549,0.2771350400339718,0.4539882136070047,0.36533233574480717,0.4308271458527537,"鮮味,辛口,果香,甘甜,清爽,穩重,いちご,酸味,しっかり,花香,鮮爽,清新,蘋果,俐落,さっぱり,苦味,さらり,常溫,高雅,濃厚","旨味,辛口,フルーティ,甘味,スッキリ,穏やか,いちご,酸味,しっかり,花,フレッシュ,さわやか,リンゴ,キレ,さっぱり,苦味,さらり,常温,上品,濃厚",359,https://sakenowa.com/brands/359,2026-09-28T20:22:25.303198+00:00
sn_360,258,大洋酒造,北翔,,新潟県,新潟縣,,,,,,,,,,,,,,,,,,360,https://sakenowa.com/brands/360,2026-09-28T20:22:25.303205+00:00
sn_2332,258,大洋酒造,北照 うすにごり本生,,新潟県,新潟縣,,,,,,,,,,,,,,,,鮮味,旨味,2332,https://sakenowa.com/brands/2332,2026-09-28T20:22:25.303209+00:00
sn_7946,258,大洋酒造,無想,,新潟県,新潟縣,,,,,,,,,,0.3569099904193807,0.37852332956512286,0.1984198533850404,0.30037328927458856,0.5105857945049032,0.582273941574403,"辛口,氣泡感,鮮爽,鮮味,酸味,甘甜,果香,清爽,平衡,俐落,清新,苦味,華麗,控えめ,さっぱり,ピチピチ,穩重,さらり,しっかり,輕快","辛口,ガス,フレッシュ,旨味,酸味,甘味,フルーティ,スッキリ,バランス,キレ,さわやか,苦味,華やか,控えめ,さっぱり,ピチピチ,穏やか,さらり,しっかり,軽快",7946,https://sakenowa.com/brands/7946,2026-09-28T20:22:25.303217+00:00
sn_361,259,吉乃川,極上吉乃川,,新潟県,新潟縣,,,,,,,,,,0.19437036553563303,0.5123520365115622,0.2712644906998707,0.5071765049349751,0.46104383563699136,0.39540068567519315,"辛口,鮮味,清爽,清新,俐落,甘甜,圓潤,キリリ,酸味,冷酒,優しい,ふくよか,するする,さっぱり,深み,果香,餘韻,哈密瓜,さらり","辛口,旨味,スッキリ,さわやか,キレ,甘味,まろやか,キリリ,酸味,冷酒,優しい,ふくよか,するする,さっぱり,深み,フルーティ,余韻,メロン,さらり",361,https://sakenowa.com/brands/361,2026-09-28T20:22:25.303386+00:00
sn_2681,259,吉乃川,吉乃川,,新潟県,新潟縣,,,,,,,,,,0.2654039004908021,0.4677553319841711,0.2788127302951231,0.4380429866471004,0.46014763448911705,0.4789693902050353,"辛口,清爽,鮮味,甘甜,酸味,清新,輕快,穩定,俐落,滑順,しっかり,冷酒,餘韻,氣泡感,常溫,苦味,果香,キリリ,鮮爽,圓潤","辛口,スッキリ,旨味,甘味,酸味,さわやか,軽快,安定,キレ,なめらか,しっかり,冷酒,余韻,ガス,常温,苦味,フルーティ,キリリ,フレッシュ,まろやか",2681,https://sakenowa.com/brands/2681,2026-09-28T20:22:25.303394+00:00
sn_3646,259,吉乃川,摂田屋,,新潟県,新潟縣,,,,,,,,,,,,,,,,,,3646,https://sakenowa.com/brands/3646,2026-09-28T20:22:25.303401+00:00
sn_3299,260,今代司酒造,花柳界,,新潟県,新潟縣,,,,,,,,,,,,,,,,甘甜,甘味,3299,https://sakenowa.com/brands/3299,2026-09-28T20:22:25.303563+00:00
sn_3400,260,今代司酒造,今代司,,新潟県,新潟縣,,,,,,,,,,0.2761602359747183,0.46674831006678064,0.3349876304344707,0.40993942327640875,0.46456443541914216,0.45803316600393684,"辛口,鮮味,清爽,酸味,甘甜,常溫,しっかり,清新,ワイン,果香,俐落,輕快,冷酒,ラムネ,キリリ,優しい,純淨,蘋果,控えめ,さらり","辛口,旨味,スッキリ,酸味,甘味,常温,しっかり,さわやか,ワイン,フルーティ,キレ,軽快,冷酒,ラムネ,キリリ,優しい,綺麗,リンゴ,控えめ,さらり",3400,https://sakenowa.com/brands/3400,2026-09-28T20:22:25.303572+00:00
sn_363,261,原酒造,越の誉,,新潟県,新潟縣,,,,,,,,,,0.46680831237930015,0.514614291105093,0.2378403469585659,0.2930286220267911,0.2650289916329285,0.5518948817571462,"果香,氣泡感,酸味,鮮爽,甘甜,鮮味,輕快,清爽,蘋果,苦味,清新,甘酸っぱい,多汁,しっかり,辛口,純淨,華麗,麝香葡萄,濃厚,高雅","フルーティ,ガス,酸味,フレッシュ,甘味,旨味,軽快,スッキリ,リンゴ,苦味,さわやか,甘酸っぱい,ジューシー,しっかり,辛口,綺麗,華やか,マスカット,濃厚,上品",363,https://sakenowa.com/brands/363,2026-09-28T20:22:25.303738+00:00
sn_2792,261,原酒造,あわっしゅ,,新潟県,新潟縣,,,,,,,,,,,,,,,,,,2792,https://sakenowa.com/brands/2792,2026-09-28T20:22:25.303743+00:00
sn_124435,261,原酒造,弐式,,新潟県,新潟縣,,,,,,,,,,0.5438991831101024,0.6074795738625145,0.22895263913445285,0.1286305175873728,0.22470626433947585,0.4644181517739719,"氣泡感,甘酸っぱい,水蜜桃,多汁,蘋果,果香","ガス,甘酸っぱい,桃,ジューシー,リンゴ,フルーティ",124435,https://sakenowa.com/brands/124435,2026-09-28T20:22:25.303751+00:00
sn_364,262,高野酒造,越路吹雪,,新潟県,新潟縣,,,,,,,,,,0.3490569132600715,0.4091309796558397,0.3237675196477017,0.4320923107026416,0.45624221547141686,0.4594398566360608,力道強勁,力強い,364,https://sakenowa.com/brands/364,2026-09-28T20:22:25.303925+00:00
sn_365,262,高野酒造,白露,,新潟県,新潟縣,,,,,,,,,,,,,,,,,,365,https://sakenowa.com/brands/365,2026-09-28T20:22:25.303930+00:00
sn_366,262,高野酒造,新潟小町,,新潟県,新潟縣,,,,,,,,,,,,,,,,"薄い,果香,しっかり,辛口,穩重,ほのか,冷酒,清爽,甘甜","薄い,フルーティ,しっかり,辛口,穏やか,ほのか,冷酒,スッキリ,甘味",366,https://sakenowa.com/brands/366,2026-09-28T20:22:25.303937+00:00
sn_367,262,高野酒造,水の柳都,,新潟県,新潟縣,,,,,,,,,,,,,,,,"果香,さらり,甘甜,鮮爽,辛口,清爽,華麗,清新,鮮味,酸味","フルーティ,さらり,甘味,フレッシュ,辛口,スッキリ,華やか,さわやか,旨味,酸味",367,https://sakenowa.com/brands/367,2026-09-28T20:22:25.303943+00:00
sn_368,263,恩田酒造,舞鶴,,新潟県,新潟縣,,,,,,,,,,,,,,,,,,368,https://sakenowa.com/brands/368,2026-09-28T20:22:25.304107+00:00
sn_369,265,津南醸造,霧の塔,,新潟県,新潟縣,,,,,,,,,,,,,,,,,,369,https://sakenowa.com/brands/369,2026-09-28T20:22:25.304269+00:00
sn_1737,265,津南醸造,雪美人,,新潟県,新潟縣,,,,,,,,,,,,,,,,,,1737,https://sakenowa.com/brands/1737,2026-09-28T20:22:25.304274+00:00
sn_370,266,妙高酒造,越乃雪月花,,新潟県,新潟縣,,,,,,,,,,,,,,,,,,370,https://sakenowa.com/brands/370,2026-09-28T20:22:25.304437+00:00
sn_371,266,妙高酒造,妙高山,,新潟県,新潟縣,,,,,,,,,,0.27041884554895695,0.5352483750105693,0.3531670377666056,0.4929889976866791,0.35884536957804386,0.3792726161324546,"鮮味,辛口,鮮爽,清爽,甘甜,酸味,圓潤,草本,常溫,醇厚,冷酒,清新,しっかり,苦味,華麗,餘韻,熱燗,柔らかい,穀物,輕快","旨味,辛口,フレッシュ,スッキリ,甘味,酸味,まろやか,ハーブ,常温,コク,冷酒,さわやか,しっかり,苦味,華やか,余韻,熱燗,柔らかい,穀物,軽快",371,https://sakenowa.com/brands/371,2026-09-28T20:22:25.304445+00:00
sn_372,267,越後桜酒造,越後桜,,新潟県,新潟縣,,,,,,,,,,0.47693255050166605,0.5213459602654257,0.2265218657096077,0.3873046313650379,0.350020895482293,0.420597279581432,"櫻花,果香,辛口,華麗,甘甜,清爽,ワイン,圓潤,熱燗,鮮味,冷酒,常溫,ほのか,平衡,苦味,ふんわり,酸味,さっぱり,薄い,餘韻","桜,フルーティ,辛口,華やか,甘味,スッキリ,ワイン,まろやか,熱燗,旨味,冷酒,常温,ほのか,バランス,苦味,ふんわり,酸味,さっぱり,薄い,余韻",372,https://sakenowa.com/brands/372,2026-09-28T20:22:25.304625+00:00
sn_373,267,越後桜酒造,越冬匠蔵,,新潟県,新潟縣,,,,,,,,,,,,,,,,,,373,https://sakenowa.com/brands/373,2026-09-28T20:22:25.304630+00:00
sn_2364,267,越後桜酒造,越乃日本桜,,新潟県,新潟縣,,,,,,,,,,,,,,,,"さらり,鮮味,辛口","さらり,旨味,辛口",2364,https://sakenowa.com/brands/2364,2026-09-28T20:22:25.304635+00:00
sn_4021,267,越後桜酒造,越の日本桜,,新潟県,新潟縣,,,,,,,,,,,,,,,,"深み,ワイン,清爽","深み,ワイン,スッキリ",4021,https://sakenowa.com/brands/4021,2026-09-28T20:22:25.304640+00:00
sn_374,268,丸山酒造場,雪中梅,,新潟県,新潟縣,,,,,,,,,,0.23290125770123976,0.562321935395127,0.3347889810623666,0.6067174412305766,0.24600283666088416,0.29806699608527953,"甘甜,鮮味,柔らかい,常溫,辛口,清爽,昔ながら,優しい,圓潤,花香,果香,酸味,熱燗,穩定,ふくよか,穩重,複雜,冷酒,清新,香蕉","甘味,旨味,柔らかい,常温,辛口,スッキリ,昔ながら,優しい,まろやか,花,フルーティ,酸味,熱燗,安定,ふくよか,穏やか,複雑,冷酒,さわやか,バナナ",374,https://sakenowa.com/brands/374,2026-09-28T20:22:25.304812+00:00
sn_375,269,笹祝酒造,亀の尾,,新潟県,新潟縣,,,,,,,,,,,,,,,,,,375,https://sakenowa.com/brands/375,2026-09-28T20:22:25.304985+00:00
sn_1845,269,笹祝酒造,笹祝,,新潟県,新潟縣,,,,,,,,,,0.2589049309446702,0.5827785667929842,0.38150040405909025,0.4246621405936118,0.3329754907249453,0.39570722693038457,"酸味,優格,鮮味,トロピカル,甘甜,辛口,輕快,蘋果,清爽,甘酸っぱい,濃厚,苦味,果香,ふくよか,常溫,穩重","酸味,ヨーグルト,旨味,トロピカル,甘味,辛口,軽快,リンゴ,スッキリ,甘酸っぱい,濃厚,苦味,フルーティ,ふくよか,常温,穏やか",1845,https://sakenowa.com/brands/1845,2026-09-28T20:22:25.304994+00:00
sn_376,270,栃倉酒造,米百俵,,新潟県,新潟縣,,,,,,,,,,,,,,,,鮮味,旨味,376,https://sakenowa.com/brands/376,2026-09-28T20:22:25.305155+00:00
sn_377,271,小黒酒造,越乃梅里,,新潟県,新潟縣,,,,,,,,,,0.36255908275852833,0.5942808084348711,0.3231987195238532,0.3738839712053867,0.36234901520074003,0.37394890986894985,"果香,華麗,鮮味,甘甜,清爽,辛口,餘韻,高雅,酸味,平衡,俐落,常溫,しっかり,柔らかい,スイスイ,ワイン,キリリ,鳳梨,清新,鮮爽","フルーティ,華やか,旨味,甘味,スッキリ,辛口,余韻,上品,酸味,バランス,キレ,常温,しっかり,柔らかい,スイスイ,ワイン,キリリ,パイナップル,さわやか,フレッシュ",377,https://sakenowa.com/brands/377,2026-09-28T20:22:25.305321+00:00
sn_378,271,小黒酒造,嘉山,,新潟県,新潟縣,,,,,,,,,,0.43610240858000976,0.6080902091955702,0.26628763868651145,0.26786169128432635,0.28310027584790237,0.4660860739725072,"果香,甘甜,氣泡感,酸味,鮮味,ピリリ,華麗,平衡,多汁,芳醇,鳳梨,しっかり,餘韻,濃厚,清爽,梨子,圓潤,鮮爽,ジュース,清新","フルーティ,甘味,ガス,酸味,旨味,ピリリ,華やか,バランス,ジューシー,芳醇,パイナップル,しっかり,余韻,濃厚,スッキリ,梨,まろやか,フレッシュ,ジュース,さわやか",378,https://sakenowa.com/brands/378,2026-09-28T20:22:25.305329+00:00
sn_2852,271,小黒酒造,玄米酒,,新潟県,新潟縣,,,,,,,,,,,,,,,,,,2852,https://sakenowa.com/brands/2852,2026-09-28T20:22:25.305333+00:00
sn_4046,271,小黒酒造,越の六角,,新潟県,新潟縣,,,,,,,,,,,,,,,,,,4046,https://sakenowa.com/brands/4046,2026-09-28T20:22:25.305338+00:00
sn_379,272,宝山酒造,宝山,,新潟県,新潟縣,,,,,,,,,,0.25397522213071505,0.5681102347813932,0.406858160792005,0.5233033835359171,0.25224228703854523,0.3312720665656194,"甘甜,鮮味,苦味,清爽,辛口,酸味,常溫,ワイン,圓潤,渋み,餘韻,優しい,濃厚,複雜,甘酸っぱい,清新,穩重,ふくよか,ブドウ,冷酒","甘味,旨味,苦味,スッキリ,辛口,酸味,常温,ワイン,まろやか,渋み,余韻,優しい,濃厚,複雑,甘酸っぱい,さわやか,穏やか,ふくよか,ブドウ,冷酒",379,https://sakenowa.com/brands/379,2026-09-28T20:22:25.305509+00:00
sn_2033,272,宝山酒造,一滴一涼,,新潟県,新潟縣,,,,,,,,,,,,,,,,,,2033,https://sakenowa.com/brands/2033,2026-09-28T20:22:25.305513+00:00
sn_2862,272,宝山酒造,豪農の館,,新潟県,新潟縣,,,,,,,,,,,,,,,,"酸味,辛口","酸味,辛口",2862,https://sakenowa.com/brands/2862,2026-09-28T20:22:25.305521+00:00
sn_380,273,八海醸造,八海山,,新潟県,新潟縣,,,,,,,,,,0.28667670690112124,0.49253085910512556,0.3084268278623517,0.49286785560937596,0.3946535835933672,0.42594898317543994,"辛口,穩定,鮮味,清爽,甘甜,しっかり,圓潤,純淨,熱燗,苦味,俐落,氣泡感,平衡,常溫,果香,高雅,冷酒,酸味,清新,華麗","辛口,安定,旨味,スッキリ,甘味,しっかり,まろやか,綺麗,熱燗,苦味,キレ,ガス,バランス,常温,フルーティ,上品,冷酒,酸味,さわやか,華やか",380,https://sakenowa.com/brands/380,2026-09-28T20:22:25.305688+00:00
sn_2497,273,八海醸造,麹だけでつくったあまさけ,,新潟県,新潟縣,,,,,,,,,,,,,,,,濃厚,濃厚,2497,https://sakenowa.com/brands/2497,2026-09-28T20:22:25.305693+00:00
sn_4009,273,八海醸造,魚沼で候,,新潟県,新潟縣,,,,,,,,,,,,,,,,清爽,スッキリ,4009,https://sakenowa.com/brands/4009,2026-09-28T20:22:25.305698+00:00
sn_381,274,美の川酒造,氷室点前,,新潟県,新潟縣,,,,,,,,,,,,,,,,,,381,https://sakenowa.com/brands/381,2026-09-28T20:22:25.305875+00:00
sn_382,274,美の川酒造,良寛,,新潟県,新潟縣,,,,,,,,,,,,,,,,,,382,https://sakenowa.com/brands/382,2026-09-28T20:22:25.305880+00:00
sn_383,274,美の川酒造,越の雄町,,新潟県,新潟縣,,,,,,,,,,,,,,,,清新,さわやか,383,https://sakenowa.com/brands/383,2026-09-28T20:22:25.305886+00:00
sn_384,275,石本酒造,越乃寒梅,,新潟県,新潟縣,,,,,,,,,,0.21182246895907175,0.4308361962232249,0.27130085804206755,0.49259231827992667,0.5113267490167348,0.4379555020834973,"辛口,清爽,鮮味,俐落,さっぱり,甘甜,常溫,昔ながら,冷酒,しっかり,輕快,穩定,柔らかい,高雅,控えめ,苦味,穩重,清新,果香,純淨","辛口,スッキリ,旨味,キレ,さっぱり,甘味,常温,昔ながら,冷酒,しっかり,軽快,安定,柔らかい,上品,控えめ,苦味,穏やか,さわやか,フルーティ,綺麗",384,https://sakenowa.com/brands/384,2026-09-28T20:22:25.306051+00:00
sn_385,276,新潟銘醸,めだかの宿,,新潟県,新潟縣,,,,,,,,,,,,,,,,,,385,https://sakenowa.com/brands/385,2026-09-28T20:22:25.306212+00:00
sn_387,276,新潟銘醸,越の寒中梅,,新潟県,新潟縣,,,,,,,,,,0.24936576285833517,0.5734469082244241,0.3650433009778575,0.4739920634939479,0.3688170429046332,0.3391522678399038,"辛口,鮮味,ワイン,清爽,甘甜,濃厚,圓潤,常溫,スイスイ,しっかり,燗酒","辛口,旨味,ワイン,スッキリ,甘味,濃厚,まろやか,常温,スイスイ,しっかり,燗酒",387,https://sakenowa.com/brands/387,2026-09-28T20:22:25.306222+00:00
sn_388,276,新潟銘醸,旨口長さん,,新潟県,新潟縣,,,,,,,,,,,,,,,,哈密瓜,メロン,388,https://sakenowa.com/brands/388,2026-09-28T20:22:25.306227+00:00
sn_389,276,新潟銘醸,長者盛,,新潟県,新潟縣,,,,,,,,,,0.3299907742954532,0.5184096013020605,0.31580098704549125,0.4702492371848225,0.38089119925424814,0.3954931857776728,"辛口,鮮味,苦味,香蕉,滑順,しっかり,荔枝,清爽,果香,鮮爽,ほのか,若い,餘韻,俐落,濃厚,梨子,甘甜,櫻花,冷酒,醇厚","辛口,旨味,苦味,バナナ,なめらか,しっかり,ライチ,スッキリ,フルーティ,フレッシュ,ほのか,若い,余韻,キレ,濃厚,梨,甘味,桜,冷酒,コク",389,https://sakenowa.com/brands/389,2026-09-28T20:22:25.306237+00:00
sn_390,276,新潟銘醸,雪輪文,,新潟県,新潟縣,,,,,,,,,,,,,,,,,,390,https://sakenowa.com/brands/390,2026-09-28T20:22:25.306241+00:00
sn_1841,276,新潟銘醸,越後,,新潟県,新潟縣,,,,,,,,,,,,,,,,"常溫,清新,酸味,鮮味,清爽","常温,さわやか,酸味,旨味,スッキリ",1841,https://sakenowa.com/brands/1841,2026-09-28T20:22:25.306247+00:00
sn_2832,276,新潟銘醸,粟島,,新潟県,新潟縣,,,,,,,,,,,,,,,,"派手,円やか,キリリ,清爽,穩重,さっぱり,酸味,辛口","派手,円やか,キリリ,スッキリ,穏やか,さっぱり,酸味,辛口",2832,https://sakenowa.com/brands/2832,2026-09-28T20:22:25.306253+00:00
sn_86768,276,新潟銘醸,N-888,,新潟県,新潟縣,,,,,,,,,,0.5031031063674328,0.5945152262386257,0.30178887891577966,0.3087905308041118,0.19201654163030932,0.4124808341276996,"ワイン,酸味,香蕉,果香,起司,荔枝,甘甜,輕快,麝香葡萄","ワイン,酸味,バナナ,フルーティ,チーズ,ライチ,甘味,軽快,マスカット",86768,https://sakenowa.com/brands/86768,2026-09-28T20:22:25.306260+00:00
sn_391,278,関原酒造,群亀,,新潟県,新潟縣,,,,,,,,,,,,,,,,,,391,https://sakenowa.com/brands/391,2026-09-28T20:22:25.306424+00:00
sn_392,278,関原酒造,越後長岡藩,,新潟県,新潟縣,,,,,,,,,,,,,,,,香蕉,バナナ,392,https://sakenowa.com/brands/392,2026-09-28T20:22:25.306431+00:00
sn_393,279,越銘醸,越の鶴,,新潟県,新潟縣,,,,,,,,,,0.31130407315214276,0.5719764724311401,0.38552557667908244,0.4046108824096616,0.3293405108841973,0.3938623877404217,"鮮味,果香,辛口,甘甜,清爽,しっかり,氣泡感,濃厚,圓潤,麝香葡萄,ほのか,醇厚,鮮爽,苦味,ふくよか,冷酒,柑橘,華麗,酸味,俐落","旨味,フルーティ,辛口,甘味,スッキリ,しっかり,ガス,濃厚,まろやか,マスカット,ほのか,コク,フレッシュ,苦味,ふくよか,冷酒,柑橘,華やか,酸味,キレ",393,https://sakenowa.com/brands/393,2026-09-28T20:22:25.306596+00:00
sn_1755,279,越銘醸,山城屋,,新潟県,新潟縣,,,,,,,,,,0.35313612967829694,0.4664078639417386,0.2731369297717134,0.42134860914887945,0.3374922612329206,0.5401102842385199,"酸味,氣泡感,辛口,鮮味,清爽,さっぱり,甘甜,純淨,輕快,柑橘,穩重,苦味,鮮爽,優格,果香,清新,餘韻,しっかり,穀物,柔らかい","酸味,ガス,辛口,旨味,スッキリ,さっぱり,甘味,綺麗,軽快,柑橘,穏やか,苦味,フレッシュ,ヨーグルト,フルーティ,さわやか,余韻,しっかり,穀物,柔らかい",1755,https://sakenowa.com/brands/1755,2026-09-28T20:22:25.306607+00:00
sn_394,280,越後伝衛門,雪乃,,新潟県,新潟縣,,,,,,,,,,,,,,,,,,394,https://sakenowa.com/brands/394,2026-09-28T20:22:25.306769+00:00
sn_395,280,越後伝衛門,雪ほたる,,新潟県,新潟縣,,,,,,,,,,,,,,,,"あっさり,ほのか","あっさり,ほのか",395,https://sakenowa.com/brands/395,2026-09-28T20:22:25.306774+00:00
sn_396,280,越後伝衛門,雪乃蔵,,新潟県,新潟縣,,,,,,,,,,,,,,,,,,396,https://sakenowa.com/brands/396,2026-09-28T20:22:25.306781+00:00
sn_2549,280,越後伝衛門,伝衛門,,新潟県,新潟縣,,,,,,,,,,0.4068974801067665,0.5616692656599117,0.2846441763761962,0.36139494465977323,0.30757139629451413,0.4612302025092657,"渋み,酸味,餘韻,優格,巧克力,柑橘,苦味,清新,水蜜桃,西洋梨,果香,荔枝,鮮味,控えめ,甘甜,甘辛い,鮮爽,ワイン,ブドウ,しっかり","渋み,酸味,余韻,ヨーグルト,チョコレート,柑橘,苦味,さわやか,桃,洋梨,フルーティ,ライチ,旨味,控えめ,甘味,甘辛い,フレッシュ,ワイン,ブドウ,しっかり",2549,https://sakenowa.com/brands/2549,2026-09-28T20:22:25.306789+00:00
sn_397,281,お福酒造,お福正宗,,新潟県,新潟縣,,,,,,,,,,0.19720891951302708,0.5924816949668644,0.4891651327596544,0.49138413569083633,0.21879157313792388,0.28541800013511337,"醤油,鮮味,辛口,堅果,ふっくら,滑順","醤油,旨味,辛口,ナッツ,ふっくら,なめらか",397,https://sakenowa.com/brands/397,2026-09-28T20:22:25.306964+00:00
sn_398,281,お福酒造,越乃一本〆,,新潟県,新潟縣,,,,,,,,,,,,,,,,"しっかり,酸味","しっかり,酸味",398,https://sakenowa.com/brands/398,2026-09-28T20:22:25.306969+00:00
sn_1618,281,お福酒造,越乃福梅,,新潟県,新潟縣,,,,,,,,,,,,,,,,"ミルク,醇厚,芳醇,さっぱり,甘甜,酸味,清爽","ミルク,コク,芳醇,さっぱり,甘味,酸味,スッキリ",1618,https://sakenowa.com/brands/1618,2026-09-28T20:22:25.306975+00:00
sn_1876,281,お福酒造,山古志,,新潟県,新潟縣,,,,,,,,,,0.18134397005731612,0.5402628651409105,0.4357164629447044,0.3830437543350638,0.3849829717544985,0.43640251914547423,爽快,爽快,1876,https://sakenowa.com/brands/1876,2026-09-28T20:22:25.306983+00:00
sn_2055,281,お福酒造,お福政宗,,新潟県,新潟縣,,,,,,,,,,0.2371539013945835,0.5997841784978465,0.4252658163769198,0.4862568800668227,0.21587665937030626,0.3465796679337374,,,2055,https://sakenowa.com/brands/2055,2026-09-28T20:22:25.306988+00:00
sn_2339,281,お福酒造,雪しずく,,新潟県,新潟縣,,,,,,,,,,,,,,,,"水蜜桃,キリリ,ふんわり,優しい,清爽,甘甜,酸味","桃,キリリ,ふんわり,優しい,スッキリ,甘味,酸味",2339,https://sakenowa.com/brands/2339,2026-09-28T20:22:25.306996+00:00
sn_399,282,池田屋酒造,謙信,,新潟県,新潟縣,,,,,,,,,,0.3225330620523968,0.5299788305678599,0.27797492323662676,0.3599794618697078,0.42051220034255987,0.48104997815162037,"辛口,鮮味,鮮爽,甘甜,俐落,果香,清爽,清新,酸味,多汁,香蕉,しっかり,キリリ,苦味,哈密瓜,常溫,平衡,草本,濃厚,蘋果","辛口,旨味,フレッシュ,甘味,キレ,フルーティ,スッキリ,さわやか,酸味,ジューシー,バナナ,しっかり,キリリ,苦味,メロン,常温,バランス,ハーブ,濃厚,リンゴ",399,https://sakenowa.com/brands/399,2026-09-28T20:22:25.307162+00:00
sn_400,283,千代の光酒造,天福,,新潟県,新潟縣,,,,,,,,,,,,,,,,"さらり,醇厚,しっかり,酸味","さらり,コク,しっかり,酸味",400,https://sakenowa.com/brands/400,2026-09-28T20:22:25.307324+00:00
sn_401,283,千代の光酒造,千代の光,,新潟県,新潟縣,,,,,,,,,,0.39613684454267656,0.5820036832539928,0.27304439909956035,0.39728033480170305,0.2597184696694344,0.4522264048983998,"甘甜,果香,酸味,水蜜桃,鮮味,苦味,餘韻,優しい,辛口,渋み,鮮爽,氣泡感,しっかり,平衡,清爽,俐落,清新,ジュース,華麗,柑橘","甘味,フルーティ,酸味,桃,旨味,苦味,余韻,優しい,辛口,渋み,フレッシュ,ガス,しっかり,バランス,スッキリ,キレ,さわやか,ジュース,華やか,柑橘",401,https://sakenowa.com/brands/401,2026-09-28T20:22:25.307335+00:00
sn_402,284,福顔酒造,越後平野,,新潟県,新潟縣,,,,,,,,,,,,,,,,,,402,https://sakenowa.com/brands/402,2026-09-28T20:22:25.307495+00:00
sn_3322,284,福顔酒造,ウイスキー樽で貯蔵した日本酒。,,新潟県,新潟縣,,,,,,,,,,,,,,,,,,3322,https://sakenowa.com/brands/3322,2026-09-28T20:22:25.307500+00:00
sn_124429,284,福顔酒造,福顔,,新潟県,新潟縣,,,,,,,,,,,,,,,,,,124429,https://sakenowa.com/brands/124429,2026-09-28T20:22:25.307504+00:00
sn_403,285,高千代酒造,高千代,,新潟県,新潟縣,,,,,,,,,,0.4034654321073408,0.5485268857240485,0.25939565912526585,0.3041641881225925,0.38482840913578964,0.4779529631093669,"辛口,果香,鮮味,甘甜,氣泡感,酸味,華麗,鳳梨,多汁,苦味,俐落,清新,清爽,平衡,鮮爽,しっかり,濃厚,蘋果,餘韻,輕快","辛口,フルーティ,旨味,甘味,ガス,酸味,華やか,パイナップル,ジューシー,苦味,キレ,さわやか,スッキリ,バランス,フレッシュ,しっかり,濃厚,リンゴ,余韻,軽快",403,https://sakenowa.com/brands/403,2026-09-28T20:22:25.307679+00:00
sn_1126,285,高千代酒造,巻機,,新潟県,新潟縣,,,,,,,,,,0.4058164379517269,0.47795388588417764,0.20859540566771748,0.4155977828558746,0.3399596448669046,0.5244682842059724,"氣泡感,清淡,果香,酸味,鮮爽,鮮味,清新,香蕉,辛口,蘋果,清爽,甘甜,多汁,苦味,輕快,控えめ,ほのか,葡萄柚,甘酸っぱい,哈密瓜","ガス,淡い,フルーティ,酸味,フレッシュ,旨味,さわやか,バナナ,辛口,リンゴ,スッキリ,甘味,ジューシー,苦味,軽快,控えめ,ほのか,グレープフルーツ,甘酸っぱい,メロン",1126,https://sakenowa.com/brands/1126,2026-09-28T20:22:25.307689+00:00
sn_1754,285,高千代酒造,たかちよ,,新潟県,新潟縣,,,,,,,,,,0.5501905937648653,0.582531434780758,0.17238527727250375,0.18282587702907555,0.1511403858399178,0.5214997954566507,"鳳梨,氣泡感,果香,多汁,甘甜,葡萄柚,酸味,苦味,ジュース,哈密瓜,ラムネ,清新,鮮味,水蜜桃,いちご,甘酸っぱい,梨子,鮮爽,トロピカル,ブドウ","パイナップル,ガス,フルーティ,ジューシー,甘味,グレープフルーツ,酸味,苦味,ジュース,メロン,ラムネ,さわやか,旨味,桃,いちご,甘酸っぱい,梨,フレッシュ,トロピカル,ブドウ",1754,https://sakenowa.com/brands/1754,2026-09-28T20:22:25.307697+00:00
sn_78228,285,高千代酒造,髙龗,,新潟県,新潟縣,,,,,,,,,,0.47830645104840436,0.5008417658587339,0.19291424619363215,0.30500692205291147,0.2980658663965736,0.5489007878128773,"果香,氣泡感,酸味,甘甜,鮮爽,清爽,苦味,鮮味,輕快,鳳梨,清新,蘋果,多汁,華麗,辛口,俐落,哈密瓜,さらり,平衡,麝香葡萄","フルーティ,ガス,酸味,甘味,フレッシュ,スッキリ,苦味,旨味,軽快,パイナップル,さわやか,リンゴ,ジューシー,華やか,辛口,キレ,メロン,さらり,バランス,マスカット",78228,https://sakenowa.com/brands/78228,2026-09-28T20:22:25.307706+00:00
sn_404,286,田中酒造,能鷹,,新潟県,新潟縣,,,,,,,,,,0.32848835332159365,0.4976009998980514,0.3086064658513621,0.4221344335729183,0.40777059980818714,0.4525222135889044,"辛口,荒々しい,水蜜桃,清爽,ゴクゴク,酸味,苦味,渋み","辛口,荒々しい,桃,スッキリ,ゴクゴク,酸味,苦味,渋み",404,https://sakenowa.com/brands/404,2026-09-28T20:22:25.307882+00:00
sn_405,287,代々菊醸造,吟田川,,新潟県,新潟縣,,,,,,,,,,0.2306410716773627,0.5323225411547022,0.5217202119113088,0.43919608372926533,0.2918012464826339,0.3364584094734362,"鮮味,酸味,しっかり,とろみ,清爽,荔枝","旨味,酸味,しっかり,とろみ,スッキリ,ライチ",405,https://sakenowa.com/brands/405,2026-09-28T20:22:25.308044+00:00
sn_406,288,雪椿酒造,越乃雪椿,,新潟県,新潟縣,,,,,,,,,,0.4243307266142792,0.5500675813456063,0.28473928527828984,0.4622165251697292,0.29618606053567403,0.3673177523986289,"花香,華麗,果香,鮮味,甘甜,辛口,圓潤,ワイン,常溫,高雅,清爽,しっかり,ほのか,平衡,苦味,俐落,酸味,優しい,柔らかい,濃厚","花,華やか,フルーティ,旨味,甘味,辛口,まろやか,ワイン,常温,上品,スッキリ,しっかり,ほのか,バランス,苦味,キレ,酸味,優しい,柔らかい,濃厚",406,https://sakenowa.com/brands/406,2026-09-28T20:22:25.308214+00:00
sn_1727,288,雪椿酒造,越後加茂雪椿,,新潟県,新潟縣,,,,,,,,,,,,,,,,,,1727,https://sakenowa.com/brands/1727,2026-09-28T20:22:25.308221+00:00
sn_407,289,マスカガミ,萬寿鏡,,新潟県,新潟縣,,,,,,,,,,0.3135557271608489,0.5785472563533727,0.316726574891823,0.4306418991972614,0.3700668216911712,0.37980028571221613,"甘甜,栗,清爽,辛口,鮮味,果香,華麗,苦味,水蜜桃,純淨,圓潤,俐落,ほのか,しっかり","甘味,栗,スッキリ,辛口,旨味,フルーティ,華やか,苦味,桃,綺麗,まろやか,キレ,ほのか,しっかり",407,https://sakenowa.com/brands/407,2026-09-28T20:22:25.308386+00:00
sn_408,290,池浦酒造,和楽互尊,,新潟県,新潟縣,,,,,,,,,,,,,,,,,,408,https://sakenowa.com/brands/408,2026-09-28T20:22:25.308546+00:00
sn_409,291,新潟第一酒造,越の白鳥,,新潟県,新潟縣,,,,,,,,,,0.2595064997825157,0.5572059371077779,0.42739147345973366,0.3433770855180264,0.4411387195835541,0.3563751616789759,"辛口,鮮味,苦味,甘甜,しっかり,鮮爽,清爽,濃厚","辛口,旨味,苦味,甘味,しっかり,フレッシュ,スッキリ,濃厚",409,https://sakenowa.com/brands/409,2026-09-28T20:22:25.308712+00:00
sn_1976,291,新潟第一酒造,鬼山間,,新潟県,新潟縣,,,,,,,,,,0.17120552984422954,0.47209718954391044,0.2804794206836603,0.138640866419429,0.6647076641632096,0.45616514126971164,"辛口,鮮味","辛口,旨味",1976,https://sakenowa.com/brands/1976,2026-09-28T20:22:25.308717+00:00
sn_2954,291,新潟第一酒造,山間,,新潟県,新潟縣,,,,,,,,,,0.37358374153500834,0.5697193686854632,0.351363521900775,0.2822431616705386,0.26986268594350854,0.5098152929330371,"氣泡感,鮮味,鮮爽,苦味,濃厚,甘甜,辛口,しっかり,酸味,果香,多汁,餘韻,鳳梨,華麗,清新,俐落,清爽,平衡,純淨,芳醇","ガス,旨味,フレッシュ,苦味,濃厚,甘味,辛口,しっかり,酸味,フルーティ,ジューシー,余韻,パイナップル,華やか,さわやか,キレ,スッキリ,バランス,綺麗,芳醇",2954,https://sakenowa.com/brands/2954,2026-09-28T20:22:25.308728+00:00
sn_3755,291,新潟第一酒造,山間 六号,,新潟県,新潟縣,,,,,,,,,,,,,,,,,,3755,https://sakenowa.com/brands/3755,2026-09-28T20:22:25.308732+00:00
sn_68505,291,新潟第一酒造,岩豊,,新潟県,新潟縣,,,,,,,,,,0.1904551822891328,0.7177938700806035,0.4987029347296802,0.3264721645633016,0.15181638161871364,0.26488087613771033,"アミノ酸,酸味,深み,鮮味","アミノ酸,酸味,深み,旨味",68505,https://sakenowa.com/brands/68505,2026-09-28T20:22:25.308739+00:00
sn_410,292,宮尾酒造,〆張鶴,,新潟県,新潟縣,,,,,,,,,,0.35178046712602945,0.4970120749992396,0.2537153554022958,0.4558214455842835,0.39198734438399485,0.4510329813604177,"辛口,鮮味,清爽,鮮爽,花香,甘甜,果香,哈密瓜,清新,俐落,しっかり,滑順,常溫,梨子,穩定,高雅,華麗,苦味,純淨,圓潤","辛口,旨味,スッキリ,フレッシュ,花,甘味,フルーティ,メロン,さわやか,キレ,しっかり,なめらか,常温,梨,安定,上品,華やか,苦味,綺麗,まろやか",410,https://sakenowa.com/brands/410,2026-09-28T20:22:25.308917+00:00
sn_1235,292,宮尾酒造,純,,新潟県,新潟縣,,,,,,,,,,,,,,,,,,1235,https://sakenowa.com/brands/1235,2026-09-28T20:22:25.308922+00:00
sn_411,293,葵酒造,長陵,,新潟県,新潟縣,,,,,,,,,,,,,,,,,,411,https://sakenowa.com/brands/411,2026-09-28T20:22:25.309091+00:00
sn_412,293,葵酒造,八一,,新潟県,新潟縣,,,,,,,,,,,,,,,,,,412,https://sakenowa.com/brands/412,2026-09-28T20:22:25.309096+00:00
sn_413,293,葵酒造,壺中天地,,新潟県,新潟縣,,,,,,,,,,,,,,,,"高雅,ほのか","上品,ほのか",413,https://sakenowa.com/brands/413,2026-09-28T20:22:25.309100+00:00
sn_3282,293,葵酒造,覇者,,新潟県,新潟縣,,,,,,,,,,,,,,,,,,3282,https://sakenowa.com/brands/3282,2026-09-28T20:22:25.309105+00:00
sn_414,294,加茂錦酒造,米袋,,新潟県,新潟縣,,,,,,,,,,,,,,,,,,414,https://sakenowa.com/brands/414,2026-09-28T20:22:25.309266+00:00
sn_3534,294,加茂錦酒造,加茂錦,,新潟県,新潟縣,,,,,,,,,,0.40994888369290633,0.49314271634905654,0.2327752257945903,0.39344487628685565,0.32546591646902906,0.5232981319168712,"果香,鮮爽,清爽,甘甜,鮮味,氣泡感,酸味,辛口,苦味,俐落,穩重,スイスイ,清新,平衡,華麗,純淨,しっかり,高雅,餘韻,香蕉","フルーティ,フレッシュ,スッキリ,甘味,旨味,ガス,酸味,辛口,苦味,キレ,穏やか,スイスイ,さわやか,バランス,華やか,綺麗,しっかり,上品,余韻,バナナ",3534,https://sakenowa.com/brands/3534,2026-09-28T20:22:25.309278+00:00
sn_3773,294,加茂錦酒造,桶出,,新潟県,新潟縣,,,,,,,,,,,,,,,,,,3773,https://sakenowa.com/brands/3773,2026-09-28T20:22:25.309282+00:00
sn_124116,294,加茂錦酒造,荷札酒,,新潟県,新潟縣,,,,,,,,,,0.4794129129948985,0.5116642734676646,0.1980873176927464,0.3079006411379817,0.23610079336734396,0.5644271035642925,"氣泡感,鮮爽,甘甜,果香,酸味,苦味,鮮味,多汁,平衡,清新,純淨,穩定,清爽,高雅,華麗,輕快,餘韻,鳳梨,哈密瓜,しっかり","ガス,フレッシュ,甘味,フルーティ,酸味,苦味,旨味,ジューシー,バランス,さわやか,綺麗,安定,スッキリ,上品,華やか,軽快,余韻,パイナップル,メロン,しっかり",124116,https://sakenowa.com/brands/124116,2026-09-28T20:22:25.309291+00:00
sn_124118,294,加茂錦酒造,BRILLIANCE,,新潟県,新潟縣,,,,,,,,,,0.519593727291621,0.5646800230049205,0.2101774309856553,0.3767600404430265,0.18164721772694611,0.43822418680403974,"高雅,甘甜,純淨,鮮味,氣泡感,酸味,果香,鳳梨,蘋果,餘韻,鮮爽,苦味,西洋梨,哈密瓜,華麗,平衡,清爽,輕快,香蕉,しっかり","上品,甘味,綺麗,旨味,ガス,酸味,フルーティ,パイナップル,リンゴ,余韻,フレッシュ,苦味,洋梨,メロン,華やか,バランス,スッキリ,軽快,バナナ,しっかり",124118,https://sakenowa.com/brands/124118,2026-09-28T20:22:25.309301+00:00
sn_415,295,王紋酒造,市島,,新潟県,新潟縣,,,,,,,,,,,,,,,,,,415,https://sakenowa.com/brands/415,2026-09-28T20:22:25.309463+00:00
sn_416,295,王紋酒造,王紋,,新潟県,新潟縣,,,,,,,,,,0.2556118699649836,0.5676873358490441,0.35081048040740814,0.5317150960577179,0.3085167920755819,0.33379951036163386,"甘甜,鮮味,辛口,俐落,カラメル,清爽,優しい,穩重","甘味,旨味,辛口,キレ,カラメル,スッキリ,優しい,穏やか",416,https://sakenowa.com/brands/416,2026-09-28T20:22:25.309469+00:00
sn_1915,295,王紋酒造,夢,,新潟県,新潟縣,,,,,,,,,,,,,,,,,,1915,https://sakenowa.com/brands/1915,2026-09-28T20:22:25.309476+00:00
sn_8398,295,王紋酒造,かれん,,新潟県,新潟縣,,,,,,,,,,,,,,,,,,8398,https://sakenowa.com/brands/8398,2026-09-28T20:22:25.309481+00:00
sn_417,296,越後鶴亀,招福神,,新潟県,新潟縣,,,,,,,,,,,,,,,,,,417,https://sakenowa.com/brands/417,2026-09-28T20:22:25.309642+00:00
sn_418,296,越後鶴亀,ラッキーキャッツ,,新潟県,新潟縣,,,,,,,,,,,,,,,,,,418,https://sakenowa.com/brands/418,2026-09-28T20:22:25.309646+00:00
sn_419,296,越後鶴亀,越後鶴亀,,新潟県,新潟縣,,,,,,,,,,0.5796145419954544,0.536451199210891,0.272884035990206,0.21992548425630443,0.20397276134886472,0.46024916129922655,"ワイン,酸味,氣泡感,果香,甘甜,ジュース,柑橘,鮮味,葡萄柚,清爽,輕快,苦味,清新,甘酸っぱい,辛口,多汁,しっかり,餘韻,鮮爽,スイスイ","ワイン,酸味,ガス,フルーティ,甘味,ジュース,柑橘,旨味,グレープフルーツ,スッキリ,軽快,苦味,さわやか,甘酸っぱい,辛口,ジューシー,しっかり,余韻,フレッシュ,スイスイ",419,https://sakenowa.com/brands/419,2026-09-28T20:22:25.309655+00:00
sn_109882,296,越後鶴亀,越弌,,新潟県,新潟縣,,,,,,,,,,0.5280647486860252,0.451583495318872,0.17410582829694635,0.1863743146011222,0.14987618094633492,0.6555218331571369,"氣泡感,葡萄柚,酸味,ジュース,柑橘,ワイン,檸檬,優格,甘酸っぱい,輕快,果香,渋み,カルピス,多汁,甘甜,起司,爽快,ブドウ,清新,西洋梨","ガス,グレープフルーツ,酸味,ジュース,柑橘,ワイン,レモン,ヨーグルト,甘酸っぱい,軽快,フルーティ,渋み,カルピス,ジューシー,甘味,チーズ,爽快,ブドウ,さわやか,洋梨",109882,https://sakenowa.com/brands/109882,2026-09-28T20:22:25.309670+00:00
sn_420,297,河忠酒造,越後,,新潟県,新潟縣,,,,,,,,,,,,,,,,,,420,https://sakenowa.com/brands/420,2026-09-28T20:22:25.309831+00:00
sn_421,297,河忠酒造,想天坊,,新潟県,新潟縣,,,,,,,,,,0.21067719028633444,0.36133963742490677,0.21876444641528808,0.26165698274064103,0.6579436268775041,0.5252015919031896,"辛口,鮮味,俐落,清爽,鮮爽,苦味,氣泡感,清新,キリリ,酸味,焦糖,甘甜,しっかり,熱燗,さっぱり,カルピス,常溫,ツン,穩定,爽快","辛口,旨味,キレ,スッキリ,フレッシュ,苦味,ガス,さわやか,キリリ,酸味,キャラメル,甘味,しっかり,熱燗,さっぱり,カルピス,常温,ツン,安定,爽快",421,https://sakenowa.com/brands/421,2026-09-28T20:22:25.309841+00:00
sn_422,297,河忠酒造,福扇,,新潟県,新潟縣,,,,,,,,,,,,,,,,,,422,https://sakenowa.com/brands/422,2026-09-28T20:22:25.309845+00:00
sn_1541,297,河忠酒造,じゃんげ,,新潟県,新潟縣,,,,,,,,,,,,,,,,"辛口,清爽","辛口,スッキリ",1541,https://sakenowa.com/brands/1541,2026-09-28T20:22:25.309852+00:00
sn_4305,297,河忠酒造,越乃滴,,新潟県,新潟縣,,,,,,,,,,,,,,,,"穩重,優しい,俐落,苦味,酸味,鮮味,辛口","穏やか,優しい,キレ,苦味,酸味,旨味,辛口",4305,https://sakenowa.com/brands/4305,2026-09-28T20:22:25.309874+00:00
sn_423,298,柏露酒造,越乃柏露,,新潟県,新潟縣,,,,,,,,,,,,,,,,"清爽,苦味,輕快,純淨,さっぱり,冷酒,鮮味,酸味","スッキリ,苦味,軽快,綺麗,さっぱり,冷酒,旨味,酸味",423,https://sakenowa.com/brands/423,2026-09-28T20:22:25.310042+00:00
sn_424,298,柏露酒造,柏露,,新潟県,新潟縣,,,,,,,,,,0.29386874116913153,0.5132664861332465,0.36049612655740904,0.4184429226799548,0.3448213365746092,0.47565216935820015,"辛口,冷酒,濃厚,ジュース,鮮味,酸味,氣泡感,輕快,甘甜,起司,餘韻,清爽,穩重","辛口,冷酒,濃厚,ジュース,旨味,酸味,ガス,軽快,甘味,チーズ,余韻,スッキリ,穏やか",424,https://sakenowa.com/brands/424,2026-09-28T20:22:25.310050+00:00
sn_1257,298,柏露酒造,三つ柏,,新潟県,新潟縣,,,,,,,,,,,,,,,,"常溫,餘韻,鮮味","常温,余韻,旨味",1257,https://sakenowa.com/brands/1257,2026-09-28T20:22:25.310056+00:00
sn_2508,298,柏露酒造,越の柏露,,新潟県,新潟縣,,,,,,,,,,,,,,,,辛口,辛口,2508,https://sakenowa.com/brands/2508,2026-09-28T20:22:25.310062+00:00
sn_3091,298,柏露酒造,越乃黒鷹,,新潟県,新潟縣,,,,,,,,,,,,,,,,濃厚,濃厚,3091,https://sakenowa.com/brands/3091,2026-09-28T20:22:25.310069+00:00
sn_425,299,尾畑酒造,真野鶴,,新潟県,新潟縣,,,,,,,,,,0.2714994691409798,0.4743322814700927,0.2854174772277742,0.41259439748257387,0.48683883722634586,0.46107222692173455,"辛口,鮮味,清爽,酸味,甘甜,果香,俐落,キリリ,しっかり,氣泡感,清新,餘韻,輕快,濃厚,ほのか,優しい,華麗,圓潤,さっぱり,滑順","辛口,旨味,スッキリ,酸味,甘味,フルーティ,キレ,キリリ,しっかり,ガス,さわやか,余韻,軽快,濃厚,ほのか,優しい,華やか,まろやか,さっぱり,なめらか",425,https://sakenowa.com/brands/425,2026-09-28T20:22:25.310237+00:00
sn_4090,299,尾畑酒造,佐州正宗,,新潟県,新潟縣,,,,,,,,,,,,,,,,,,4090,https://sakenowa.com/brands/4090,2026-09-28T20:22:25.310242+00:00
sn_426,300,緑川酒造,緑川,,新潟県,新潟縣,,,,,,,,,,0.25314253173662,0.5105489455222674,0.3387766237518757,0.5783346877896706,0.31415573555979304,0.3568251599389606,"鮮味,辛口,清爽,苦味,清淡,穩重,熱燗,鮮爽,純淨,高雅,甘甜,圓潤,酸味,優しい,しっかり,梨子,冷酒,ほのか,滑順,常溫","旨味,辛口,スッキリ,苦味,淡い,穏やか,熱燗,フレッシュ,綺麗,上品,甘味,まろやか,酸味,優しい,しっかり,梨,冷酒,ほのか,なめらか,常温",426,https://sakenowa.com/brands/426,2026-09-28T20:22:25.310412+00:00
sn_427,301,渡辺酒造店,根知男山,,新潟県,新潟縣,,,,,,,,,,0.27354471993455837,0.581064516556584,0.45795765221529217,0.4127399285014532,0.3056044420240003,0.33773329567583327,"鮮味,辛口,しっかり,果香,清爽,酸味,ワイン,平衡,甘甜,花香,純淨,柔らかい,燗冷まし,深み,輕快,ブドウ,濃厚,苦味,圓潤,巧克力","旨味,辛口,しっかり,フルーティ,スッキリ,酸味,ワイン,バランス,甘味,花,綺麗,柔らかい,燗冷まし,深み,軽快,ブドウ,濃厚,苦味,まろやか,チョコレート",427,https://sakenowa.com/brands/427,2026-09-28T20:22:25.310582+00:00
sn_428,302,魚沼酒造,天神囃子,,新潟県,新潟縣,,,,,,,,,,0.21038104580624897,0.5584443168154279,0.4189742513441092,0.4780420012128603,0.33651978589138587,0.35576764337511313,"鮮味,甘甜,ちびちび,辛口,濃厚,ツン,渋み","旨味,甘味,ちびちび,辛口,濃厚,ツン,渋み",428,https://sakenowa.com/brands/428,2026-09-28T20:22:25.310746+00:00
sn_429,303,玉川酒造,目黒五郎助,,新潟県,新潟縣,,,,,,,,,,,,,,,,,,429,https://sakenowa.com/brands/429,2026-09-28T20:22:25.310919+00:00
sn_1877,303,玉川酒造,越乃雪蔵,,新潟県,新潟縣,,,,,,,,,,,,,,,,,,1877,https://sakenowa.com/brands/1877,2026-09-28T20:22:25.310924+00:00
sn_2599,303,玉川酒造,玉風味,,新潟県,新潟縣,,,,,,,,,,0.3283803436449162,0.6432618599273986,0.4078873751599563,0.3605615469739869,0.21470468966909662,0.3686538833829559,"ワイン,酸味,ジュース,冷酒,甘酸っぱい,甘甜,味噌,燗酒,辛口,果香","ワイン,酸味,ジュース,冷酒,甘酸っぱい,甘味,味噌,燗酒,辛口,フルーティ",2599,https://sakenowa.com/brands/2599,2026-09-28T20:22:25.310931+00:00
sn_2600,303,玉川酒造,守門の雪,,新潟県,新潟縣,,,,,,,,,,,,,,,,,,2600,https://sakenowa.com/brands/2600,2026-09-28T20:22:25.310935+00:00
sn_62279,303,玉川酒造,イットキー,,新潟県,新潟縣,,,,,,,,,,0.5144610504018481,0.6291240433598587,0.35564518217415214,0.2400642705683004,0.11939353445398795,0.375717447038833,"ワイン,優格,酸味,ジュース,甘甜,麝香葡萄,甘酸っぱい,果香,熱燗,蘋果,起司,輕快,葡萄柚,冷酒,スイスイ,しっかり,ゴクゴク,清新,蜂蜜,いちご","ワイン,ヨーグルト,酸味,ジュース,甘味,マスカット,甘酸っぱい,フルーティ,熱燗,リンゴ,チーズ,軽快,グレープフルーツ,冷酒,スイスイ,しっかり,ゴクゴク,さわやか,ハチミツ,いちご",62279,https://sakenowa.com/brands/62279,2026-09-28T20:22:25.310948+00:00
sn_430,304,頚城酒造,越後杜氏の里,,新潟県,新潟縣,,,,,,,,,,,,,,,,,,430,https://sakenowa.com/brands/430,2026-09-28T20:22:25.311112+00:00
sn_3564,304,頚城酒造,久比岐,,新潟県,新潟縣,,,,,,,,,,,,,,,,,,3564,https://sakenowa.com/brands/3564,2026-09-28T20:22:25.311117+00:00
sn_60003,304,頚城酒造,八恵久比岐,,新潟県,新潟縣,,,,,,,,,,0.38431901113623157,0.46049100800547416,0.2517618482281785,0.4812011888719733,0.31466636207591675,0.4962795557024394,"清爽,清新","スッキリ,さわやか",60003,https://sakenowa.com/brands/60003,2026-09-28T20:22:25.311123+00:00
sn_64513,304,頚城酒造,越路乃紅梅,,新潟県,新潟縣,,,,,,,,,,0.4381433694170738,0.5662126854976306,0.28927339667836915,0.2842843668331584,0.2964382675601441,0.48483114265874494,"葡萄柚,酸味,鮮味,甘甜,果香,花香,辛口,苦味,清爽,清新,華麗,氣泡感,多汁,哈密瓜,しっかり,純淨,甘酸っぱい,常溫,蘋果,鮮爽","グレープフルーツ,酸味,旨味,甘味,フルーティ,花,辛口,苦味,スッキリ,さわやか,華やか,ガス,ジューシー,メロン,しっかり,綺麗,甘酸っぱい,常温,リンゴ,フレッシュ",64513,https://sakenowa.com/brands/64513,2026-09-28T20:22:25.311131+00:00
sn_431,305,朝日酒造,久保田,,新潟県,新潟縣,,,,,,,,,,0.3513960445402777,0.4885739298355844,0.26629888549595715,0.45226479102987804,0.3786885543529458,0.4679238999525976,"辛口,清爽,穩定,果香,甘甜,鮮味,華麗,俐落,酸味,純淨,高雅,圓潤,清新,しっかり,常溫,氣泡感,平衡,苦味,滑順,濃厚","辛口,スッキリ,安定,フルーティ,甘味,旨味,華やか,キレ,酸味,綺麗,上品,まろやか,さわやか,しっかり,常温,ガス,バランス,苦味,なめらか,濃厚",431,https://sakenowa.com/brands/431,2026-09-28T20:22:25.311299+00:00
sn_432,305,朝日酒造,朝日山,,新潟県,新潟縣,,,,,,,,,,0.3252280051632229,0.550785952968527,0.2753858760704914,0.42960573422008397,0.35617105088281203,0.4512264327023031,"辛口,清爽,鮮味,水蜜桃,甘甜,清新,常溫,酸味,しっかり,苦味,穩重,さっぱり,芳醇,華麗,甘酸っぱい,優格,冷酒,控えめ,果香,圓潤","辛口,スッキリ,旨味,桃,甘味,さわやか,常温,酸味,しっかり,苦味,穏やか,さっぱり,芳醇,華やか,甘酸っぱい,ヨーグルト,冷酒,控えめ,フルーティ,まろやか",432,https://sakenowa.com/brands/432,2026-09-28T20:22:25.311308+00:00
sn_433,305,朝日酒造,洗心,,新潟県,新潟縣,,,,,,,,,,0.2978794284414697,0.39545507184068646,0.21107804997108506,0.4029026922087238,0.5237612112395876,0.523137461188804,"辛口,清爽,純淨","辛口,スッキリ,綺麗",433,https://sakenowa.com/brands/433,2026-09-28T20:22:25.311315+00:00
sn_434,305,朝日酒造,越州,,新潟県,新潟縣,,,,,,,,,,0.35655500007934315,0.3813891547779265,0.19825144680506418,0.4921630835099895,0.3877573490738617,0.5436239010980363,"櫻花,清爽,輕快,辛口","桜,スッキリ,軽快,辛口",434,https://sakenowa.com/brands/434,2026-09-28T20:22:25.311321+00:00
sn_435,305,朝日酒造,越乃かぎろひ,,新潟県,新潟縣,,,,,,,,,,,,,,,,"醇厚,ほのか,鮮味,清爽,甘甜","コク,ほのか,旨味,スッキリ,甘味",435,https://sakenowa.com/brands/435,2026-09-28T20:22:25.311326+00:00
sn_1550,305,朝日酒造,呼友,,新潟県,新潟縣,,,,,,,,,,0.2688391639832667,0.46735613013040816,0.31843641678767604,0.47714177149751197,0.46274928784053726,0.40755469141824907,"辛口,高雅,鮮味,清爽","辛口,上品,旨味,スッキリ",1550,https://sakenowa.com/brands/1550,2026-09-28T20:22:25.311333+00:00
sn_2524,305,朝日酒造,一心伝,,新潟県,新潟縣,,,,,,,,,,,,,,,,"どっしり,ふんわり","どっしり,ふんわり",2524,https://sakenowa.com/brands/2524,2026-09-28T20:22:25.311338+00:00
sn_3450,305,朝日酒造,一楽,,新潟県,新潟縣,,,,,,,,,,,,,,,,,,3450,https://sakenowa.com/brands/3450,2026-09-28T20:22:25.311343+00:00
sn_437,308,菊水酒造,菊水,,新潟県,新潟縣,,,,,,,,,,0.24087473201269713,0.5878146530992677,0.45492550992730996,0.40413190463857507,0.330891141957559,0.3415911786393143,"鮮爽,濃厚,鮮味,甘甜,辛口,醇厚,ツン,果香,しっかり,俐落,清爽,常溫,穩定,冷酒,華麗,熱燗,氣泡感,酸味,清新,巧克力","フレッシュ,濃厚,旨味,甘味,辛口,コク,ツン,フルーティ,しっかり,キレ,スッキリ,常温,安定,冷酒,華やか,熱燗,ガス,酸味,さわやか,チョコレート",437,https://sakenowa.com/brands/437,2026-09-28T20:22:25.311665+00:00
sn_2021,308,菊水酒造,節五郎 出品酒,,新潟県,新潟縣,,,,,,,,,,,,,,,,,,2021,https://sakenowa.com/brands/2021,2026-09-28T20:22:25.311670+00:00
sn_2550,308,菊水酒造,節五郎 元禄酒,,新潟県,新潟縣,,,,,,,,,,,,,,,,"蜂蜜,とろみ,酸味,甘甜","ハチミツ,とろみ,酸味,甘味",2550,https://sakenowa.com/brands/2550,2026-09-28T20:22:25.311678+00:00
sn_2559,308,菊水酒造,五郎八,,新潟県,新潟縣,,,,,,,,,,0.1343546737187145,0.626921884818162,0.5406094657874931,0.39801326883386046,0.23421067712729263,0.28877322250981363,"濃厚,甘甜,醇厚,ちびちび,ツン,柳橙,鮮味,優格,とろみ,ジュース,じっくり","濃厚,甘味,コク,ちびちび,ツン,オレンジ,旨味,ヨーグルト,とろみ,ジュース,じっくり",2559,https://sakenowa.com/brands/2559,2026-09-28T20:22:25.311685+00:00
sn_438,309,樋木酒造,鶴の友,,新潟県,新潟縣,,,,,,,,,,0.17398624608626162,0.6274742156125722,0.32175346116426395,0.611208301483896,0.22333489930623943,0.22141711788400015,"鮮味,常溫,ふくよか,燗酒,梨子,熱燗,柔らかい,穩重,辛口,派手,冷酒,ほのか,圓潤,甘甜,穩定,俐落,優しい,苦味,しっかり,控えめ","旨味,常温,ふくよか,燗酒,梨,熱燗,柔らかい,穏やか,辛口,派手,冷酒,ほのか,まろやか,甘味,安定,キレ,優しい,苦味,しっかり,控えめ",438,https://sakenowa.com/brands/438,2026-09-28T20:22:25.311853+00:00
sn_439,310,越つかの酒造,代々泉,,新潟県,新潟縣,,,,,,,,,,,,,,,,,,439,https://sakenowa.com/brands/439,2026-09-28T20:22:25.312040+00:00
sn_440,310,越つかの酒造,越のあじわい,,新潟県,新潟縣,,,,,,,,,,,,,,,,"するする,ふくよか,輕快,醇厚,鮮味,辛口,果香,甘甜,酸味,清爽","するする,ふくよか,軽快,コク,旨味,辛口,フルーティ,甘味,酸味,スッキリ",440,https://sakenowa.com/brands/440,2026-09-28T20:22:25.312048+00:00
sn_441,310,越つかの酒造,虎千代,,新潟県,新潟縣,,,,,,,,,,,,,,,,,,441,https://sakenowa.com/brands/441,2026-09-28T20:22:25.312052+00:00
sn_442,311,麒麟山酒造,麒麟山,,新潟県,新潟縣,,,,,,,,,,0.2294314993274711,0.4370490582710985,0.2404084278354787,0.3946832414058376,0.5651840416971271,0.47259415312787073,"辛口,清爽,鮮味,キリリ,俐落,鮮爽,圓潤,甘甜,熱燗,冷酒,常溫,苦味,純淨,清新,濃厚,餘韻,酸味,果香,輕快,穩重","辛口,スッキリ,旨味,キリリ,キレ,フレッシュ,まろやか,甘味,熱燗,冷酒,常温,苦味,綺麗,さわやか,濃厚,余韻,酸味,フルーティ,軽快,穏やか",442,https://sakenowa.com/brands/442,2026-09-28T20:22:25.312217+00:00
sn_443,312,久須美酒造,亀の翁,,新潟県,新潟縣,,,,,,,,,,0.32695545700703543,0.580921890247271,0.4447872034972904,0.44981905392752175,0.2621032523277571,0.294548695486637,,,443,https://sakenowa.com/brands/443,2026-09-28T20:22:25.312380+00:00
sn_444,312,久須美酒造,清泉,,新潟県,新潟縣,,,,,,,,,,0.3135153456030262,0.46068692262676486,0.2502087923461801,0.5338160723524458,0.3338291611437049,0.48007264001717626,"清爽,鮮味,辛口,甘甜,純淨,清淡,ほのか,輕快,花香,穩重,果香,酸味,醇厚,さっぱり,清新,さらり,若い,柔らかい,優しい,平衡","スッキリ,旨味,辛口,甘味,綺麗,淡い,ほのか,軽快,花,穏やか,フルーティ,酸味,コク,さっぱり,さわやか,さらり,若い,柔らかい,優しい,バランス",444,https://sakenowa.com/brands/444,2026-09-28T20:22:25.312388+00:00
sn_445,312,久須美酒造,夏子物語,,新潟県,新潟縣,,,,,,,,,,0.19596899863071643,0.43174896396466833,0.3355633912821872,0.6016754547699243,0.38340491595093756,0.3918845642205961,,,445,https://sakenowa.com/brands/445,2026-09-28T20:22:25.312395+00:00
sn_3996,312,久須美酒造,亀の王,,新潟県,新潟縣,,,,,,,,,,,,,,,,,,3996,https://sakenowa.com/brands/3996,2026-09-28T20:22:25.312400+00:00
sn_446,313,皇国晴酒造,幻の瀧,,富山県,富山縣,,,,,,,,,,0.2928934485676545,0.5276066188477367,0.3327428465571676,0.4439053237101259,0.3702450589770713,0.43702807859920445,"辛口,清爽,鮮味,酸味,果香,甘甜,しっかり,鮮爽,ふくよか,圓潤,俐落,さっぱり,控えめ,カラメル,苦味,餘韻,濃厚,清新,柔らかい,平衡","辛口,スッキリ,旨味,酸味,フルーティ,甘味,しっかり,フレッシュ,ふくよか,まろやか,キレ,さっぱり,控えめ,カラメル,苦味,余韻,濃厚,さわやか,柔らかい,バランス",446,https://sakenowa.com/brands/446,2026-09-28T20:22:25.312565+00:00
sn_447,313,皇国晴酒造,皇国晴,,富山県,富山縣,,,,,,,,,,,,,,,,,,447,https://sakenowa.com/brands/447,2026-09-28T20:22:25.312570+00:00
sn_448,313,皇国晴酒造,名水乃蔵,,富山県,富山縣,,,,,,,,,,,,,,,,,,448,https://sakenowa.com/brands/448,2026-09-28T20:22:25.312574+00:00
sn_449,313,皇国晴酒造,巌瀬,,富山県,富山縣,,,,,,,,,,,,,,,,,,449,https://sakenowa.com/brands/449,2026-09-28T20:22:25.312578+00:00
sn_450,314,魚津酒造,北洋,,富山県,富山縣,,,,,,,,,,0.2989026533500524,0.6004110801824489,0.40355346157140787,0.4602376931627645,0.23718771201947972,0.3452992866012885,"鮮味,氣泡感,酸味,控えめ,甘甜,熱燗,果香,平衡,辛口","旨味,ガス,酸味,控えめ,甘味,熱燗,フルーティ,バランス,辛口",450,https://sakenowa.com/brands/450,2026-09-28T20:22:25.312744+00:00
sn_451,314,魚津酒造,越中懐古,,富山県,富山縣,,,,,,,,,,,,,,,,,,451,https://sakenowa.com/brands/451,2026-09-28T20:22:25.312748+00:00
sn_3842,314,魚津酒造,名誉北洋,,富山県,富山縣,,,,,,,,,,,,,,,,"さらり,芳醇,清爽,常溫,清新,酸味,鮮味,辛口","さらり,芳醇,スッキリ,常温,さわやか,酸味,旨味,辛口",3842,https://sakenowa.com/brands/3842,2026-09-28T20:22:25.312754+00:00
sn_66997,314,魚津酒造,帆波,,富山県,富山縣,,,,,,,,,,0.43776997202202933,0.557246712271434,0.2289730232725843,0.36193449168302294,0.19407562660019068,0.5260636679735802,"酸味,氣泡感,果香,鮮爽,多汁,鮮味,甘甜,柳橙,苦味,柔らかい,ミルク,餘韻,ジュース,控えめ,平衡,清爽,清新","酸味,ガス,フルーティ,フレッシュ,ジューシー,旨味,甘味,オレンジ,苦味,柔らかい,ミルク,余韻,ジュース,控えめ,バランス,スッキリ,さわやか",66997,https://sakenowa.com/brands/66997,2026-09-28T20:22:25.312763+00:00
sn_452,315,福鶴酒造,風の盆,,富山県,富山縣,,,,,,,,,,0.18955085670390331,0.5791797703366164,0.5000841749336478,0.42317964255981505,0.30740483106849337,0.3239727523963576,カラメル,カラメル,452,https://sakenowa.com/brands/452,2026-09-28T20:22:25.312936+00:00
sn_3602,315,福鶴酒造,八王,,富山県,富山縣,,,,,,,,,,,,,,,,,,3602,https://sakenowa.com/brands/3602,2026-09-28T20:22:25.312943+00:00
sn_453,316,富美菊酒造,富美菊,,富山県,富山縣,,,,,,,,,,0.447146358529704,0.559447555504179,0.20174310340236032,0.3124340036531013,0.2633319774189167,0.5286015039266778,"酸味,鮮爽,柑橘,鮮味,甘甜,蘋果,輕快,果香,清新,氣泡感,多汁,苦味,優しい,清爽,檸檬,餘韻,ほのか,ふんわり,水蜜桃,果物","酸味,フレッシュ,柑橘,旨味,甘味,リンゴ,軽快,フルーティ,さわやか,ガス,ジューシー,苦味,優しい,スッキリ,レモン,余韻,ほのか,ふんわり,桃,果物",453,https://sakenowa.com/brands/453,2026-09-28T20:22:25.313109+00:00
sn_454,316,富美菊酒造,羽根屋,,富山県,富山縣,,,,,,,,,,0.4780674868679219,0.5379889274773343,0.22337169434144394,0.35296797542683805,0.23972297060153624,0.5000709787296836,"果香,鮮爽,鮮味,氣泡感,華麗,甘甜,酸味,清新,多汁,苦味,清爽,純淨,平衡,輕快,優しい,餘韻,高雅,麝香葡萄,哈密瓜,葡萄柚","フルーティ,フレッシュ,旨味,ガス,華やか,甘味,酸味,さわやか,ジューシー,苦味,スッキリ,綺麗,バランス,軽快,優しい,余韻,上品,マスカット,メロン,グレープフルーツ",454,https://sakenowa.com/brands/454,2026-09-28T20:22:25.313119+00:00
sn_2628,316,富美菊酒造,銀嶺雷鳥,,富山県,富山縣,,,,,,,,,,,,,,,,"芳醇,華麗,ほのか,鮮味,果香,清爽","芳醇,華やか,ほのか,旨味,フルーティ,スッキリ",2628,https://sakenowa.com/brands/2628,2026-09-28T20:22:25.313125+00:00
sn_455,317,吉乃友酒造,よしのとも,,富山県,富山縣,,,,,,,,,,0.4097384428968671,0.46818194049494133,0.20393522362552768,0.28703147543028673,0.5533053573218705,0.4275472105427397,"蘋果,花香,辛口,甘甜,果香,酸味,砂糖","リンゴ,花,辛口,甘味,フルーティ,酸味,砂糖",455,https://sakenowa.com/brands/455,2026-09-28T20:22:25.313288+00:00
sn_456,318,林酒造場,黒部峡,,富山県,富山縣,,,,,,,,,,0.3255986662099304,0.5537630927348169,0.29589276657736346,0.40013687212749594,0.3636810881319665,0.45541845161724803,"果香,甘甜,清爽,鮮味,酸味,俐落,辛口,純淨,苦味,清新,鮮爽,ふんわり,輕快,さらり,あっさり,柔らかい,常溫,餘韻,豐潤,厚み","フルーティ,甘味,スッキリ,旨味,酸味,キレ,辛口,綺麗,苦味,さわやか,フレッシュ,ふんわり,軽快,さらり,あっさり,柔らかい,常温,余韻,豊か,厚み",456,https://sakenowa.com/brands/456,2026-09-28T20:22:25.313456+00:00
sn_3174,318,林酒造場,林,,富山県,富山縣,,,,,,,,,,0.41594196714503207,0.5686435389761709,0.23826129266006585,0.41640033885328315,0.2808712433991531,0.4411240918408518,"鮮味,果香,哈密瓜,酸味,清爽,平衡,俐落,甘甜,鮮爽,純淨,櫻花,辛口,苦味,しっかり,控えめ,穩重,清新,多汁,優しい,華麗","旨味,フルーティ,メロン,酸味,スッキリ,バランス,キレ,甘味,フレッシュ,綺麗,桜,辛口,苦味,しっかり,控えめ,穏やか,さわやか,ジューシー,優しい,華やか",3174,https://sakenowa.com/brands/3174,2026-09-28T20:22:25.313464+00:00
sn_457,319,三笑楽酒造,三笑楽,,富山県,富山縣,,,,,,,,,,0.24064516220217658,0.6055865969917761,0.42673937828390535,0.48571962957409437,0.222268413693587,0.3285140426146425,"鮮味,酸味,香蕉,しっかり,苦味,熱燗,甘甜,氣泡感,冷酒,濃厚,常溫,辛口,穩重,辛香,平衡,清爽,餘韻,輕快,ふくよか,鮮爽","旨味,酸味,バナナ,しっかり,苦味,熱燗,甘味,ガス,冷酒,濃厚,常温,辛口,穏やか,スパイシー,バランス,スッキリ,余韻,軽快,ふくよか,フレッシュ",457,https://sakenowa.com/brands/457,2026-09-28T20:22:25.313634+00:00
sn_458,320,立山酒造,銀嶺立山,,富山県,富山縣,,,,,,,,,,,,,,,,,,458,https://sakenowa.com/brands/458,2026-09-28T20:22:25.313796+00:00
sn_3078,320,立山酒造,立山,,富山県,富山縣,,,,,,,,,,0.2576782597642784,0.5006268041687992,0.3271548606086326,0.47641269708068285,0.40731327886855573,0.42786826184047533,"辛口,清爽,鮮味,常溫,醇厚,穩定,甘甜,冷酒,しっかり,輕快,苦味,ほのか,高雅,果香,穩重,熱燗,酸味,清新,優しい,俐落","辛口,スッキリ,旨味,常温,コク,安定,甘味,冷酒,しっかり,軽快,苦味,ほのか,上品,フルーティ,穏やか,熱燗,酸味,さわやか,優しい,キレ",3078,https://sakenowa.com/brands/3078,2026-09-28T20:22:25.313805+00:00
sn_459,321,成政酒造,成政,,富山県,富山縣,,,,,,,,,,0.34082671357230754,0.5890594861771525,0.35233520578880473,0.3162807180223087,0.2823303972059781,0.482661403100328,"氣泡感,プルーン,鮮味,酸味,辛口,清爽,清新,穩重,果香,甘甜,穀物,苦味,鮮爽","ガス,プルーン,旨味,酸味,辛口,スッキリ,さわやか,穏やか,フルーティ,甘味,穀物,苦味,フレッシュ",459,https://sakenowa.com/brands/459,2026-09-28T20:22:25.313986+00:00
sn_1769,321,成政酒造,佐々成政,,富山県,富山縣,,,,,,,,,,,,,,,,,,1769,https://sakenowa.com/brands/1769,2026-09-28T20:22:25.313991+00:00
sn_1770,321,成政酒造,佐々成政の隠し酒,,富山県,富山縣,,,,,,,,,,,,,,,,"芳醇,醇厚,常溫,餘韻,辛口","芳醇,コク,常温,余韻,辛口",1770,https://sakenowa.com/brands/1770,2026-09-28T20:22:25.313996+00:00
sn_460,322,高澤酒造場,有磯,,富山県,富山縣,,,,,,,,,,0.21790201096834366,0.573460709741839,0.4496176752953355,0.4748120217535273,0.2986566467187889,0.3268994117911086,"鮮味,酸味,穀物,しっかり,清爽,常溫,辛口,冷酒,巧克力,甘甜,俐落","旨味,酸味,穀物,しっかり,スッキリ,常温,辛口,冷酒,チョコレート,甘味,キレ",460,https://sakenowa.com/brands/460,2026-09-28T20:22:25.314160+00:00
sn_461,323,銀盤酒造,播州,,富山県,富山縣,,,,,,,,,,,,,,,,,,461,https://sakenowa.com/brands/461,2026-09-28T20:22:25.314323+00:00
sn_463,323,銀盤酒造,銀盤,,富山県,富山縣,,,,,,,,,,0.21925139552923875,0.44937163437888966,0.3457383638879962,0.4340972108311283,0.5200138462177228,0.4142513184054623,"辛口,清爽,鮮味,しっかり,酸味,甘甜,控えめ,華麗,苦味,常溫,昔ながら,果香,キリリ,純淨,ツン,さっぱり,あっさり,醇厚,滑順,圓潤","辛口,スッキリ,旨味,しっかり,酸味,甘味,控えめ,華やか,苦味,常温,昔ながら,フルーティ,キリリ,綺麗,ツン,さっぱり,あっさり,コク,なめらか,まろやか",463,https://sakenowa.com/brands/463,2026-09-28T20:22:25.314331+00:00
sn_464,324,若鶴酒造,若鶴,,富山県,富山縣,,,,,,,,,,0.24650249950323816,0.5144703104399003,0.27479321175327964,0.41724941664945947,0.4908265900646182,0.4289961433160802,"辛口,酸味,甘甜,輕快,鮮味,しっかり,キリリ,清爽,果香,平衡,華麗,苦味,ふくよか","辛口,酸味,甘味,軽快,旨味,しっかり,キリリ,スッキリ,フルーティ,バランス,華やか,苦味,ふくよか",464,https://sakenowa.com/brands/464,2026-09-28T20:22:25.314499+00:00
sn_1802,324,若鶴酒造,苗加屋,,富山県,富山縣,,,,,,,,,,0.27171085767989617,0.5833485224916294,0.35672055151218385,0.41979755313721956,0.31974607374947384,0.4244533212926142,"鮮味,甘甜,酸味,濃厚,辛口,清爽,清新,餘韻,果香,しっかり,爽快,平衡,俐落,鮮爽,苦味,穩定,ふくよか,芳醇,醇厚,柔らかい","旨味,甘味,酸味,濃厚,辛口,スッキリ,さわやか,余韻,フルーティ,しっかり,爽快,バランス,キレ,フレッシュ,苦味,安定,ふくよか,芳醇,コク,柔らかい",1802,https://sakenowa.com/brands/1802,2026-09-28T20:22:25.314507+00:00
sn_124188,324,若鶴酒造,我論,,富山県,富山縣,,,,,,,,,,,,,,,,優格,ヨーグルト,124188,https://sakenowa.com/brands/124188,2026-09-28T20:22:25.314512+00:00
sn_465,325,桝田酒造店,満寿泉,,富山県,富山縣,,,,,,,,,,0.38377151875773274,0.5255911471675792,0.3691109924575357,0.39901456387744105,0.3052335117294921,0.4334170321842946,"ワイン,鮮味,清爽,甘甜,酸味,辛口,果香,清新,輕快,しっかり,鮮爽,高雅,苦味,優しい,平衡,柑橘,哈密瓜,俐落,蜂蜜,純淨","ワイン,旨味,スッキリ,甘味,酸味,辛口,フルーティ,さわやか,軽快,しっかり,フレッシュ,上品,苦味,優しい,バランス,柑橘,メロン,キレ,ハチミツ,綺麗",465,https://sakenowa.com/brands/465,2026-09-28T20:22:25.314681+00:00
sn_3447,325,桝田酒造店,みゃあらくもん,,富山県,富山縣,,,,,,,,,,,,,,,,鮮味,旨味,3447,https://sakenowa.com/brands/3447,2026-09-28T20:22:25.314686+00:00
sn_466,327,加越酒造,深山流水,,石川県,石川縣,,,,,,,,,,,,,,,,"平衡,輕快,鮮味,ふくよか,キリリ,辛口,甘甜,酸味,濃厚,清爽","バランス,軽快,旨味,ふくよか,キリリ,辛口,甘味,酸味,濃厚,スッキリ",466,https://sakenowa.com/brands/466,2026-09-28T20:22:25.314852+00:00
sn_467,327,加越酒造,関白,,石川県,石川縣,,,,,,,,,,,,,,,,"醇厚,苦味,鮮爽,酸味,鮮味","コク,苦味,フレッシュ,酸味,旨味",467,https://sakenowa.com/brands/467,2026-09-28T20:22:25.314870+00:00
sn_1174,327,加越酒造,加賀ノ月,,石川県,石川縣,,,,,,,,,,0.1988613678272354,0.5600196844178859,0.4222001351869583,0.6047593994121251,0.20613046399355256,0.24567347421928776,"優しい,鮮味,圓潤,香蕉,甘甜,深み,しっかり,酸味,平衡,辛口,苦味,清爽,ふくよか,餘韻,華麗,滑順,紹興酒,果香,醇厚,穩重","優しい,旨味,まろやか,バナナ,甘味,深み,しっかり,酸味,バランス,辛口,苦味,スッキリ,ふくよか,余韻,華やか,なめらか,紹興酒,フルーティ,コク,穏やか",1174,https://sakenowa.com/brands/1174,2026-09-28T20:22:25.314880+00:00
sn_2590,327,加越酒造,加賀山水,,石川県,石川縣,,,,,,,,,,,,,,,,,,2590,https://sakenowa.com/brands/2590,2026-09-28T20:22:25.314884+00:00
sn_9780,327,加越酒造,加賀吟醸,,石川県,石川縣,,,,,,,,,,,,,,,,,,9780,https://sakenowa.com/brands/9780,2026-09-28T20:22:25.314889+00:00
sn_13032,327,加越酒造,こっそり,,石川県,石川縣,,,,,,,,,,,,,,,,,,13032,https://sakenowa.com/brands/13032,2026-09-28T20:22:25.314896+00:00
sn_28404,327,加越酒造,酒峰加越,,石川県,石川縣,,,,,,,,,,,,,,,,,,28404,https://sakenowa.com/brands/28404,2026-09-28T20:22:25.314900+00:00
sn_468,328,車多酒造,五凛,,石川県,石川縣,,,,,,,,,,0.26009594597602564,0.5693846768284619,0.332734774660252,0.4861341807443792,0.34605642601781317,0.37597508791852774,"鮮味,酸味,平衡,辛口,清爽,果香,甘甜,穩重,滑順,俐落,輕快,優しい,苦味,しっかり,純淨,清新,優格,餘韻,どっしり,高雅","旨味,酸味,バランス,辛口,スッキリ,フルーティ,甘味,穏やか,なめらか,キレ,軽快,優しい,苦味,しっかり,綺麗,さわやか,ヨーグルト,余韻,どっしり,上品",468,https://sakenowa.com/brands/468,2026-09-28T20:22:25.315066+00:00
sn_469,328,車多酒造,天狗舞,,石川県,石川縣,,,,,,,,,,0.19234029731299254,0.6177236667045373,0.5154558534434498,0.40180618827243436,0.25869316128191183,0.2955631576253778,"鮮味,酸味,濃厚,辛口,常溫,しっかり,熱燗,甘甜,醇厚,苦味,清爽,どっしり,紹興酒,冷酒,芳醇,俐落,餘韻,輕快,果香,平衡","旨味,酸味,濃厚,辛口,常温,しっかり,熱燗,甘味,コク,苦味,スッキリ,どっしり,紹興酒,冷酒,芳醇,キレ,余韻,軽快,フルーティ,バランス",469,https://sakenowa.com/brands/469,2026-09-28T20:22:25.315075+00:00
sn_470,329,吉田酒造店,手取川,,石川県,石川縣,,,,,,,,,,0.42772829900425824,0.4518222207842143,0.2118840133840252,0.3256144512689588,0.35266523806738787,0.581044582534344,"氣泡感,辛口,鮮爽,清新,鮮味,甘甜,酸味,果香,清爽,苦味,平衡,蘋果,俐落,純淨,しっかり,多汁,優しい,華麗,哈密瓜,輕快","ガス,辛口,フレッシュ,さわやか,旨味,甘味,酸味,フルーティ,スッキリ,苦味,バランス,リンゴ,キレ,綺麗,しっかり,ジューシー,優しい,華やか,メロン,軽快",470,https://sakenowa.com/brands/470,2026-09-28T20:22:25.315241+00:00
sn_1967,329,吉田酒造店,吉田蔵,,石川県,石川縣,,,,,,,,,,0.4635450689252036,0.5030882045983568,0.1816591189837347,0.40398941710485814,0.2172300697415171,0.537244673893149,"氣泡感,鮮爽,優格,酸味,優しい,哈密瓜,果香,甘甜,清新,ワイン,輕快,鮮味,清爽,麝香葡萄,スイスイ,辛口,平衡,苦味,しっかり,若い","ガス,フレッシュ,ヨーグルト,酸味,優しい,メロン,フルーティ,甘味,さわやか,ワイン,軽快,旨味,スッキリ,マスカット,スイスイ,辛口,バランス,苦味,しっかり,若い",1967,https://sakenowa.com/brands/1967,2026-09-28T20:22:25.315256+00:00
sn_4113,329,吉田酒造店,加賀美人,,石川県,石川縣,,,,,,,,,,,,,,,,,,4113,https://sakenowa.com/brands/4113,2026-09-28T20:22:25.315261+00:00
sn_45805,329,吉田酒造店,吉田蔵u,,石川県,石川縣,,,,,,,,,,0.4586865812597691,0.4272012565463734,0.1835108631158242,0.3342027194984039,0.1909213126854842,0.6521403716518652,"氣泡感,鮮爽,酸味,清新,輕快,甘甜,優格,優しい,柑橘,鮮味,苦味,柔らかい,果香,哈密瓜,清爽,スイスイ,純淨,麝香葡萄,香蕉,餘韻","ガス,フレッシュ,酸味,さわやか,軽快,甘味,ヨーグルト,優しい,柑橘,旨味,苦味,柔らかい,フルーティ,メロン,スッキリ,スイスイ,綺麗,マスカット,バナナ,余韻",45805,https://sakenowa.com/brands/45805,2026-09-28T20:22:25.315270+00:00
sn_471,330,見砂酒造,朱鷺の里,,石川県,石川縣,,,,,,,,,,,,,,,,"しっかり,辛口","しっかり,辛口",471,https://sakenowa.com/brands/471,2026-09-28T20:22:25.315439+00:00
sn_472,332,数馬酒造,竹葉,,石川県,石川縣,,,,,,,,,,0.3548235113977707,0.5500734082171713,0.30698727214544613,0.44455487872488786,0.24817230180837135,0.4669687403771626,"酸味,鮮味,甘甜,清爽,果香,清新,高雅,鮮爽,しっかり,氣泡感,苦味,純淨,優しい,平衡,俐落,哈密瓜,柔らかい,餘韻,ほのか,辛口","酸味,旨味,甘味,スッキリ,フルーティ,さわやか,上品,フレッシュ,しっかり,ガス,苦味,綺麗,優しい,バランス,キレ,メロン,柔らかい,余韻,ほのか,辛口",472,https://sakenowa.com/brands/472,2026-09-28T20:22:25.315604+00:00
sn_1043,332,数馬酒造,閃,,石川県,石川縣,,,,,,,,,,0.287148875594202,0.5485216550103444,0.31063375769193674,0.40043927588653416,0.4652812050013631,0.3786000163917495,鮮味,旨味,1043,https://sakenowa.com/brands/1043,2026-09-28T20:22:25.315612+00:00
sn_9767,332,数馬酒造,NOTO,,石川県,石川縣,,,,,,,,,,,,,,,,,,9767,https://sakenowa.com/brands/9767,2026-09-28T20:22:25.315616+00:00
sn_473,333,御祖酒造,遊穂,,石川県,石川縣,,,,,,,,,,0.25495687927603383,0.5718232215967077,0.44794272802687635,0.44313215861691363,0.28487232461687484,0.3603389432566519,"酸味,鮮味,しっかり,花香,辛口,氣泡感,穩重,甘甜,苦味,平衡,濃厚,常溫,清爽,優格,どっしり,熱燗,輕快,鮮爽,俐落,果香","酸味,旨味,しっかり,花,辛口,ガス,穏やか,甘味,苦味,バランス,濃厚,常温,スッキリ,ヨーグルト,どっしり,熱燗,軽快,フレッシュ,キレ,フルーティ",473,https://sakenowa.com/brands/473,2026-09-28T20:22:25.315784+00:00
sn_474,333,御祖酒造,ほまれ,,石川県,石川縣,,,,,,,,,,,,,,,,,,474,https://sakenowa.com/brands/474,2026-09-28T20:22:25.315788+00:00
sn_3810,333,御祖酒造,遊穂の湯〜ほっ。,,石川県,石川縣,,,,,,,,,,,,,,,,,,3810,https://sakenowa.com/brands/3810,2026-09-28T20:22:25.315793+00:00
sn_475,334,宗玄酒造,宗玄,,石川県,石川縣,,,,,,,,,,0.18836830801411708,0.6042056487018597,0.48104180423360027,0.4592915414745942,0.2736149873481728,0.2867713650640463,"鮮味,濃厚,甘甜,酸味,しっかり,辛口,俐落,醇厚,常溫,苦味,どっしり,清爽,餘韻,果香,冷酒,圓潤,鮮爽,熱燗,平衡,清新","旨味,濃厚,甘味,酸味,しっかり,辛口,キレ,コク,常温,苦味,どっしり,スッキリ,余韻,フルーティ,冷酒,まろやか,フレッシュ,熱燗,バランス,さわやか",475,https://sakenowa.com/brands/475,2026-09-28T20:22:25.315973+00:00
sn_3372,334,宗玄酒造,能登乃国,,石川県,石川縣,,,,,,,,,,,,,,,,,,3372,https://sakenowa.com/brands/3372,2026-09-28T20:22:25.315980+00:00
sn_476,335,鹿野酒造,常きげん,,石川県,石川縣,,,,,,,,,,0.28278590312231555,0.5900077669408744,0.3978468820962334,0.428618371630584,0.31099522121610446,0.36497820514729057,"鮮味,しっかり,甘甜,苦味,酸味,果香,辛口,醇厚,華麗,俐落,清爽,ふくよか,清新,濃厚,餘韻,キリリ,冷酒,常溫,芳醇,鮮爽","旨味,しっかり,甘味,苦味,酸味,フルーティ,辛口,コク,華やか,キレ,スッキリ,ふくよか,さわやか,濃厚,余韻,キリリ,冷酒,常温,芳醇,フレッシュ",476,https://sakenowa.com/brands/476,2026-09-28T20:22:25.316146+00:00
sn_2687,335,鹿野酒造,黒ゆり,,石川県,石川縣,,,,,,,,,,,,,,,,"辛口,清爽","辛口,スッキリ",2687,https://sakenowa.com/brands/2687,2026-09-28T20:22:25.316152+00:00
sn_477,336,久世酒造店,長生舞,,石川県,石川縣,,,,,,,,,,,,,,,,,,477,https://sakenowa.com/brands/477,2026-09-28T20:22:25.316313+00:00
sn_1868,336,久世酒造店,加賀金沢紀行,,石川県,石川縣,,,,,,,,,,,,,,,,辛口,辛口,1868,https://sakenowa.com/brands/1868,2026-09-28T20:22:25.316318+00:00
sn_4117,336,久世酒造店,能登路,,石川県,石川縣,,,,,,,,,,0.18364001420291645,0.5383744846218135,0.51582660759778,0.39574533816189267,0.3468723736219239,0.3652634037608159,冷酒,冷酒,4117,https://sakenowa.com/brands/4117,2026-09-28T20:22:25.316325+00:00
sn_478,337,松浦酒造,獅子の里,,石川県,石川縣,,,,,,,,,,0.3672654942289843,0.4619243829251228,0.2796891781703381,0.35628134600205175,0.4209747170167837,0.5189988197924834,"氣泡感,辛口,酸味,甘甜,鮮味,清新,清爽,苦味,穩重,甘酸っぱい,果香,ブドウ,純淨,平衡,俐落,優格,蘋果,香蕉,ふんわり,華麗","ガス,辛口,酸味,甘味,旨味,さわやか,スッキリ,苦味,穏やか,甘酸っぱい,フルーティ,ブドウ,綺麗,バランス,キレ,ヨーグルト,リンゴ,バナナ,ふんわり,華やか",478,https://sakenowa.com/brands/478,2026-09-28T20:22:25.316496+00:00
sn_479,338,中村酒造,日榮,,石川県,石川縣,,,,,,,,,,0.32781945572944393,0.6134944825161394,0.262304612284565,0.44592149754744964,0.35282202340031155,0.3521730435034733,,,479,https://sakenowa.com/brands/479,2026-09-28T20:22:25.316658+00:00
sn_3044,338,中村酒造,ichi椿,,石川県,石川縣,,,,,,,,,,,,,,,,"花香,柑橘,豐潤,甘甜,清爽","花,柑橘,豊か,甘味,スッキリ",3044,https://sakenowa.com/brands/3044,2026-09-28T20:22:25.316664+00:00
sn_480,339,小堀酒造店,萬歳楽,,石川県,石川縣,,,,,,,,,,0.29432182840412396,0.6049028538085937,0.4417810493509343,0.3776775386845576,0.2876389737079469,0.3562586150409185,"辛口,鮮味,哈密瓜,清爽,熱燗,果香,酸味,しっかり,甘甜,俐落,餘韻,鮮爽,平衡,濃厚,苦味,セメダイン,優格,ふくよか,穩重,純淨","辛口,旨味,メロン,スッキリ,熱燗,フルーティ,酸味,しっかり,甘味,キレ,余韻,フレッシュ,バランス,濃厚,苦味,セメダイン,ヨーグルト,ふくよか,穏やか,綺麗",480,https://sakenowa.com/brands/480,2026-09-28T20:22:25.316830+00:00
sn_2119,339,小堀酒造店,加賀梅酒,,石川県,石川縣,,,,,,,,,,,,,,,,"ちびちび,深み,さっぱり,濃厚,清爽,甘甜","ちびちび,深み,さっぱり,濃厚,スッキリ,甘味",2119,https://sakenowa.com/brands/2119,2026-09-28T20:22:25.316838+00:00
sn_481,340,東酒造,神泉,,石川県,石川縣,,,,,,,,,,0.2606521208054887,0.5909215633955404,0.43424257128281857,0.38856580010574515,0.35623864254558574,0.3411982058348464,"甘甜,鮮味,清爽,辛口,果香,酸味,濃厚,セメダイン,苦味,花香,控えめ,常溫,しっかり","甘味,旨味,スッキリ,辛口,フルーティ,酸味,濃厚,セメダイン,苦味,花,控えめ,常温,しっかり",481,https://sakenowa.com/brands/481,2026-09-28T20:22:25.317014+00:00
sn_482,341,橋本酒造,十代目,,石川県,石川縣,,,,,,,,,,,,,,,,,,482,https://sakenowa.com/brands/482,2026-09-28T20:22:25.317180+00:00
sn_483,341,橋本酒造,雪月花の舞,,石川県,石川縣,,,,,,,,,,,,,,,,"穩重,鮮味","穏やか,旨味",483,https://sakenowa.com/brands/483,2026-09-28T20:22:25.317186+00:00
sn_3926,341,橋本酒造,雪のひとりごと,,石川県,石川縣,,,,,,,,,,,,,,,,,,3926,https://sakenowa.com/brands/3926,2026-09-28T20:22:25.317190+00:00
sn_486,342,菊姫,先一杯,,石川県,石川縣,,,,,,,,,,0.11086267711871382,0.5642260204384657,0.5746443096957107,0.40029762519852163,0.3193665738329778,0.27732505259206747,"濃厚,鮮味","濃厚,旨味",486,https://sakenowa.com/brands/486,2026-09-28T20:22:25.317355+00:00
sn_1041,342,菊姫,菊姫,,石川県,石川縣,,,,,,,,,,0.1229421435200303,0.6477728492313365,0.5919981983590438,0.40048660171839484,0.13707040854650615,0.1887746890608177,"鮮味,濃厚,酸味,カラメル,しっかり,甘甜,熱燗,常溫,優格,どっしり,冷酒,ツン,紹興酒,芳醇,醇厚,鮮爽,圓潤,餘韻,香蕉,辛口","旨味,濃厚,酸味,カラメル,しっかり,甘味,熱燗,常温,ヨーグルト,どっしり,冷酒,ツン,紹興酒,芳醇,コク,フレッシュ,まろやか,余韻,バナナ,辛口",1041,https://sakenowa.com/brands/1041,2026-09-28T20:22:25.317365+00:00
sn_488,344,福光屋,福正宗,,石川県,石川縣,,,,,,,,,,0.2655080684394708,0.49371851007281076,0.37903639769130437,0.40141439861980716,0.3620595404049981,0.499858257321658,"辛口,酸味,氣泡感,清爽,清新,甘甜,鮮味,しっかり,常溫,苦味,さらり,鮮爽,柔らかい,醇厚,さっぱり,餘韻,輕快,果香,スイスイ,濃厚","辛口,酸味,ガス,スッキリ,さわやか,甘味,旨味,しっかり,常温,苦味,さらり,フレッシュ,柔らかい,コク,さっぱり,余韻,軽快,フルーティ,スイスイ,濃厚",488,https://sakenowa.com/brands/488,2026-09-28T20:22:25.317691+00:00
sn_490,344,福光屋,黒帯,,石川県,石川縣,,,,,,,,,,0.056981293392407144,0.6328719162367756,0.4598682105145287,0.3755857673371056,0.4384475607011516,0.2268183561559623,"熱燗,常溫,辛口,俐落,鮮味,醇厚,冷酒,芳醇,清爽,酸味,しっかり,餘韻,ほのか,平衡,燗酒,じっくり,濃厚","熱燗,常温,辛口,キレ,旨味,コク,冷酒,芳醇,スッキリ,酸味,しっかり,余韻,ほのか,バランス,燗酒,じっくり,濃厚",490,https://sakenowa.com/brands/490,2026-09-28T20:22:25.317700+00:00
sn_491,344,福光屋,加賀鳶,,石川県,石川縣,,,,,,,,,,0.26883839781540037,0.4956571998175672,0.3138833520511735,0.3616414588303342,0.5100115199590777,0.4388972569956149,"辛口,鮮味,清爽,俐落,酸味,果香,しっかり,甘甜,醇厚,華麗,キリリ,苦味,ふくよか,さっぱり,輕快,常溫,平衡,清新,冷酒,鮮爽","辛口,旨味,スッキリ,キレ,酸味,フルーティ,しっかり,甘味,コク,華やか,キリリ,苦味,ふくよか,さっぱり,軽快,常温,バランス,さわやか,冷酒,フレッシュ",491,https://sakenowa.com/brands/491,2026-09-28T20:22:25.317708+00:00
sn_492,344,福光屋,風よ水よ人よ,,石川県,石川縣,,,,,,,,,,,,,,,,,,492,https://sakenowa.com/brands/492,2026-09-28T20:22:25.317712+00:00
sn_1254,344,福光屋,百々登勢,,石川県,石川縣,,,,,,,,,,,,,,,,,,1254,https://sakenowa.com/brands/1254,2026-09-28T20:22:25.317719+00:00
sn_1549,344,福光屋,しろき,,石川県,石川縣,,,,,,,,,,,,,,,,氣泡感,ガス,1549,https://sakenowa.com/brands/1549,2026-09-28T20:22:25.317724+00:00
sn_1936,344,福光屋,金色のしずく,,石川県,石川縣,,,,,,,,,,,,,,,,"するする,鮮味,ツン,芳醇,醇厚,俐落,清新,しっかり,酸味,辛口","するする,旨味,ツン,芳醇,コク,キレ,さわやか,しっかり,酸味,辛口",1936,https://sakenowa.com/brands/1936,2026-09-28T20:22:25.317731+00:00
sn_2006,344,福光屋,福政宗,,石川県,石川縣,,,,,,,,,,,,,,,,,,2006,https://sakenowa.com/brands/2006,2026-09-28T20:22:25.317735+00:00
sn_2405,344,福光屋,碧龍,,石川県,石川縣,,,,,,,,,,0.34518152304450606,0.43113859502393875,0.20093211884020018,0.23739186309343943,0.616782718564436,0.4667115737424308,辛口,辛口,2405,https://sakenowa.com/brands/2405,2026-09-28T20:22:25.317740+00:00
sn_2542,344,福光屋,酒炭酸,,石川県,石川縣,,,,,,,,,,,,,,,,"氣泡感,優格,ふんわり,ほのか,清新,酸味,苦味,甘甜","ガス,ヨーグルト,ふんわり,ほのか,さわやか,酸味,苦味,甘味",2542,https://sakenowa.com/brands/2542,2026-09-28T20:22:25.317748+00:00
sn_2828,344,福光屋,加賀纏,,石川県,石川縣,,,,,,,,,,0.25493442020648255,0.43510681336346857,0.2525327749979778,0.4498797197908346,0.5183719878355961,0.45914749248883596,"辛口,清爽,酸味,輕快,鮮味,甘甜,熱燗,清新,常溫,苦味","辛口,スッキリ,酸味,軽快,旨味,甘味,熱燗,さわやか,常温,苦味",2828,https://sakenowa.com/brands/2828,2026-09-28T20:22:25.317755+00:00
sn_3244,344,福光屋,ゆり,,石川県,石川縣,,,,,,,,,,,,,,,,厚重,重い,3244,https://sakenowa.com/brands/3244,2026-09-28T20:22:25.317760+00:00
sn_4194,344,福光屋,零の雫,,石川県,石川縣,,,,,,,,,,,,,,,,"輕快,酸味,ジュース,濃厚,果香,甘甜,鮮味","軽快,酸味,ジュース,濃厚,フルーティ,甘味,旨味",4194,https://sakenowa.com/brands/4194,2026-09-28T20:22:25.317766+00:00
sn_493,345,やちや酒造,加賀鶴,,石川県,石川縣,,,,,,,,,,0.20359119769395195,0.5562511961193272,0.304990018911058,0.5459706339335373,0.36279063857817556,0.35554934797330684,"辛口,酸味,鮮味,清爽,甘甜,常溫,苦味,穩重,果香","辛口,酸味,旨味,スッキリ,甘味,常温,苦味,穏やか,フルーティ",493,https://sakenowa.com/brands/493,2026-09-28T20:22:25.317946+00:00
sn_494,346,豊酒造,越前国府,,福井県,福井縣,,,,,,,,,,,,,,,,,,494,https://sakenowa.com/brands/494,2026-09-28T20:22:25.318116+00:00
sn_495,346,豊酒造,華燭,,福井県,福井縣,,,,,,,,,,0.28253513215131054,0.5311511029754502,0.52276463319575,0.4152654498507241,0.259452652513432,0.35356536941835415,"煙燻,鮮味,醤油,力道強勁,蘋果","スモーキー,旨味,醤油,力強い,リンゴ",495,https://sakenowa.com/brands/495,2026-09-28T20:22:25.318122+00:00
sn_496,347,久保田酒造,富久駒,,福井県,福井縣,,,,,,,,,,,,,,,,,,496,https://sakenowa.com/brands/496,2026-09-28T20:22:25.318283+00:00
sn_497,348,安本酒造,白岳仙,,福井県,福井縣,,,,,,,,,,0.3814198005397341,0.45473317208787845,0.2286528097621375,0.3236058132190668,0.41200221816162697,0.5665580468299172,"酸味,鮮味,辛口,餘韻,俐落,氣泡感,清新,櫻花,清爽,純淨,苦味,鮮爽,甘甜,柔らかい,穩重,柑橘,果香,さっぱり,輕快,しっかり","酸味,旨味,辛口,余韻,キレ,ガス,さわやか,桜,スッキリ,綺麗,苦味,フレッシュ,甘味,柔らかい,穏やか,柑橘,フルーティ,さっぱり,軽快,しっかり",497,https://sakenowa.com/brands/497,2026-09-28T20:22:25.318449+00:00
sn_3023,348,安本酒造,白岳山,,福井県,福井縣,,,,,,,,,,,,,,,,"酸味,俐落,ワイン,ツン,鮮味,さっぱり,平衡,清新,しっかり,甘甜","酸味,キレ,ワイン,ツン,旨味,さっぱり,バランス,さわやか,しっかり,甘味",3023,https://sakenowa.com/brands/3023,2026-09-28T20:22:25.318456+00:00
sn_4299,348,安本酒造,我が天下,,福井県,福井縣,,,,,,,,,,,,,,,,"透き通る,丸み,純淨,俐落,餘韻,清爽","透き通る,丸み,綺麗,キレ,余韻,スッキリ",4299,https://sakenowa.com/brands/4299,2026-09-28T20:22:25.318462+00:00
sn_498,349,三宅彦右衛門酒造,早瀬浦,,福井県,福井縣,,,,,,,,,,0.2668244950407757,0.5191842984846055,0.30252074791326494,0.466318475255317,0.41920872462402836,0.41778544130921313,"鮮味,辛口,清爽,俐落,穩重,酸味,しっかり,甘甜,苦味,餘韻,キリリ,哈密瓜,清新,ツン,控えめ,ほのか,鳳梨,柔らかい,純淨,平衡","旨味,辛口,スッキリ,キレ,穏やか,酸味,しっかり,甘味,苦味,余韻,キリリ,メロン,さわやか,ツン,控えめ,ほのか,パイナップル,柔らかい,綺麗,バランス",498,https://sakenowa.com/brands/498,2026-09-28T20:22:25.318627+00:00
sn_1465,349,三宅彦右衛門酒造,枡々福々,,福井県,福井縣,,,,,,,,,,,,,,,,,,1465,https://sakenowa.com/brands/1465,2026-09-28T20:22:25.318632+00:00
sn_499,350,鳥浜酒造,鳥浜,,福井県,福井縣,,,,,,,,,,,,,,,,,,499,https://sakenowa.com/brands/499,2026-09-28T20:22:25.318793+00:00
sn_500,351,畠山酒造,雪きらら,,福井県,福井縣,,,,,,,,,,0.3215860789814969,0.5920978449703262,0.3927820309003194,0.24285444930868869,0.3343811419395952,0.47003806266595943,"鮮爽,起司","フレッシュ,チーズ",500,https://sakenowa.com/brands/500,2026-09-28T20:22:25.318973+00:00
sn_501,351,畠山酒造,百貴船,,福井県,福井縣,,,,,,,,,,,,,,,,,,501,https://sakenowa.com/brands/501,2026-09-28T20:22:25.318977+00:00
sn_4291,351,畠山酒造,智慧の水,,福井県,福井縣,,,,,,,,,,,,,,,,,,4291,https://sakenowa.com/brands/4291,2026-09-28T20:22:25.318982+00:00
sn_502,352,田嶋酒造,福千歳,,福井県,福井縣,,,,,,,,,,0.4163641947367032,0.5966689120240143,0.3998481737946082,0.36163253775642384,0.2684731304527218,0.32847007556125607,"ワイン,酸味,鮮味,辛口,苦味,甘甜,清新,冷酒,圓潤,櫻花,輕快,カラメル,熱燗,果香,清爽,蜂蜜,花香,ブドウ,俐落,餘韻","ワイン,酸味,旨味,辛口,苦味,甘味,さわやか,冷酒,まろやか,桜,軽快,カラメル,熱燗,フルーティ,スッキリ,ハチミツ,花,ブドウ,キレ,余韻",502,https://sakenowa.com/brands/502,2026-09-28T20:22:25.319154+00:00
sn_2604,352,田嶋酒造,ひと肌恋し,,福井県,福井縣,,,,,,,,,,,,,,,,"常溫,酸味,鮮味","常温,酸味,旨味",2604,https://sakenowa.com/brands/2604,2026-09-28T20:22:25.319159+00:00
sn_503,353,堀口酒造,鳴り瓢,,福井県,福井縣,,,,,,,,,,,,,,,,,,503,https://sakenowa.com/brands/503,2026-09-28T20:22:25.319325+00:00
sn_504,354,井波酒造,七ツ星,,福井県,福井縣,,,,,,,,,,,,,,,,,,504,https://sakenowa.com/brands/504,2026-09-28T20:22:25.319488+00:00
sn_505,355,わかさ冨士,わかさ,,福井県,福井縣,,,,,,,,,,,,,,,,,,505,https://sakenowa.com/brands/505,2026-09-28T20:22:25.319649+00:00
sn_506,356,美川酒造場,舞美人,,福井県,福井縣,,,,,,,,,,0.2733939458124681,0.6184010229597492,0.6206988218475862,0.2576457511013391,0.08969968316228263,0.288342732754714,"酸味,紹興酒,起司,甘酸っぱい,檸檬,葡萄柚,鮮味,醤油,濃厚,蜂蜜,甘甜,優格,醇厚,常溫,ワイン,ジュース,氣泡感,奶油感,柳橙,しっかり","酸味,紹興酒,チーズ,甘酸っぱい,レモン,グレープフルーツ,旨味,醤油,濃厚,ハチミツ,甘味,ヨーグルト,コク,常温,ワイン,ジュース,ガス,クリーミー,オレンジ,しっかり",506,https://sakenowa.com/brands/506,2026-09-28T20:22:25.319815+00:00
sn_507,357,丹生酒造,飛鳥井,,福井県,福井縣,,,,,,,,,,0.2938880700262235,0.5545334402140003,0.3962100392199892,0.48408504754507614,0.27819635750375793,0.37068655791234817,"酸味,鮮味,穩重,純淨,辛口,苦味,櫻花,哈密瓜,昔ながら,ふくよか,甘甜,果香,キリリ,ピリリ,常溫,辛香,ほのか,圓潤,優格,濃厚","酸味,旨味,穏やか,綺麗,辛口,苦味,桜,メロン,昔ながら,ふくよか,甘味,フルーティ,キリリ,ピリリ,常温,スパイシー,ほのか,まろやか,ヨーグルト,濃厚",507,https://sakenowa.com/brands/507,2026-09-28T20:22:25.319994+00:00
sn_508,359,舟木酒造,北の庄,,福井県,福井縣,,,,,,,,,,0.25225914695540524,0.47984569422081047,0.3931043351667651,0.5093060193454861,0.39850833186555507,0.36521350232482247,"辛口,鮮味,煙燻,苦味,清爽","辛口,旨味,スモーキー,苦味,スッキリ",508,https://sakenowa.com/brands/508,2026-09-28T20:22:25.320162+00:00
sn_509,359,舟木酒造,富成喜,,福井県,福井縣,,,,,,,,,,,,,,,,,,509,https://sakenowa.com/brands/509,2026-09-28T20:22:25.320167+00:00
sn_510,360,伊藤酒造,越の鷹,,福井県,福井縣,,,,,,,,,,0.22768903931141884,0.39700277592186356,0.27556120715702753,0.43552011558391895,0.57158118638981,0.4452299346235905,"辛口,清爽,輕快,鮮味,しっかり,俐落,純淨,酸味,甘甜,控えめ,苦味,ヤクルト,蘋果,さっぱり,清新,銳利,穩重","辛口,スッキリ,軽快,旨味,しっかり,キレ,綺麗,酸味,甘味,控えめ,苦味,ヤクルト,リンゴ,さっぱり,さわやか,シャープ,穏やか",510,https://sakenowa.com/brands/510,2026-09-28T20:22:25.320332+00:00
sn_511,361,毛利酒造,越の桂月,,福井県,福井縣,,,,,,,,,,,,,,,,,,511,https://sakenowa.com/brands/511,2026-09-28T20:22:25.320493+00:00
sn_1071,361,毛利酒造,紗利,,福井県,福井縣,,,,,,,,,,0.24130616440564207,0.49500625622760613,0.306686422011526,0.4388271305456477,0.45901295079069443,0.4465662776930514,"辛口,酸味,鮮味,俐落,柑橘,穩重,醇厚,清新,苦味,清爽,餘韻,さっぱり,甘甜,花香,柔らかい,控えめ,燗酒,厚み,果香,ふんわり","辛口,酸味,旨味,キレ,柑橘,穏やか,コク,さわやか,苦味,スッキリ,余韻,さっぱり,甘味,花,柔らかい,控えめ,燗酒,厚み,フルーティ,ふんわり",1071,https://sakenowa.com/brands/1071,2026-09-28T20:22:25.320502+00:00
sn_512,363,宇野酒造場,一乃谷,,福井県,福井縣,,,,,,,,,,0.21885945614482233,0.534086044918487,0.42743877052851476,0.3653016094230071,0.41301352703379657,0.42440934623127297,"辛口,鮮味,甘甜,輕快,しっかり,香蕉,酸味,濃厚,優格,醇厚,純淨,こってり,俐落,餘韻,穩重,清新","辛口,旨味,甘味,軽快,しっかり,バナナ,酸味,濃厚,ヨーグルト,コク,綺麗,こってり,キレ,余韻,穏やか,さわやか",512,https://sakenowa.com/brands/512,2026-09-28T20:22:25.320673+00:00
sn_513,364,一本義久保本店,一本義,,福井県,福井縣,,,,,,,,,,0.21456488444209434,0.5359978522796964,0.3529977763975852,0.4209280509306946,0.4422693234038049,0.4114343253666263,"辛口,鮮味,甘甜,清爽,苦味,清新,鮮爽,しっかり,酸味,俐落,焦糖,餘韻,果香,冷酒,輕快,熱燗,ツン,穩重,濃厚,レーズン","辛口,旨味,甘味,スッキリ,苦味,さわやか,フレッシュ,しっかり,酸味,キレ,キャラメル,余韻,フルーティ,冷酒,軽快,熱燗,ツン,穏やか,濃厚,レーズン",513,https://sakenowa.com/brands/513,2026-09-28T20:22:25.320839+00:00
sn_1910,364,一本義久保本店,伝心,,福井県,福井縣,,,,,,,,,,0.4005259956307396,0.5519086904858095,0.3190534063611244,0.3701425747998319,0.3232901319232172,0.4377883198547291,"鮮味,果香,水蜜桃,辛口,清爽,苦味,甘甜,華麗,清新,櫻花,俐落,鳳梨,しっかり,純淨,優しい,酸味,焦糖,柔らかい,餘韻,さっぱり","旨味,フルーティ,桃,辛口,スッキリ,苦味,甘味,華やか,さわやか,桜,キレ,パイナップル,しっかり,綺麗,優しい,酸味,キャラメル,柔らかい,余韻,さっぱり",1910,https://sakenowa.com/brands/1910,2026-09-28T20:22:25.320848+00:00
sn_514,366,常山酒造,常山,,福井県,福井縣,,,,,,,,,,0.3594068693725861,0.4203742648201524,0.20033193843845756,0.2988559771229169,0.5032475780711452,0.5580378788842533,"辛口,氣泡感,鮮味,酸味,清爽,俐落,鮮爽,苦味,果香,甘甜,清新,銳利,ピリリ,平衡,しっかり,純淨,輕快,水蜜桃,優しい,餘韻","辛口,ガス,旨味,酸味,スッキリ,キレ,フレッシュ,苦味,フルーティ,甘味,さわやか,シャープ,ピリリ,バランス,しっかり,綺麗,軽快,桃,優しい,余韻",514,https://sakenowa.com/brands/514,2026-09-28T20:22:25.321027+00:00
sn_515,366,常山酒造,羽二重正宗,,福井県,福井縣,,,,,,,,,,,,,,,,"熱燗,深み,複雜,ほのか,苦味,清爽,甘甜","熱燗,深み,複雑,ほのか,苦味,スッキリ,甘味",515,https://sakenowa.com/brands/515,2026-09-28T20:22:25.321034+00:00
sn_516,366,常山酒造,越山若水,,福井県,福井縣,,,,,,,,,,,,,,,,"華麗,純淨,辛口,しっかり,甘甜","華やか,綺麗,辛口,しっかり,甘味",516,https://sakenowa.com/brands/516,2026-09-28T20:22:25.321042+00:00
sn_517,367,吉田金右衛門商店,雲乃井,,福井県,福井縣,,,,,,,,,,0.19125408895981696,0.5196802024066485,0.4100360584677379,0.5470957639139382,0.3909982847112388,0.27024314588768095,"甘辛い,穩重","甘辛い,穏やか",517,https://sakenowa.com/brands/517,2026-09-28T20:22:25.321206+00:00
sn_518,368,田辺酒造,越前菊水,,福井県,福井縣,,,,,,,,,,,,,,,,,,518,https://sakenowa.com/brands/518,2026-09-28T20:22:25.321367+00:00
sn_519,368,田辺酒造,越前岬,,福井県,福井縣,,,,,,,,,,0.2242168616316321,0.5379154212804013,0.3598878902782411,0.5606547916495241,0.31968965866359095,0.33811127115766515,"鮮味,辛口,酸味,穩重,甘甜,しっかり,俐落,常溫,餘韻,純淨,輕快,滑順,平衡,果香,優しい,心地よい,苦味,清爽,醇厚,冷酒","旨味,辛口,酸味,穏やか,甘味,しっかり,キレ,常温,余韻,綺麗,軽快,なめらか,バランス,フルーティ,優しい,心地よい,苦味,スッキリ,コク,冷酒",519,https://sakenowa.com/brands/519,2026-09-28T20:22:25.321376+00:00
sn_2659,368,田辺酒造,Stark Kaiser,,福井県,福井縣,,,,,,,,,,,,,,,,,,2659,https://sakenowa.com/brands/2659,2026-09-28T20:22:25.321383+00:00
sn_520,369,片山酒造,関西,,福井県,福井縣,,,,,,,,,,0.2253348513846547,0.5414747903764844,0.34031032275849427,0.5196625462485138,0.2841543556696237,0.435230146638189,氣泡感,ガス,520,https://sakenowa.com/brands/520,2026-09-28T20:22:25.321547+00:00
sn_521,370,西岡河村酒造,月丸,,福井県,福井縣,,,,,,,,,,,,,,,,,,521,https://sakenowa.com/brands/521,2026-09-28T20:22:25.321708+00:00
sn_4254,370,西岡河村酒造,石田,,福井県,福井縣,,,,,,,,,,,,,,,,清爽,スッキリ,4254,https://sakenowa.com/brands/4254,2026-09-28T20:22:25.321713+00:00
sn_522,371,黒龍酒造,黒龍,,福井県,福井縣,,,,,,,,,,0.40370037784656554,0.5275548849826678,0.2556370137474016,0.38593745300348775,0.3559325341447451,0.46661105748391324,"哈密瓜,鮮味,果香,清爽,辛口,甘甜,純淨,俐落,苦味,清新,高雅,しっかり,平衡,穩定,酸味,香蕉,華麗,餘韻,輕快,ほのか","メロン,旨味,フルーティ,スッキリ,辛口,甘味,綺麗,キレ,苦味,さわやか,上品,しっかり,バランス,安定,酸味,バナナ,華やか,余韻,軽快,ほのか",522,https://sakenowa.com/brands/522,2026-09-28T20:22:25.321889+00:00
sn_523,371,黒龍酒造,九頭龍,,福井県,福井縣,,,,,,,,,,0.30622960276168765,0.6166922395988715,0.3080350762040432,0.41496787151135023,0.3382773880146336,0.37999812921941206,"哈密瓜,熱燗,鮮味,甘甜,辛口,清爽,果香,冷酒,苦味,常溫,清新,酸味,燗酒,俐落,香蕉,さっぱり,濃厚,しっかり,蘋果,餘韻","メロン,熱燗,旨味,甘味,辛口,スッキリ,フルーティ,冷酒,苦味,常温,さわやか,酸味,燗酒,キレ,バナナ,さっぱり,濃厚,しっかり,リンゴ,余韻",523,https://sakenowa.com/brands/523,2026-09-28T20:22:25.321898+00:00
sn_123818,371,黒龍酒造,ESHIKOTO,,福井県,福井縣,,,,,,,,,,,,,,,,,,123818,https://sakenowa.com/brands/123818,2026-09-28T20:22:25.321903+00:00
sn_524,372,南部酒造場,花垣,,福井県,福井縣,,,,,,,,,,0.24752776348957914,0.5901415929757571,0.44955847584057107,0.4034398846084578,0.3062746504925149,0.36303192878118506,"鮮味,酸味,甘甜,辛口,しっかり,苦味,清爽,鮮爽,氣泡感,濃厚,清新,常溫,燗酒,果香,餘韻,醇厚,どっしり,華麗,冷酒,俐落","旨味,酸味,甘味,辛口,しっかり,苦味,スッキリ,フレッシュ,ガス,濃厚,さわやか,常温,燗酒,フルーティ,余韻,コク,どっしり,華やか,冷酒,キレ",524,https://sakenowa.com/brands/524,2026-09-28T20:22:25.322071+00:00
sn_2917,372,南部酒造場,米しずく,,福井県,福井縣,,,,,,,,,,,,,,,,"紹興酒,圓潤,常溫","紹興酒,まろやか,常温",2917,https://sakenowa.com/brands/2917,2026-09-28T20:22:25.322077+00:00
sn_3046,372,南部酒造場,越の雫,,福井県,福井縣,,,,,,,,,,,,,,,,"ふくよか,清新,清爽,苦味,鮮味","ふくよか,さわやか,スッキリ,苦味,旨味",3046,https://sakenowa.com/brands/3046,2026-09-28T20:22:25.322082+00:00
sn_525,374,朝日酒造,富士の関,,福井県,福井縣,,,,,,,,,,,,,,,,"氣泡感,輕快,華麗,常溫,清新,辛口,苦味,甘甜","ガス,軽快,華やか,常温,さわやか,辛口,苦味,甘味",525,https://sakenowa.com/brands/525,2026-09-28T20:22:25.322245+00:00
sn_527,375,越の磯,無心,,福井県,福井縣,,,,,,,,,,,,,,,,"巧克力,しっかり,鮮味","チョコレート,しっかり,旨味",527,https://sakenowa.com/brands/527,2026-09-28T20:22:25.322422+00:00
sn_528,375,越の磯,春夏秋雪,,福井県,福井縣,,,,,,,,,,,,,,,,"芳醇,ほのか,さっぱり,常溫,餘韻,鮮味,果香,しっかり,辛口","芳醇,ほのか,さっぱり,常温,余韻,旨味,フルーティ,しっかり,辛口",528,https://sakenowa.com/brands/528,2026-09-28T20:22:25.322431+00:00
sn_3519,375,越の磯,一期一会,,福井県,福井縣,,,,,,,,,,,,,,,,"銳利,華麗,薄い,俐落,酸味","シャープ,華やか,薄い,キレ,酸味",3519,https://sakenowa.com/brands/3519,2026-09-28T20:22:25.322446+00:00
sn_529,376,寿喜娘酒造,酒屋千流,,福井県,福井縣,,,,,,,,,,,,,,,,清爽,スッキリ,529,https://sakenowa.com/brands/529,2026-09-28T20:22:25.322608+00:00
sn_530,376,寿喜娘酒造,寿喜娘,,福井県,福井縣,,,,,,,,,,,,,,,,,,530,https://sakenowa.com/brands/530,2026-09-28T20:22:25.322612+00:00
sn_531,377,吉田酒造,白龍,,福井県,福井縣,,,,,,,,,,0.39047974314202355,0.5374578187091007,0.22946268642134843,0.3774547211705347,0.30657491580742935,0.5191832945196083,"果香,鮮爽,鮮味,酸味,氣泡感,清新,甘甜,苦味,辛口,清爽,俐落,多汁,輕快,餘韻,しっかり,柔らかい,麝香葡萄,さらり,純淨,優しい","フルーティ,フレッシュ,旨味,酸味,ガス,さわやか,甘味,苦味,辛口,スッキリ,キレ,ジューシー,軽快,余韻,しっかり,柔らかい,マスカット,さらり,綺麗,優しい",531,https://sakenowa.com/brands/531,2026-09-28T20:22:25.322776+00:00
sn_532,378,萬屋醸造店,春鶯囀,,山梨県,山梨縣,,,,,,,,,,0.21292446513306557,0.5151319565442104,0.3843172794299176,0.5394530739024664,0.32152532814638773,0.3836851738650527,"鮮味,常溫,辛口,清爽,甘甜,輕快,巧克力,酸味,冷酒,しっかり,濃厚,昔ながら,ふんわり,醇厚,苦味,餘韻,優しい,鮮爽,圓潤,堅果","旨味,常温,辛口,スッキリ,甘味,軽快,チョコレート,酸味,冷酒,しっかり,濃厚,昔ながら,ふんわり,コク,苦味,余韻,優しい,フレッシュ,まろやか,ナッツ",532,https://sakenowa.com/brands/532,2026-09-28T20:22:25.322973+00:00
sn_533,379,笹一酒造,笹一,,山梨県,山梨縣,,,,,,,,,,0.3670908654789271,0.553065827249517,0.30793959159048007,0.3973829062859679,0.3303746864184743,0.4443816912378823,"鮮味,辛口,酸味,果香,清新,甘甜,鮮爽,高雅,苦味,清爽,純淨,しっかり,奶油感,平衡,俐落,さっぱり,ワイン,柑橘,圓潤,濃厚","旨味,辛口,酸味,フルーティ,さわやか,甘味,フレッシュ,上品,苦味,スッキリ,綺麗,しっかり,クリーミー,バランス,キレ,さっぱり,ワイン,柑橘,まろやか,濃厚",533,https://sakenowa.com/brands/533,2026-09-28T20:22:25.323139+00:00
sn_1380,379,笹一酒造,木火土金水,,山梨県,山梨縣,,,,,,,,,,,,,,,,"どっしり,濃厚,清爽,控えめ,平衡,餘韻,果香,辛口","どっしり,濃厚,スッキリ,控えめ,バランス,余韻,フルーティ,辛口",1380,https://sakenowa.com/brands/1380,2026-09-28T20:22:25.323146+00:00
sn_1669,379,笹一酒造,さ々一,,山梨県,山梨縣,,,,,,,,,,,,,,,,"果香,控えめ,穩重,優しい,輕快,ほのか,冷酒,濃厚,鮮味,清爽","フルーティ,控えめ,穏やか,優しい,軽快,ほのか,冷酒,濃厚,旨味,スッキリ",1669,https://sakenowa.com/brands/1669,2026-09-28T20:22:25.323155+00:00
sn_1746,379,笹一酒造,旦,,山梨県,山梨縣,,,,,,,,,,0.3225584759893998,0.6133914585585137,0.3623078214025968,0.4173337401640001,0.2414743252976358,0.39492111899484084,"鮮味,酸味,苦味,甘甜,清新,果香,哈密瓜,しっかり,鮮爽,氣泡感,清爽,醇厚,平衡,濃厚,餘韻,力道強勁,俐落,ほのか,辛口,常溫","旨味,酸味,苦味,甘味,さわやか,フルーティ,メロン,しっかり,フレッシュ,ガス,スッキリ,コク,バランス,濃厚,余韻,力強い,キレ,ほのか,辛口,常温",1746,https://sakenowa.com/brands/1746,2026-09-28T20:22:25.323164+00:00
sn_1957,379,笹一酒造,武蔵国分寺,,山梨県,山梨縣,,,,,,,,,,,,,,,,"果物,清涼,穩重,優しい,辛口,甘甜","果物,清涼,穏やか,優しい,辛口,甘味",1957,https://sakenowa.com/brands/1957,2026-09-28T20:22:25.323171+00:00
sn_3161,379,笹一酒造,猫芸者,,山梨県,山梨縣,,,,,,,,,,,,,,,,"落ち着く,穩定,濃厚,辛口,ふくよか,俐落,酸味,苦味,甘甜,鮮味","落ち着く,安定,濃厚,辛口,ふくよか,キレ,酸味,苦味,甘味,旨味",3161,https://sakenowa.com/brands/3161,2026-09-28T20:22:25.323178+00:00
sn_534,380,腕相撲酒造,腕相撲,,山梨県,山梨縣,,,,,,,,,,,,,,,,,,534,https://sakenowa.com/brands/534,2026-09-28T20:22:25.323340+00:00
sn_535,381,山梨銘醸,七賢,,山梨県,山梨縣,,,,,,,,,,0.4743513965339235,0.4522510561364048,0.2155131225567423,0.33192934474571495,0.3212611449835105,0.5573401256470144,"果香,氣泡感,清新,華麗,甘甜,鮮爽,鮮味,酸味,辛口,清爽,シャンパン,苦味,蘋果,ワイン,平衡,輕快,滑順,純淨,しっかり,爽快","フルーティ,ガス,さわやか,華やか,甘味,フレッシュ,旨味,酸味,辛口,スッキリ,シャンパン,苦味,リンゴ,ワイン,バランス,軽快,なめらか,綺麗,しっかり,爽快",535,https://sakenowa.com/brands/535,2026-09-28T20:22:25.323506+00:00
sn_3049,381,山梨銘醸,なま生,,山梨県,山梨縣,,,,,,,,,,,,,,,,"滑順,清爽","なめらか,スッキリ",3049,https://sakenowa.com/brands/3049,2026-09-28T20:22:25.323511+00:00
sn_3050,381,山梨銘醸,蔵出し,,山梨県,山梨縣,,,,,,,,,,,,,,,,"圓潤,清爽","まろやか,スッキリ",3050,https://sakenowa.com/brands/3050,2026-09-28T20:22:25.323518+00:00
sn_536,382,EH酒造,酔園,,長野県,長野縣,,,,,,,,,,0.2979893807029702,0.6247563087794079,0.44648929594600145,0.3398927899127431,0.34842842380825784,0.29086030509861344,ワイン,ワイン,536,https://sakenowa.com/brands/536,2026-09-28T20:22:25.323687+00:00
sn_3017,382,EH酒造,逢醸,,長野県,長野縣,,,,,,,,,,,,,,,,,,3017,https://sakenowa.com/brands/3017,2026-09-28T20:22:25.323694+00:00
sn_3019,382,EH酒造,幻の酒,,長野県,長野縣,,,,,,,,,,,,,,,,"辛口,圓潤,清新,清爽,果香,甘甜","辛口,まろやか,さわやか,スッキリ,フルーティ,甘味",3019,https://sakenowa.com/brands/3019,2026-09-28T20:22:25.323700+00:00
sn_537,383,大澤酒造,明鏡止水,,長野県,長野縣,,,,,,,,,,0.32317509082149537,0.463452452221353,0.2517455918276958,0.4218575788349761,0.46770838601292347,0.46976471880137405,"辛口,鮮味,清爽,純淨,酸味,清新,俐落,甘甜,苦味,平衡,しっかり,果香,華麗,さっぱり,餘韻,穩重,控えめ,哈密瓜,鮮爽,優しい","辛口,旨味,スッキリ,綺麗,酸味,さわやか,キレ,甘味,苦味,バランス,しっかり,フルーティ,華やか,さっぱり,余韻,穏やか,控えめ,メロン,フレッシュ,優しい",537,https://sakenowa.com/brands/537,2026-09-28T20:22:25.323879+00:00
sn_2684,383,大澤酒造,勢起,,長野県,長野縣,,,,,,,,,,0.22176367029020647,0.47417924140342027,0.3551478835146749,0.6504205723903504,0.27125276814135335,0.32127856633084395,"鮮味,熱燗,複雜,円やか,苦味","旨味,熱燗,複雑,円やか,苦味",2684,https://sakenowa.com/brands/2684,2026-09-28T20:22:25.323885+00:00
sn_3239,383,大澤酒造,善光寺秘蔵酒,,長野県,長野縣,,,,,,,,,,,,,,,,,,3239,https://sakenowa.com/brands/3239,2026-09-28T20:22:25.323893+00:00
sn_538,384,伴野酒造,澤の花,,長野県,長野縣,,,,,,,,,,0.4587370565553296,0.46112257239118004,0.21755462058843414,0.33845465689978016,0.3646823099022067,0.5310852392056843,"辛口,酸味,花香,氣泡感,清新,甘甜,清爽,ワイン,甘酸っぱい,哈密瓜,果香,鮮味,華麗,ジュース,輕快,高雅,穩重,純淨,平衡,蘋果","辛口,酸味,花,ガス,さわやか,甘味,スッキリ,ワイン,甘酸っぱい,メロン,フルーティ,旨味,華やか,ジュース,軽快,上品,穏やか,綺麗,バランス,リンゴ",538,https://sakenowa.com/brands/538,2026-09-28T20:22:25.324059+00:00
sn_3141,384,伴野酒造,Beau Michelle,,長野県,長野縣,,,,,,,,,,0.5670998512020855,0.4292198952090082,0.22402474286976407,0.17248508371213955,0.13899375059305727,0.6284191181833726,"氣泡感,ワイン,ジュース,甘酸っぱい,酸味,カルピス,シャンパン,甘甜,蘋果,檸檬,清新,ブドウ,蜂蜜,優格,果香,葡萄柚,柑橘,ピチピチ,麝香葡萄,輕快","ガス,ワイン,ジュース,甘酸っぱい,酸味,カルピス,シャンパン,甘味,リンゴ,レモン,さわやか,ブドウ,ハチミツ,ヨーグルト,フルーティ,グレープフルーツ,柑橘,ピチピチ,マスカット,軽快",3141,https://sakenowa.com/brands/3141,2026-09-28T20:22:25.324068+00:00
sn_539,385,市野屋,金蘭,,長野県,長野縣,,,,,,,,,,,,,,,,,,539,https://sakenowa.com/brands/539,2026-09-28T20:22:25.324232+00:00
sn_540,385,市野屋,不滅の巨人,,長野県,長野縣,,,,,,,,,,,,,,,,,,540,https://sakenowa.com/brands/540,2026-09-28T20:22:25.324236+00:00
sn_2413,385,市野屋,金蘭黒部,,長野県,長野縣,,,,,,,,,,,,,,,,,,2413,https://sakenowa.com/brands/2413,2026-09-28T20:22:25.324243+00:00
sn_68118,385,市野屋,龍水泉,,長野県,長野縣,,,,,,,,,,0.45808056260578095,0.4796394158834089,0.20026713890696873,0.28762179217120054,0.3528338444275983,0.5592703146623091,"氣泡感,酸味,果香,苦味,鮮味,清新,渋み,甘甜,清爽,純淨,俐落,辛口,餘韻,ほのか,輕快,鳳梨,哈密瓜,高雅,西洋梨,華麗","ガス,酸味,フルーティ,苦味,旨味,さわやか,渋み,甘味,スッキリ,綺麗,キレ,辛口,余韻,ほのか,軽快,パイナップル,メロン,上品,洋梨,華やか",68118,https://sakenowa.com/brands/68118,2026-09-28T20:22:25.324252+00:00
sn_541,386,七笑酒造,七笑,,長野県,長野縣,,,,,,,,,,0.3926411224455416,0.5721086016960619,0.29257078399528585,0.4216754861558292,0.3044331379704057,0.4030350878809473,"果香,鮮味,鮮爽,甘甜,味噌,清爽,辛口,蘋果,華麗,酸味,苦味,多汁,しっかり,香蕉,鳳梨,柔らかい,純淨,清新,濃厚,穩重","フルーティ,旨味,フレッシュ,甘味,味噌,スッキリ,辛口,リンゴ,華やか,酸味,苦味,ジューシー,しっかり,バナナ,パイナップル,柔らかい,綺麗,さわやか,濃厚,穏やか",541,https://sakenowa.com/brands/541,2026-09-28T20:22:25.324418+00:00
sn_4140,386,七笑酒造,益々繁盛,,長野県,長野縣,,,,,,,,,,,,,,,,"麝香葡萄,渋み,果香,濃厚","マスカット,渋み,フルーティ,濃厚",4140,https://sakenowa.com/brands/4140,2026-09-28T20:22:25.324423+00:00
sn_542,387,酒千蔵野,川中島,,長野県,長野縣,,,,,,,,,,0.33769551470858733,0.5497846123085345,0.3401920345774542,0.47515275779056415,0.2555388249904601,0.42059215959290697,"氣泡感,鮮味,シャンパン,甘甜,優格,濃厚,酸味,苦味,辛口,果香,俐落,優しい,純淨,しっかり,ふんわり,柔らかい,華麗,平衡,味噌,多汁","ガス,旨味,シャンパン,甘味,ヨーグルト,濃厚,酸味,苦味,辛口,フルーティ,キレ,優しい,綺麗,しっかり,ふんわり,柔らかい,華やか,バランス,味噌,ジューシー",542,https://sakenowa.com/brands/542,2026-09-28T20:22:25.324593+00:00
sn_1720,387,酒千蔵野,Kawanakajima,,長野県,長野縣,,,,,,,,,,,,,,,,氣泡感,ガス,1720,https://sakenowa.com/brands/1720,2026-09-28T20:22:25.324600+00:00
sn_1937,387,酒千蔵野,けんちの,,長野県,長野縣,,,,,,,,,,,,,,,,,,1937,https://sakenowa.com/brands/1937,2026-09-28T20:22:25.324605+00:00
sn_2135,387,酒千蔵野,麻輝,,長野県,長野縣,,,,,,,,,,,,,,,,,,2135,https://sakenowa.com/brands/2135,2026-09-28T20:22:25.324609+00:00
sn_2745,387,酒千蔵野,御苑,,長野県,長野縣,,,,,,,,,,,,,,,,,,2745,https://sakenowa.com/brands/2745,2026-09-28T20:22:25.324613+00:00
sn_3240,387,酒千蔵野,桂正宗,,長野県,長野縣,,,,,,,,,,,,,,,,,,3240,https://sakenowa.com/brands/3240,2026-09-28T20:22:25.324617+00:00
sn_3536,387,酒千蔵野,青嵐,,長野県,長野縣,,,,,,,,,,,,,,,,,,3536,https://sakenowa.com/brands/3536,2026-09-28T20:22:25.324623+00:00
sn_69954,387,酒千蔵野,川中島幻舞,,長野県,長野縣,,,,,,,,,,0.3704364718588974,0.6287626198682645,0.35652040858047684,0.40268355379287046,0.2350682967081413,0.3505944064388595,"苦味,鮮味,甘甜,果香,濃厚,多汁,酸味,平衡,純淨,華麗,俐落,鳳梨,哈密瓜,餘韻,鮮爽,しっかり,高雅,清爽,氣泡感,蜜","苦味,旨味,甘味,フルーティ,濃厚,ジューシー,酸味,バランス,綺麗,華やか,キレ,パイナップル,メロン,余韻,フレッシュ,しっかり,上品,スッキリ,ガス,蜜",69954,https://sakenowa.com/brands/69954,2026-09-28T20:22:25.324632+00:00
sn_3561,388,大塚酒造,浅間嶽,,長野県,長野縣,,,,,,,,,,0.34357366382961013,0.5521792132044319,0.3927876272092113,0.4108443817204371,0.29956798974605225,0.4052641699771286,"苦味,鮮味,花香,甘甜,辛口,鮮爽,酸味,果香,しっかり,味噌,清新,香蕉,清爽,平衡,優しい,輕快,醇厚,濃厚","苦味,旨味,花,甘味,辛口,フレッシュ,酸味,フルーティ,しっかり,味噌,さわやか,バナナ,スッキリ,バランス,優しい,軽快,コク,濃厚",3561,https://sakenowa.com/brands/3561,2026-09-28T20:22:25.324800+00:00
sn_544,389,仙醸,黒松仙醸,,長野県,長野縣,,,,,,,,,,0.4502871101996481,0.5594237564869113,0.25979181527936074,0.3196564994055064,0.29437932259882,0.477446676178665,"氣泡感,櫻花,果香,甘甜,酸味,鮮味,蘋果,苦味,多汁,清新,辛口,鮮爽,華麗,純淨,清爽,平衡,しっかり,ジュース,餘韻,優格","ガス,桜,フルーティ,甘味,酸味,旨味,リンゴ,苦味,ジューシー,さわやか,辛口,フレッシュ,華やか,綺麗,スッキリ,バランス,しっかり,ジュース,余韻,ヨーグルト",544,https://sakenowa.com/brands/544,2026-09-28T20:22:25.324979+00:00
sn_545,389,仙醸,仙人蔵,,長野県,長野縣,,,,,,,,,,,,,,,,"多汁,どっしり,高雅,甘甜,清新,しっかり","ジューシー,どっしり,上品,甘味,さわやか,しっかり",545,https://sakenowa.com/brands/545,2026-09-28T20:22:25.324985+00:00
sn_1515,389,仙醸,こんな夜に…,,長野県,長野縣,,,,,,,,,,0.41941709257088944,0.5538308360197948,0.24915815232674016,0.24761644336078856,0.3463891666589162,0.5234324835743549,"氣泡感,果香,蘋果,鮮味,多汁,甘甜,酸味,純淨,しっかり,苦味,梨子,俐落,鮮爽,辛口,平衡,清爽,柑橘,カルピス,清新,餘韻","ガス,フルーティ,リンゴ,旨味,ジューシー,甘味,酸味,綺麗,しっかり,苦味,梨,キレ,フレッシュ,辛口,バランス,スッキリ,柑橘,カルピス,さわやか,余韻",1515,https://sakenowa.com/brands/1515,2026-09-28T20:22:25.324993+00:00
sn_546,390,喜久水酒造,聖岳,,長野県,長野縣,,,,,,,,,,,,,,,,"清新,辛口,清爽","さわやか,辛口,スッキリ",546,https://sakenowa.com/brands/546,2026-09-28T20:22:25.325158+00:00
sn_3396,390,喜久水酒造,猿庫の泉,,長野県,長野縣,,,,,,,,,,0.38885337734343284,0.44267221621472713,0.2307619730943374,0.5096660646793645,0.4296548567073427,0.3939803019388136,清爽,スッキリ,3396,https://sakenowa.com/brands/3396,2026-09-28T20:22:25.325164+00:00
sn_3760,390,喜久水酒造,ひのくち,,長野県,長野縣,,,,,,,,,,,,,,,,"するする,酸味","するする,酸味",3760,https://sakenowa.com/brands/3760,2026-09-28T20:22:25.325169+00:00
sn_547,391,西尾酒造,木曽の桟,,長野県,長野縣,,,,,,,,,,,,,,,,濃厚,濃厚,547,https://sakenowa.com/brands/547,2026-09-28T20:22:25.325332+00:00
sn_548,392,春日酒造,井乃頭,,長野県,長野縣,,,,,,,,,,0.4086274664405782,0.5241351759658067,0.2480616618692837,0.29867841440938053,0.3684601216980866,0.5213440959485645,"氣泡感,苦味,果香,鮮味,清新,甘甜,酸味,蘋果,鮮爽,清爽,ほのか,甘酸っぱい,俐落,平衡,しっかり,純淨","ガス,苦味,フルーティ,旨味,さわやか,甘味,酸味,リンゴ,フレッシュ,スッキリ,ほのか,甘酸っぱい,キレ,バランス,しっかり,綺麗",548,https://sakenowa.com/brands/548,2026-09-28T20:22:25.325497+00:00
sn_549,393,古屋酒造店,和和和,,長野県,長野縣,,,,,,,,,,0.421144456874917,0.5254822945646211,0.2131524949109244,0.41510599170355744,0.289981973988632,0.4946404642458428,"苦味,鮮味,櫻花,甘甜,酸味,清爽,麝香葡萄,辛口,果香,梨子,鮮爽,氣泡感,優しい,穩重,清新","苦味,旨味,桜,甘味,酸味,スッキリ,マスカット,辛口,フルーティ,梨,フレッシュ,ガス,優しい,穏やか,さわやか",549,https://sakenowa.com/brands/549,2026-09-28T20:22:25.325664+00:00
sn_3787,393,古屋酒造店,深山桜,,長野県,長野縣,,,,,,,,,,,,,,,,櫻花,桜,3787,https://sakenowa.com/brands/3787,2026-09-28T20:22:25.325669+00:00
sn_550,394,和田龍酒造,和田龍,,長野県,長野縣,,,,,,,,,,,,,,,,,,550,https://sakenowa.com/brands/550,2026-09-28T20:22:25.325829+00:00
sn_2297,394,和田龍酒造,和田龍登水,,長野県,長野縣,,,,,,,,,,0.3086069731822507,0.5465559098434998,0.3637128110109286,0.4733652831997065,0.2484616604380912,0.43352448209826694,"鮮味,酸味,平衡,餘韻,優しい,甘甜,輕快,果香,しっかり,純淨,鮮爽,辛口,穩重,清爽,ほのか,苦味","旨味,酸味,バランス,余韻,優しい,甘味,軽快,フルーティ,しっかり,綺麗,フレッシュ,辛口,穏やか,スッキリ,ほのか,苦味",2297,https://sakenowa.com/brands/2297,2026-09-28T20:22:25.325839+00:00
sn_3039,394,和田龍酒造,上田獅子,,長野県,長野縣,,,,,,,,,,,,,,,,しっかり,しっかり,3039,https://sakenowa.com/brands/3039,2026-09-28T20:22:25.325843+00:00
sn_551,395,宮坂醸造,真澄,,長野県,長野縣,,,,,,,,,,0.3564938275888425,0.4979389650447209,0.28616320737101164,0.43024025833330365,0.3286386263269648,0.49996952919513193,"酸味,辛口,鮮味,清爽,甘甜,氣泡感,果香,輕快,清新,しっかり,鮮爽,平衡,純淨,餘韻,苦味,穩定,ほのか,穩重,柔らかい,さっぱり","酸味,辛口,旨味,スッキリ,甘味,ガス,フルーティ,軽快,さわやか,しっかり,フレッシュ,バランス,綺麗,余韻,苦味,安定,ほのか,穏やか,柔らかい,さっぱり",551,https://sakenowa.com/brands/551,2026-09-28T20:22:25.326046+00:00
sn_552,395,宮坂醸造,山花,,長野県,長野縣,,,,,,,,,,,,,,,,花香,花,552,https://sakenowa.com/brands/552,2026-09-28T20:22:25.326052+00:00
sn_1815,395,宮坂醸造,みやさか,,長野県,長野縣,,,,,,,,,,0.47943197668763426,0.5073612030339788,0.19399471041989944,0.3275484862296446,0.24686887386583764,0.5539525160149399,"酸味,氣泡感,果香,鮮爽,甘甜,鮮味,蘋果,高雅,清爽,平衡,清新,純淨,柑橘,苦味,餘韻,穩重,多汁,哈密瓜,香蕉,輕快","酸味,ガス,フルーティ,フレッシュ,甘味,旨味,リンゴ,上品,スッキリ,バランス,さわやか,綺麗,柑橘,苦味,余韻,穏やか,ジューシー,メロン,バナナ,軽快",1815,https://sakenowa.com/brands/1815,2026-09-28T20:22:25.326063+00:00
sn_3777,395,宮坂醸造,花 野可勢,,長野県,長野縣,,,,,,,,,,,,,,,,,,3777,https://sakenowa.com/brands/3777,2026-09-28T20:22:25.326068+00:00
sn_553,396,橘倉酒造,菊秀,,長野県,長野縣,,,,,,,,,,,,,,,,,,553,https://sakenowa.com/brands/553,2026-09-28T20:22:25.326230+00:00
sn_554,397,信州銘醸,壬辰,,長野県,長野縣,,,,,,,,,,,,,,,,,,554,https://sakenowa.com/brands/554,2026-09-28T20:22:25.326395+00:00
sn_1252,397,信州銘醸,黒耀,,長野県,長野縣,,,,,,,,,,,,,,,,滑順,なめらか,1252,https://sakenowa.com/brands/1252,2026-09-28T20:22:25.326400+00:00
sn_1487,397,信州銘醸,鼎,,長野県,長野縣,,,,,,,,,,0.403131601890154,0.6059940467376631,0.294526339786477,0.38742312581666255,0.2990728684438484,0.37943260665259787,"果香,甘甜,鮮味,蘋果,苦味,哈密瓜,柔らかい,多汁,酸味,鮮爽,しっかり,華麗,鳳梨,俐落,餘韻,清爽,清新,濃厚,平衡,醇厚","フルーティ,甘味,旨味,リンゴ,苦味,メロン,柔らかい,ジューシー,酸味,フレッシュ,しっかり,華やか,パイナップル,キレ,余韻,スッキリ,さわやか,濃厚,バランス,コク",1487,https://sakenowa.com/brands/1487,2026-09-28T20:22:25.326412+00:00
sn_1548,397,信州銘醸,龍澤,,長野県,長野縣,,,,,,,,,,,,,,,,,,1548,https://sakenowa.com/brands/1548,2026-09-28T20:22:25.326417+00:00
sn_2316,397,信州銘醸,瀧澤,,長野県,長野縣,,,,,,,,,,0.35734178936131544,0.6164384408881471,0.34741067227552624,0.4720971133100591,0.23452225320374487,0.306169801445306,"果香,鮮味,甘甜,柔らかい,華麗,濃厚,芳香,蘋果,圓潤,清爽,氣泡感,酸味,鳳梨,ふんわり,醇厚,円やか,芳醇,冷酒,辛口,しっかり","フルーティ,旨味,甘味,柔らかい,華やか,濃厚,芳香,リンゴ,まろやか,スッキリ,ガス,酸味,パイナップル,ふんわり,コク,円やか,芳醇,冷酒,辛口,しっかり",2316,https://sakenowa.com/brands/2316,2026-09-28T20:22:25.326425+00:00
sn_2425,397,信州銘醸,梁山泊,,長野県,長野縣,,,,,,,,,,,,,,,,,,2425,https://sakenowa.com/brands/2425,2026-09-28T20:22:25.326430+00:00
sn_4261,397,信州銘醸,明蜂 㐂久盛,,長野県,長野縣,,,,,,,,,,0.308052563554868,0.6168545565856307,0.31834114711340644,0.4655857142915104,0.3235938266413163,0.3190140532463,,,4261,https://sakenowa.com/brands/4261,2026-09-28T20:22:25.326437+00:00
sn_13892,397,信州銘醸,新聞の酒,,長野県,長野縣,,,,,,,,,,,,,,,,,,13892,https://sakenowa.com/brands/13892,2026-09-28T20:22:25.326442+00:00
sn_555,398,大信州酒造,大信州,,長野県,長野縣,,,,,,,,,,0.39952371981936396,0.45993132981910323,0.22222303598086643,0.32433628333234443,0.49606774142430254,0.47768573629984895,"蘋果,辛口,鮮味,果香,氣泡感,鮮爽,甘甜,華麗,苦味,俐落,酸味,清爽,純淨,さらり,しっかり,清新,平衡,輕快,餘韻,高雅","リンゴ,辛口,旨味,フルーティ,ガス,フレッシュ,甘味,華やか,苦味,キレ,酸味,スッキリ,綺麗,さらり,しっかり,さわやか,バランス,軽快,余韻,上品",555,https://sakenowa.com/brands/555,2026-09-28T20:22:25.326611+00:00
sn_2749,398,大信州酒造,香月,,長野県,長野縣,,,,,,,,,,0.43651649311447105,0.6307148446630955,0.17868011880448934,0.407797200079054,0.24333306382658168,0.3927034692501682,"果香,餘韻,華麗,高雅,芳醇,鮮味,滑順,とろみ,甘甜","フルーティ,余韻,華やか,上品,芳醇,旨味,なめらか,とろみ,甘味",2749,https://sakenowa.com/brands/2749,2026-09-28T20:22:25.326619+00:00
sn_556,399,白馬錦酒造,白馬錦,,長野県,長野縣,,,,,,,,,,0.28613287334323684,0.566340797074337,0.34458466123378,0.5057962642553688,0.2894324531757023,0.372889374638051,"鮮味,清爽,鮮爽,果香,氣泡感,酸味,柔らかい,甘甜,辛口,丸み,清新,穀物,穩重,苦味,純淨,しっかり,栗,豐潤,蘋果,濃厚","旨味,スッキリ,フレッシュ,フルーティ,ガス,酸味,柔らかい,甘味,辛口,丸み,さわやか,穀物,穏やか,苦味,綺麗,しっかり,栗,豊か,リンゴ,濃厚",556,https://sakenowa.com/brands/556,2026-09-28T20:22:25.326785+00:00
sn_3824,399,白馬錦酒造,静の桜,,長野県,長野縣,,,,,,,,,,,,,,,,,,3824,https://sakenowa.com/brands/3824,2026-09-28T20:22:25.326792+00:00
sn_53059,399,白馬錦酒造,le lac,,長野県,長野縣,,,,,,,,,,0.3622690449876197,0.5722387266794856,0.3036348586295221,0.3087908859988164,0.36163995746179517,0.47220184375765195,"苦味,鮮味,甘甜","苦味,旨味,甘味",53059,https://sakenowa.com/brands/53059,2026-09-28T20:22:25.326798+00:00
sn_557,400,宮島酒店,斬九郎,,長野県,長野縣,,,,,,,,,,0.19205685660769026,0.5437413537398267,0.31958995102703225,0.34555422743391506,0.5333803261184722,0.40177042061106905,"辛口,鮮味,俐落,芳醇,酸味,しっかり,鮮爽,甘甜,銳利","辛口,旨味,キレ,芳醇,酸味,しっかり,フレッシュ,甘味,シャープ",557,https://sakenowa.com/brands/557,2026-09-28T20:22:25.326983+00:00
sn_558,400,宮島酒店,信濃錦,,長野県,長野縣,,,,,,,,,,0.21414116125436375,0.5984613301297246,0.401406636380951,0.4114398062258933,0.362775642161324,0.36602107995655486,"鮮味,辛口,酸味,氣泡感,甘甜,しっかり,苦味,熱燗,俐落,清爽,濃厚,穩重,鮮爽,餘韻,冷酒,清新,アミノ酸,常溫,純淨,ふっくら","旨味,辛口,酸味,ガス,甘味,しっかり,苦味,熱燗,キレ,スッキリ,濃厚,穏やか,フレッシュ,余韻,冷酒,さわやか,アミノ酸,常温,綺麗,ふっくら",558,https://sakenowa.com/brands/558,2026-09-28T20:22:25.326992+00:00
sn_3146,400,宮島酒店,天墜,,長野県,長野縣,,,,,,,,,,,,,,,,昔ながら,昔ながら,3146,https://sakenowa.com/brands/3146,2026-09-28T20:22:25.326997+00:00
sn_559,401,高沢酒造,豊賀,,長野県,長野縣,,,,,,,,,,0.372688665095144,0.6233842763499823,0.2945237634776155,0.3577619058006787,0.33284306531062674,0.3833704061200895,"酸味,鮮味,柳橙,蘋果,苦味,果香,甘甜,多汁,氣泡感,平衡,しっかり,華麗,餘韻,俐落,辛口,純淨,清爽,ピリリ,鮮爽,圓潤","酸味,旨味,オレンジ,リンゴ,苦味,フルーティ,甘味,ジューシー,ガス,バランス,しっかり,華やか,余韻,キレ,辛口,綺麗,スッキリ,ピリリ,フレッシュ,まろやか",559,https://sakenowa.com/brands/559,2026-09-28T20:22:25.327174+00:00
sn_560,402,遠藤酒造場,渓流,,長野県,長野縣,,,,,,,,,,0.3440441685487738,0.5590589881718141,0.3613040900438868,0.42209051373138234,0.348368996718686,0.3728600980161906,"蘋果,甘甜,濃厚,果香,冷酒,酸味,鮮味,清爽,辛口,ワイン,清新,ほのか,圓潤,常溫,氣泡感,檸檬,苦味,しっかり,純淨,とろみ","リンゴ,甘味,濃厚,フルーティ,冷酒,酸味,旨味,スッキリ,辛口,ワイン,さわやか,ほのか,まろやか,常温,ガス,レモン,苦味,しっかり,綺麗,とろみ",560,https://sakenowa.com/brands/560,2026-09-28T20:22:25.327342+00:00
sn_3160,402,遠藤酒造場,信濃屋 嘉平,,長野県,長野縣,,,,,,,,,,,,,,,,,,3160,https://sakenowa.com/brands/3160,2026-09-28T20:22:25.327346+00:00
sn_3380,402,遠藤酒造場,直虎,,長野県,長野縣,,,,,,,,,,0.4112255775650332,0.5571620851036057,0.28595246934860863,0.298164294454327,0.3403608566420137,0.483681363431762,"氣泡感,果香,苦味,平衡","ガス,フルーティ,苦味,バランス",3380,https://sakenowa.com/brands/3380,2026-09-28T20:22:25.327352+00:00
sn_3610,402,遠藤酒造場,遠藤,,長野県,長野縣,,,,,,,,,,0.34948293474772185,0.5868093302125323,0.2931967209546367,0.5544450678704278,0.22447439202890646,0.299589861568273,"果香,甘甜,常溫,穩重,清爽,酸味,鮮味","フルーティ,甘味,常温,穏やか,スッキリ,酸味,旨味",3610,https://sakenowa.com/brands/3610,2026-09-28T20:22:25.327359+00:00
sn_3745,402,遠藤酒造場,どむろく,,長野県,長野縣,,,,,,,,,,,,,,,,"氣泡感,甘甜","ガス,甘味",3745,https://sakenowa.com/brands/3745,2026-09-28T20:22:25.327364+00:00
sn_69049,402,遠藤酒造場,彗,,長野県,長野縣,,,,,,,,,,0.404730177974537,0.5721518051358941,0.2703561457283268,0.40032745424721444,0.32189038124725167,0.41456948901216123,"果香,鮮味,酸味,甘甜,蘋果,清爽,華麗,ワイン,平衡,純淨,輕快,清新,俐落,苦味,芳醇,穩重,辛口,高雅,多汁,しっかり","フルーティ,旨味,酸味,甘味,リンゴ,スッキリ,華やか,ワイン,バランス,綺麗,軽快,さわやか,キレ,苦味,芳醇,穏やか,辛口,上品,ジューシー,しっかり",69049,https://sakenowa.com/brands/69049,2026-09-28T20:22:25.327373+00:00
sn_561,403,豊島屋,神渡,,長野県,長野縣,,,,,,,,,,0.3805431425397741,0.4706262835613004,0.24073496055759036,0.370740204762587,0.42033604865574736,0.5114819678401529,"辛口,氣泡感,鮮味,鮮爽,ワイン,俐落,酸味,甘甜,果香,清爽,苦味,平衡,しっかり,華麗,豐潤,ピチピチ,純淨,清新,穩重,哈密瓜","辛口,ガス,旨味,フレッシュ,ワイン,キレ,酸味,甘味,フルーティ,スッキリ,苦味,バランス,しっかり,華やか,豊か,ピチピチ,綺麗,さわやか,穏やか,メロン",561,https://sakenowa.com/brands/561,2026-09-28T20:22:25.327540+00:00
sn_1578,403,豊島屋,豊香,,長野県,長野縣,,,,,,,,,,0.41475660002463316,0.544768796921788,0.23702009015543443,0.3453112322198007,0.3304809624979779,0.4965560228497452,"氣泡感,果香,鮮味,苦味,鮮爽,辛口,酸味,俐落,甘甜,華麗,豐潤,平衡,しっかり,清新,清爽,餘韻,柳橙,優しい,ピリリ,多汁","ガス,フルーティ,旨味,苦味,フレッシュ,辛口,酸味,キレ,甘味,華やか,豊か,バランス,しっかり,さわやか,スッキリ,余韻,オレンジ,優しい,ピリリ,ジューシー",1578,https://sakenowa.com/brands/1578,2026-09-28T20:22:25.327549+00:00
sn_562,404,福源酒造,福源,,長野県,長野縣,,,,,,,,,,,,,,,,,,562,https://sakenowa.com/brands/562,2026-09-28T20:22:25.327711+00:00
sn_563,404,福源酒造,安曇野,,長野県,長野縣,,,,,,,,,,,,,,,,"辛口,甘甜","辛口,甘味",563,https://sakenowa.com/brands/563,2026-09-28T20:22:25.327716+00:00
sn_564,404,福源酒造,福耳,,長野県,長野縣,,,,,,,,,,,,,,,,,,564,https://sakenowa.com/brands/564,2026-09-28T20:22:25.327721+00:00
sn_565,404,福源酒造,北アルプス,,長野県,長野縣,,,,,,,,,,,,,,,,燗酒,燗酒,565,https://sakenowa.com/brands/565,2026-09-28T20:22:25.327726+00:00
sn_566,405,中善酒造店,中乗さん,,長野県,長野縣,,,,,,,,,,0.3839953491818721,0.5339801920027903,0.26013784204503665,0.3789627137761552,0.25432316781882114,0.5398592570008579,"氣泡感,酸味,優格,鮮味,甘甜,蘋果,平衡,果香,清爽,清新,鮮爽,苦味,多汁,純淨,哈密瓜,餘韻,輕快,しっかり,俐落,甘酸っぱい","ガス,酸味,ヨーグルト,旨味,甘味,リンゴ,バランス,フルーティ,スッキリ,さわやか,フレッシュ,苦味,ジューシー,綺麗,メロン,余韻,軽快,しっかり,キレ,甘酸っぱい",566,https://sakenowa.com/brands/566,2026-09-28T20:22:25.327925+00:00
sn_59656,405,中善酒造店,善吉,,長野県,長野縣,,,,,,,,,,0.4149302372271974,0.5426937269546306,0.21548485967153053,0.43284992203293127,0.291242359098016,0.4633589596351005,"鮮味,鮮爽,酸味,果香,平衡,甘甜,蘋果,哈密瓜,苦味,純淨,多汁,氣泡感,優しい,清爽,俐落,清新,鳳梨,華麗,穩重,輕快","旨味,フレッシュ,酸味,フルーティ,バランス,甘味,リンゴ,メロン,苦味,綺麗,ジューシー,ガス,優しい,スッキリ,キレ,さわやか,パイナップル,華やか,穏やか,軽快",59656,https://sakenowa.com/brands/59656,2026-09-28T20:22:25.327935+00:00
sn_567,407,志賀泉酒造,一滴二滴,,長野県,長野縣,,,,,,,,,,0.3381879216272034,0.6123794059784985,0.2659342318016256,0.4740803086710589,0.3042716573881731,0.350094268155851,"平衡,甘甜,鮮味,穩重,柔らかい,果香,酸味,純淨,多汁,餘韻,芳香,氣泡感,苦味,清爽,ほのか","バランス,甘味,旨味,穏やか,柔らかい,フルーティ,酸味,綺麗,ジューシー,余韻,芳香,ガス,苦味,スッキリ,ほのか",567,https://sakenowa.com/brands/567,2026-09-28T20:22:25.328099+00:00
sn_50495,407,志賀泉酒造,志賀泉,,長野県,長野縣,,,,,,,,,,0.48684342990012736,0.5612226890529433,0.1727817897237529,0.3534194177137867,0.2348782201929527,0.4879405271720712,"鳳梨,果香","パイナップル,フルーティ",50495,https://sakenowa.com/brands/50495,2026-09-28T20:22:25.328105+00:00
sn_88201,407,志賀泉酒造,双奏,,長野県,長野縣,,,,,,,,,,,,,,,,,,88201,https://sakenowa.com/brands/88201,2026-09-28T20:22:25.328112+00:00
sn_88202,407,志賀泉酒造,夏泉,,長野県,長野縣,,,,,,,,,,,,,,,,,,88202,https://sakenowa.com/brands/88202,2026-09-28T20:22:25.328119+00:00
sn_88203,407,志賀泉酒造,雪泉,,長野県,長野縣,,,,,,,,,,,,,,,,,,88203,https://sakenowa.com/brands/88203,2026-09-28T20:22:25.328123+00:00
sn_568,408,長野銘醸,聖山,,長野県,長野縣,,,,,,,,,,,,,,,,,,568,https://sakenowa.com/brands/568,2026-09-28T20:22:25.328284+00:00
sn_569,408,長野銘醸,姨捨,,長野県,長野縣,,,,,,,,,,,,,,,,,,569,https://sakenowa.com/brands/569,2026-09-28T20:22:25.328289+00:00
sn_2977,408,長野銘醸,姥捨正宗,,長野県,長野縣,,,,,,,,,,,,,,,,,,2977,https://sakenowa.com/brands/2977,2026-09-28T20:22:25.328296+00:00
sn_570,409,米澤酒造,今錦,,長野県,長野縣,,,,,,,,,,0.3413168522274872,0.6164363013265963,0.2952458824456339,0.4329925099935438,0.25804711636868366,0.4028251900198178,"鮮味,酸味,果香,甘甜,多汁,苦味,清爽,鮮爽,柔らかい,辛口,ワイン,しっかり,餘韻,平衡,哈密瓜,芳醇,清新,穩重,輕快,ふくよか","旨味,酸味,フルーティ,甘味,ジューシー,苦味,スッキリ,フレッシュ,柔らかい,辛口,ワイン,しっかり,余韻,バランス,メロン,芳醇,さわやか,穏やか,軽快,ふくよか",570,https://sakenowa.com/brands/570,2026-09-28T20:22:25.328463+00:00
sn_3119,409,米澤酒造,春田打,,長野県,長野縣,,,,,,,,,,,,,,,,"濃厚,どっしり,苦味,鮮味,果香,甘甜","濃厚,どっしり,苦味,旨味,フルーティ,甘味",3119,https://sakenowa.com/brands/3119,2026-09-28T20:22:25.328469+00:00
sn_571,410,菱友醸造（廃業）,諏訪の桜,,長野県,長野縣,,,,,,,,,,,,,,,,,,571,https://sakenowa.com/brands/571,2026-09-28T20:22:25.328631+00:00
sn_1251,410,菱友醸造（廃業）,國譲り,,長野県,長野縣,,,,,,,,,,,,,,,,,,1251,https://sakenowa.com/brands/1251,2026-09-28T20:22:25.328636+00:00
sn_2603,410,菱友醸造（廃業）,御湖鶴くろ,,長野県,長野縣,,,,,,,,,,,,,,,,,,2603,https://sakenowa.com/brands/2603,2026-09-28T20:22:25.328640+00:00
sn_34724,410,菱友醸造（廃業）,御湖鶴（旧）,,長野県,長野縣,,,,,,,,,,,,,,,,ヤクルト,ヤクルト,34724,https://sakenowa.com/brands/34724,2026-09-28T20:22:25.328648+00:00
sn_573,411,玉泉堂酒造,美濃菊,,岐阜県,岐阜縣,,,,,,,,,,0.1724340681455031,0.5843703939581041,0.3884798442351447,0.5660326497368359,0.31344967582657896,0.2433464312193396,,,573,https://sakenowa.com/brands/573,2026-09-28T20:22:25.328810+00:00
sn_574,411,玉泉堂酒造,醴泉,,岐阜県,岐阜縣,,,,,,,,,,0.27629715185050635,0.4992792132466333,0.3255869624170139,0.5316685955061968,0.372191164050957,0.3836346216884561,"鮮味,辛口,高雅,穩重,酸味,甘甜,清爽,平衡,しっかり,俐落,苦味,優しい,餘韻,柔らかい,華麗,控えめ,ほのか,さっぱり,果香,氣泡感","旨味,辛口,上品,穏やか,酸味,甘味,スッキリ,バランス,しっかり,キレ,苦味,優しい,余韻,柔らかい,華やか,控えめ,ほのか,さっぱり,フルーティ,ガス",574,https://sakenowa.com/brands/574,2026-09-28T20:22:25.328819+00:00
sn_1337,411,玉泉堂酒造,無風,,岐阜県,岐阜縣,,,,,,,,,,0.2683809438418877,0.44676866734981846,0.377765354165068,0.5571846803373581,0.3386494377444981,0.4006551564153854,"鮮味,華麗,清爽,辛口,清新,穩重,苦味,果香,甘甜,しっかり,優しい,冷酒,常溫,輕快,酸味,力道強勁,キリリ,さっぱり,控えめ,ふんわり","旨味,華やか,スッキリ,辛口,さわやか,穏やか,苦味,フルーティ,甘味,しっかり,優しい,冷酒,常温,軽快,酸味,力強い,キリリ,さっぱり,控えめ,ふんわり",1337,https://sakenowa.com/brands/1337,2026-09-28T20:22:25.328828+00:00
sn_2340,411,玉泉堂酒造,なぶら,,岐阜県,岐阜縣,,,,,,,,,,,,,,,,,,2340,https://sakenowa.com/brands/2340,2026-09-28T20:22:25.328832+00:00
sn_575,412,三千櫻酒造,三千櫻,,北海道,北海道,,,,,,,,,,0.41142856803035127,0.548974177063142,0.2589793857959642,0.42592940177635064,0.23213724453083476,0.47642418962848354,"香蕉,氣泡感,櫻花,鮮味,甘甜,苦味,果香,酸味,清爽,しっかり,華麗,平衡,清新,俐落,辛口,鳳梨,餘韻,鮮爽,柔らかい,輕快","バナナ,ガス,桜,旨味,甘味,苦味,フルーティ,酸味,スッキリ,しっかり,華やか,バランス,さわやか,キレ,辛口,パイナップル,余韻,フレッシュ,柔らかい,軽快",575,https://sakenowa.com/brands/575,2026-09-28T20:22:25.329011+00:00
sn_576,414,平瀬酒造店,久寿玉,,岐阜県,岐阜縣,,,,,,,,,,0.25561476573789904,0.5175648774036992,0.3491628367823652,0.4167616387770362,0.4486005190909992,0.4122381755006559,"辛口,清爽,鮮味,餘韻,花香,甘甜,苦味,冷酒,酸味,穩重,俐落,果香,鮮爽,さらり,滑順,堅果,味噌,ツン,昔ながら,熱燗","辛口,スッキリ,旨味,余韻,花,甘味,苦味,冷酒,酸味,穏やか,キレ,フルーティ,フレッシュ,さらり,なめらか,ナッツ,味噌,ツン,昔ながら,熱燗",576,https://sakenowa.com/brands/576,2026-09-28T20:22:25.329183+00:00
sn_577,416,原田酒造場,山車,,岐阜県,岐阜縣,,,,,,,,,,0.6032792635008897,0.4366877433677059,0.15481921697732598,0.283420090628119,0.3274384318936278,0.48357634415277545,"花香,辛口,果香,鮮味,清爽,華麗,甘甜,圓潤,平衡,しっかり","花,辛口,フルーティ,旨味,スッキリ,華やか,甘味,まろやか,バランス,しっかり",577,https://sakenowa.com/brands/577,2026-09-28T20:22:25.329347+00:00
sn_1945,416,原田酒造場,三車,,岐阜県,岐阜縣,,,,,,,,,,,,,,,,"豐潤,辛口,苦味","豊か,辛口,苦味",1945,https://sakenowa.com/brands/1945,2026-09-28T20:22:25.329356+00:00
sn_578,417,白扇酒造,花美蔵,,岐阜県,岐阜縣,,,,,,,,,,,,,,,,,,578,https://sakenowa.com/brands/578,2026-09-28T20:22:25.329517+00:00
sn_4184,417,白扇酒造,吉兆貞翁,,岐阜県,岐阜縣,,,,,,,,,,,,,,,,"醇厚,しっかり,鮮味","コク,しっかり,旨味",4184,https://sakenowa.com/brands/4184,2026-09-28T20:22:25.329522+00:00
sn_123777,417,白扇酒造,黒松白扇,,岐阜県,岐阜縣,,,,,,,,,,0.4613914166855181,0.506526380948324,0.2543884724037376,0.48101624683929906,0.22398835048543353,0.42928787572428123,,,123777,https://sakenowa.com/brands/123777,2026-09-28T20:22:25.329532+00:00
sn_579,418,林酒造,美濃天狗,,岐阜県,岐阜縣,,,,,,,,,,0.5059468724067542,0.48697238328363396,0.22480406972614866,0.36703325835851064,0.18699213549758556,0.5354057517212805,檸檬,レモン,579,https://sakenowa.com/brands/579,2026-09-28T20:22:25.329697+00:00
sn_3675,418,林酒造,白炎,,岐阜県,岐阜縣,,,,,,,,,,,,,,,,,,3675,https://sakenowa.com/brands/3675,2026-09-28T20:22:25.329701+00:00
sn_580,420,天領酒造,ひだほまれ,,岐阜県,岐阜縣,,,,,,,,,,,,,,,,,,580,https://sakenowa.com/brands/580,2026-09-28T20:22:25.329875+00:00
sn_581,420,天領酒造,天領,,岐阜県,岐阜縣,,,,,,,,,,0.34282057468217764,0.5155018724940577,0.283668556829251,0.4416763478200795,0.32932499213966365,0.482422093425082,"氣泡感,鮮味,甘甜,餘韻,果香,清爽,酸味,苦味,平衡,辛口,鮮爽,清新,華麗,しっかり,輕快,濃厚,俐落,さっぱり,控えめ,圓潤","ガス,旨味,甘味,余韻,フルーティ,スッキリ,酸味,苦味,バランス,辛口,フレッシュ,さわやか,華やか,しっかり,軽快,濃厚,キレ,さっぱり,控えめ,まろやか",581,https://sakenowa.com/brands/581,2026-09-28T20:22:25.329884+00:00
sn_582,420,天領酒造,天のしずく,,岐阜県,岐阜縣,,,,,,,,,,,,,,,,辛口,辛口,582,https://sakenowa.com/brands/582,2026-09-28T20:22:25.329892+00:00
sn_1538,420,天領酒造,飛び切り,,岐阜県,岐阜縣,,,,,,,,,,,,,,,,,,1538,https://sakenowa.com/brands/1538,2026-09-28T20:22:25.329897+00:00
sn_1539,420,天領酒造,飛切り,,岐阜県,岐阜縣,,,,,,,,,,,,,,,,,,1539,https://sakenowa.com/brands/1539,2026-09-28T20:22:25.329901+00:00
sn_2776,420,天領酒造,持ち帰り酒,,岐阜県,岐阜縣,,,,,,,,,,,,,,,,"常溫,鮮味","常温,旨味",2776,https://sakenowa.com/brands/2776,2026-09-28T20:22:25.329908+00:00
sn_3074,420,天領酒造,ささにごり,,岐阜県,岐阜縣,,,,,,,,,,,,,,,,,,3074,https://sakenowa.com/brands/3074,2026-09-28T20:22:25.329912+00:00
sn_583,421,三輪酒造,白川郷,,岐阜県,岐阜縣,,,,,,,,,,0.17322674808575844,0.5294283946723487,0.5864205991347854,0.46438370909627413,0.16856898125021644,0.3189689935698191,"濃厚,氣泡感,優格,甘甜,奶油感,酸味,とろみ,鮮味,こってり,ゴクゴク,コーヒー,まったり,檸檬,ミルク,控えめ,圓潤,厚重,滑順","濃厚,ガス,ヨーグルト,甘味,クリーミー,酸味,とろみ,旨味,こってり,ゴクゴク,コーヒー,まったり,レモン,ミルク,控えめ,まろやか,重い,なめらか",583,https://sakenowa.com/brands/583,2026-09-28T20:22:25.330080+00:00
sn_584,422,恵那醸造,鯨波,,岐阜県,岐阜縣,,,,,,,,,,0.21648652027366425,0.6285383085323564,0.4087444698888228,0.465867303749081,0.2840809537998494,0.30539614694380024,"果香,鮮味,酸味,辛口,清爽,甘甜,しっかり","フルーティ,旨味,酸味,辛口,スッキリ,甘味,しっかり",584,https://sakenowa.com/brands/584,2026-09-28T20:22:25.330246+00:00
sn_585,423,菊川,森乃菊川,,岐阜県,岐阜縣,,,,,,,,,,,,,,,,"辛口,清爽","辛口,スッキリ",585,https://sakenowa.com/brands/585,2026-09-28T20:22:25.330409+00:00
sn_586,423,菊川,篝火,,岐阜県,岐阜縣,,,,,,,,,,,,,,,,"いちご,水蜜桃,薄い,柑橘,滑順,ほのか,苦味,酸味,甘甜","いちご,桃,薄い,柑橘,なめらか,ほのか,苦味,酸味,甘味",586,https://sakenowa.com/brands/586,2026-09-28T20:22:25.330420+00:00
sn_587,424,蒲酒造場,白真弓,,岐阜県,岐阜縣,,,,,,,,,,0.26539482669345243,0.5798726692400258,0.3404619685560894,0.456307202608032,0.32726266452914443,0.40259384825532235,"甘甜,濃厚,鮮味,優格,酸味,果香,清爽,苦味,辛口,氣泡感,優しい,滑順,俐落,しっかり,香蕉,餘韻,さらり,ピリリ,冷酒,輕快","甘味,濃厚,旨味,ヨーグルト,酸味,フルーティ,スッキリ,苦味,辛口,ガス,優しい,なめらか,キレ,しっかり,バナナ,余韻,さらり,ピリリ,冷酒,軽快",587,https://sakenowa.com/brands/587,2026-09-28T20:22:25.330585+00:00
sn_2806,424,蒲酒造場,やんちゃ酒,,岐阜県,岐阜縣,,,,,,,,,,,,,,,,,,2806,https://sakenowa.com/brands/2806,2026-09-28T20:22:25.330593+00:00
sn_3444,424,蒲酒造場,飛騨の冷酒,,岐阜県,岐阜縣,,,,,,,,,,,,,,,,"するする,辛口,さっぱり,冷酒,甘甜,清爽","するする,辛口,さっぱり,冷酒,甘味,スッキリ",3444,https://sakenowa.com/brands/3444,2026-09-28T20:22:25.330599+00:00
sn_588,425,高木酒造,奥飛騨,,岐阜県,岐阜縣,,,,,,,,,,0.33686511287518744,0.5094723876555394,0.3144607937528853,0.3387663461748854,0.4265092039147542,0.4810420489019403,"辛口,さっぱり,どっしり,濃厚","辛口,さっぱり,どっしり,濃厚",588,https://sakenowa.com/brands/588,2026-09-28T20:22:25.330773+00:00
sn_1344,425,高木酒造,初緑,,岐阜県,岐阜縣,,,,,,,,,,0.46914880121167685,0.5911254688651474,0.3172963381415034,0.36153061294590566,0.17213548748438312,0.41165289508768266,"梨子,果香,哈密瓜","梨,フルーティ,メロン",1344,https://sakenowa.com/brands/1344,2026-09-28T20:22:25.330779+00:00
sn_589,426,中島醸造,小左衛門,,岐阜県,岐阜縣,,,,,,,,,,0.41699287661218015,0.5922621272179703,0.30403551182934524,0.3458284398825866,0.24051381492857313,0.4532777471501245,"鳳梨,鮮味,酸味,果香,鮮爽,氣泡感,甘甜,苦味,多汁,清爽,華麗,輕快,清新,平衡,しっかり,蘋果,穩重,餘韻,純淨,焦糖","パイナップル,旨味,酸味,フルーティ,フレッシュ,ガス,甘味,苦味,ジューシー,スッキリ,華やか,軽快,さわやか,バランス,しっかり,リンゴ,穏やか,余韻,綺麗,キャラメル",589,https://sakenowa.com/brands/589,2026-09-28T20:22:25.330960+00:00
sn_2587,426,中島醸造,始禄,,岐阜県,岐阜縣,,,,,,,,,,,,,,,,紹興酒,紹興酒,2587,https://sakenowa.com/brands/2587,2026-09-28T20:22:25.330965+00:00
sn_3063,426,中島醸造,おりがらみ 桜ラベル,,岐阜県,岐阜縣,,,,,,,,,,,,,,,,"氣泡感,清爽","ガス,スッキリ",3063,https://sakenowa.com/brands/3063,2026-09-28T20:22:25.330973+00:00
sn_590,427,所酒造,房島屋,,岐阜県,岐阜縣,,,,,,,,,,0.2897687706932643,0.5032029513051489,0.3282800035782868,0.29443527145719317,0.42787327285255783,0.5341211677884634,"氣泡感,酸味,辛口,鮮味,苦味,甘甜,俐落,しっかり,鮮爽,清新,清爽,レーズン,果香,カルピス,餘韻,濃厚,ブドウ,キリリ,平衡,ピチピチ","ガス,酸味,辛口,旨味,苦味,甘味,キレ,しっかり,フレッシュ,さわやか,スッキリ,レーズン,フルーティ,カルピス,余韻,濃厚,ブドウ,キリリ,バランス,ピチピチ",590,https://sakenowa.com/brands/590,2026-09-28T20:22:25.331141+00:00
sn_591,428,三千盛,三千盛,,岐阜県,岐阜縣,,,,,,,,,,0.2500919742990669,0.32261954157446104,0.19056828673864268,0.223638940622509,0.700216060316116,0.5066926652198523,"辛口,清爽,俐落,鮮味,果香,氣泡感,酸味,キリリ,苦味,甘甜,さっぱり,柳橙,清新,しっかり,餘韻,ピリリ,鮮爽,控えめ,輕快,純淨","辛口,スッキリ,キレ,旨味,フルーティ,ガス,酸味,キリリ,苦味,甘味,さっぱり,オレンジ,さわやか,しっかり,余韻,ピリリ,フレッシュ,控えめ,軽快,綺麗",591,https://sakenowa.com/brands/591,2026-09-28T20:22:25.331306+00:00
sn_595,431,渡辺酒造店,蓬莱,,岐阜県,岐阜縣,,,,,,,,,,0.35060596777097647,0.5900177999407685,0.3396874656993354,0.40388749003328656,0.30408783075447404,0.3974573729909223,"果香,甘甜,鮮味,辛口,濃厚,酸味,苦味,華麗,しっかり,清爽,餘韻,俐落,とろみ,鮮爽,氣泡感,圓潤,清新,平衡,高雅,常溫","フルーティ,甘味,旨味,辛口,濃厚,酸味,苦味,華やか,しっかり,スッキリ,余韻,キレ,とろみ,フレッシュ,ガス,まろやか,さわやか,バランス,上品,常温",595,https://sakenowa.com/brands/595,2026-09-28T20:22:25.331474+00:00
sn_1639,431,渡辺酒造店,非売品の酒,,岐阜県,岐阜縣,,,,,,,,,,,,,,,,,,1639,https://sakenowa.com/brands/1639,2026-09-28T20:22:25.331479+00:00
sn_1702,431,渡辺酒造店,初汲み51,,岐阜県,岐阜縣,,,,,,,,,,,,,,,,"ふくよか,鮮味,清爽","ふくよか,旨味,スッキリ",1702,https://sakenowa.com/brands/1702,2026-09-28T20:22:25.331487+00:00
sn_2573,431,渡辺酒造店,蔵元の隠し酒,,岐阜県,岐阜縣,,,,,,,,,,,,,,,,辛口,辛口,2573,https://sakenowa.com/brands/2573,2026-09-28T20:22:25.331492+00:00
sn_2574,431,渡辺酒造店,飛騨のどぶ,,岐阜県,岐阜縣,,,,,,,,,,0.12090489406065766,0.7012518305626689,0.5789707890666811,0.3086295470504958,0.14153962270270626,0.20768976870508762,"濃厚,とろみ,奶油感,甘甜","濃厚,とろみ,クリーミー,甘味",2574,https://sakenowa.com/brands/2574,2026-09-28T20:22:25.331499+00:00
sn_2783,431,渡辺酒造店,渡辺あさ 山廃,,岐阜県,岐阜縣,,,,,,,,,,,,,,,,濃厚,濃厚,2783,https://sakenowa.com/brands/2783,2026-09-28T20:22:25.331506+00:00
sn_3915,431,渡辺酒造店,蔵人しかのめぬ新酒,,岐阜県,岐阜縣,,,,,,,,,,,,,,,,,,3915,https://sakenowa.com/brands/3915,2026-09-28T20:22:25.331510+00:00
sn_49330,431,渡辺酒造店,W (ダブリュー),,岐阜県,岐阜縣,,,,,,,,,,0.48531600250781565,0.6146518869423954,0.3259562861012885,0.2930791056874647,0.2111066758851248,0.38724997655934107,"果香,甘甜,苦味,鳳梨,華麗,濃厚,鮮味,酸味,多汁,しっかり,哈密瓜,派手,水蜜桃,純淨,鮮爽,高雅,平衡,いちご,氣泡感,清爽","フルーティ,甘味,苦味,パイナップル,華やか,濃厚,旨味,酸味,ジューシー,しっかり,メロン,派手,桃,綺麗,フレッシュ,上品,バランス,いちご,ガス,スッキリ",49330,https://sakenowa.com/brands/49330,2026-09-28T20:22:25.331521+00:00
sn_596,432,御代桜醸造,御代櫻,,岐阜県,岐阜縣,,,,,,,,,,0.311069927580525,0.5122160891247219,0.3007125840267837,0.42273089472770775,0.42195938625641494,0.4401033821701189,"鮮味,辛口,甘甜,清爽,苦味,酸味,俐落,優しい,ヤクルト,しっかり,鮮爽,清新,冷酒,穩重,さらり,ピリリ,華麗,麝香葡萄,果香,常溫","旨味,辛口,甘味,スッキリ,苦味,酸味,キレ,優しい,ヤクルト,しっかり,フレッシュ,さわやか,冷酒,穏やか,さらり,ピリリ,華やか,マスカット,フルーティ,常温",596,https://sakenowa.com/brands/596,2026-09-28T20:22:25.331687+00:00
sn_2412,432,御代桜醸造,津島屋,,岐阜県,岐阜縣,,,,,,,,,,0.44363570257016804,0.6235776016987336,0.3212522726373706,0.3344882161599325,0.1621249483030197,0.4158947580553798,"ワイン,酸味,甘甜,果香,氣泡感,鮮味,多汁,トロピカル,鳳梨,苦味,鮮爽,華麗,清新,優格,平衡,餘韻,しっかり,蘋果,濃厚,清爽","ワイン,酸味,甘味,フルーティ,ガス,旨味,ジューシー,トロピカル,パイナップル,苦味,フレッシュ,華やか,さわやか,ヨーグルト,バランス,余韻,しっかり,リンゴ,濃厚,スッキリ",2412,https://sakenowa.com/brands/2412,2026-09-28T20:22:25.331698+00:00
sn_2465,432,御代桜醸造,パンダカップ,,岐阜県,岐阜縣,,,,,,,,,,,,,,,,"ゴクゴク,厚重,丸み,輕快,常溫,鮮味,辛口,清爽","ゴクゴク,重い,丸み,軽快,常温,旨味,辛口,スッキリ",2465,https://sakenowa.com/brands/2465,2026-09-28T20:22:25.331704+00:00
sn_4098,432,御代桜醸造,杜氏酒向,,岐阜県,岐阜縣,,,,,,,,,,,,,,,,"清爽,穩重","スッキリ,穏やか",4098,https://sakenowa.com/brands/4098,2026-09-28T20:22:25.331710+00:00
sn_3912,433,千代菊,千代菊,,岐阜県,岐阜縣,,,,,,,,,,0.2137746993103882,0.5953584513573962,0.48592668976749925,0.4435754909641676,0.31973671494407724,0.2544271240185377,"辛口,穀物","辛口,穀物",3912,https://sakenowa.com/brands/3912,2026-09-28T20:22:25.331887+00:00
sn_598,434,小坂酒造場,百春,,岐阜県,岐阜縣,,,,,,,,,,0.4638245432086136,0.5826412045486975,0.2224541427340294,0.27635038302489434,0.20004433898040777,0.5286992552517146,"氣泡感,いちご,果香,酸味,苦味,甘甜,香蕉,多汁,鮮味,鮮爽,甘酸っぱい,清新,濃厚,輕快,ピチピチ,華麗,哈密瓜,清爽,平衡,俐落","ガス,いちご,フルーティ,酸味,苦味,甘味,バナナ,ジューシー,旨味,フレッシュ,甘酸っぱい,さわやか,濃厚,軽快,ピチピチ,華やか,メロン,スッキリ,バランス,キレ",598,https://sakenowa.com/brands/598,2026-09-28T20:22:25.332055+00:00
sn_2480,434,小坂酒造場,さんやほう,,岐阜県,岐阜縣,,,,,,,,,,,,,,,,,,2480,https://sakenowa.com/brands/2480,2026-09-28T20:22:25.332061+00:00
sn_599,435,小町酒造,山笑,,岐阜県,岐阜縣,,,,,,,,,,,,,,,,,,599,https://sakenowa.com/brands/599,2026-09-28T20:22:25.332222+00:00
sn_4116,435,小町酒造,長良川,,岐阜県,岐阜縣,,,,,,,,,,0.22311373504975718,0.45229056047892924,0.30784506848900667,0.44028823384563215,0.5284092778362062,0.42168095780401876,"辛口,鮮味,鮮爽,甘甜,果香,酸味,俐落,清爽,さらり,清新","辛口,旨味,フレッシュ,甘味,フルーティ,酸味,キレ,スッキリ,さらり,さわやか",4116,https://sakenowa.com/brands/4116,2026-09-28T20:22:25.332230+00:00
sn_600,436,老田酒造店,鬼ころし,,岐阜県,岐阜縣,,,,,,,,,,,,,,,,辛口,辛口,600,https://sakenowa.com/brands/600,2026-09-28T20:22:25.332393+00:00
sn_1069,437,大村屋酒造場,おんな泣かせ,,静岡県,靜岡縣,,,,,,,,,,0.31360146511592696,0.4895825258350221,0.3008426970926239,0.4469242564762425,0.4072457287159761,0.4537249921438439,"清爽,辛口,高雅,甘甜","スッキリ,辛口,上品,甘味",1069,https://sakenowa.com/brands/1069,2026-09-28T20:22:25.332558+00:00
sn_3296,437,大村屋酒造場,鬼乙女,,静岡県,靜岡縣,,,,,,,,,,,,,,,,巧克力,チョコレート,3296,https://sakenowa.com/brands/3296,2026-09-28T20:22:25.332563+00:00
sn_3571,437,大村屋酒造場,若竹,,静岡県,靜岡縣,,,,,,,,,,0.24609925096109111,0.5016901668425006,0.30125767189167013,0.5079665129433825,0.40486261004167107,0.4183804954998866,"辛口,鮮味,甘甜,いちご,酸味,鮮爽,柔らかい,俐落,清爽","辛口,旨味,甘味,いちご,酸味,フレッシュ,柔らかい,キレ,スッキリ",3571,https://sakenowa.com/brands/3571,2026-09-28T20:22:25.332570+00:00
sn_602,438,富士高砂酒造,駿州中屋,,静岡県,靜岡縣,,,,,,,,,,0.16050526891361816,0.4470367889782192,0.2618631563763386,0.46307443360625866,0.5765999092104309,0.39864579380999016,"辛口,香蕉,俐落,鮮味","辛口,バナナ,キレ,旨味",602,https://sakenowa.com/brands/602,2026-09-28T20:22:25.332734+00:00
sn_2359,438,富士高砂酒造,高砂,,静岡県,靜岡縣,,,,,,,,,,0.21823746052726262,0.5555215587796115,0.4153335910772001,0.42424428109410844,0.3995498507936319,0.36282629916577036,"辛口,鮮味,優格,酸味,純淨,清爽,甘甜,しっかり,餘韻,俐落,濃厚,圓潤,果香,柔らかい,清新,芳醇,ピリリ,熱燗,苦味,平衡","辛口,旨味,ヨーグルト,酸味,綺麗,スッキリ,甘味,しっかり,余韻,キレ,濃厚,まろやか,フルーティ,柔らかい,さわやか,芳醇,ピリリ,熱燗,苦味,バランス",2359,https://sakenowa.com/brands/2359,2026-09-28T20:22:25.332744+00:00
sn_603,439,万大醸造,伊豆,,静岡県,靜岡縣,,,,,,,,,,,,,,,,"優格,あっさり,穩重,俐落,清新,苦味,鮮味,辛口,甘甜","ヨーグルト,あっさり,穏やか,キレ,さわやか,苦味,旨味,辛口,甘味",603,https://sakenowa.com/brands/603,2026-09-28T20:22:25.332922+00:00
sn_604,439,万大醸造,大沢里,,静岡県,靜岡縣,,,,,,,,,,,,,,,,,,604,https://sakenowa.com/brands/604,2026-09-28T20:22:25.332927+00:00
sn_605,439,万大醸造,萬耀,,静岡県,靜岡縣,,,,,,,,,,,,,,,,,,605,https://sakenowa.com/brands/605,2026-09-28T20:22:25.332931+00:00
sn_2218,439,万大醸造,萬燿,,静岡県,靜岡縣,,,,,,,,,,,,,,,,"醇厚,餘韻,濃厚,圓潤,甘甜,しっかり","コク,余韻,濃厚,まろやか,甘味,しっかり",2218,https://sakenowa.com/brands/2218,2026-09-28T20:22:25.332937+00:00
sn_2233,439,万大醸造,下田美人,,静岡県,靜岡縣,,,,,,,,,,,,,,,,"冷酒,清爽,熱燗,キリリ,穩重,純淨,鮮味,辛口,甘甜","冷酒,スッキリ,熱燗,キリリ,穏やか,綺麗,旨味,辛口,甘味",2233,https://sakenowa.com/brands/2233,2026-09-28T20:22:25.332944+00:00
sn_2286,439,万大醸造,坦庵,,静岡県,靜岡縣,,,,,,,,,,,,,,,,"濃厚,苦味,果香,しっかり,酸味","濃厚,苦味,フルーティ,しっかり,酸味",2286,https://sakenowa.com/brands/2286,2026-09-28T20:22:25.332956+00:00
sn_2398,439,万大醸造,伊豆の里,,静岡県,靜岡縣,,,,,,,,,,,,,,,,,,2398,https://sakenowa.com/brands/2398,2026-09-28T20:22:25.332960+00:00
sn_2464,439,万大醸造,あらばしり,,静岡県,靜岡縣,,,,,,,,,,,,,,,,,,2464,https://sakenowa.com/brands/2464,2026-09-28T20:22:25.332964+00:00
sn_606,440,志太泉酒造,志太泉,,静岡県,靜岡縣,,,,,,,,,,0.3554897053328359,0.4994804081351598,0.2677984890736069,0.41821235388382055,0.387617825250863,0.47674019040578747,"辛口,哈密瓜,清爽,鮮味,苦味,しっかり,甘甜,果香,酸味,氣泡感,俐落,清新,純淨,優しい,輕快,華麗,さっぱり,餘韻,穩重,ほのか","辛口,メロン,スッキリ,旨味,苦味,しっかり,甘味,フルーティ,酸味,ガス,キレ,さわやか,綺麗,優しい,軽快,華やか,さっぱり,余韻,穏やか,ほのか",606,https://sakenowa.com/brands/606,2026-09-28T20:22:25.333130+00:00
sn_607,441,磯自慢酒造,磯自慢,,静岡県,靜岡縣,,,,,,,,,,0.37915318311245527,0.5206279838331678,0.24327708139284898,0.46550855456626217,0.34723315017969686,0.4344382037717151,"鮮味,清爽,果香,辛口,純淨,哈密瓜,甘甜,俐落,苦味,高雅,平衡,香蕉,華麗,清新,酸味,しっかり,穩定,穩重,餘韻,ほのか","旨味,スッキリ,フルーティ,辛口,綺麗,メロン,甘味,キレ,苦味,上品,バランス,バナナ,華やか,さわやか,酸味,しっかり,安定,穏やか,余韻,ほのか",607,https://sakenowa.com/brands/607,2026-09-28T20:22:25.333303+00:00
sn_608,442,三和酒造,臥龍梅,,静岡県,靜岡縣,,,,,,,,,,0.3810569004217103,0.4646928595145297,0.2658621435645644,0.3522840763846791,0.4327815201395917,0.5067243737259151,"辛口,清爽,果香,甘甜,鮮味,華麗,しっかり,氣泡感,苦味,酸味,清新,シャンパン,餘韻,俐落,キリリ,輕快,ワイン,濃厚,哈密瓜,圓潤","辛口,スッキリ,フルーティ,甘味,旨味,華やか,しっかり,ガス,苦味,酸味,さわやか,シャンパン,余韻,キレ,キリリ,軽快,ワイン,濃厚,メロン,まろやか",608,https://sakenowa.com/brands/608,2026-09-28T20:22:25.333484+00:00
sn_609,443,青島酒造,喜久酔,,静岡県,靜岡縣,,,,,,,,,,0.21839352105921778,0.5339824356018785,0.2898607237650299,0.6452674689759879,0.27550926901985145,0.3014503697326072,"穩重,鮮味,常溫,辛口,清爽,純淨,甘甜,熱燗,優しい,哈密瓜,柔らかい,酸味,冷酒,平衡,苦味,レーズン,俐落,ほのか,円やか,ピリリ","穏やか,旨味,常温,辛口,スッキリ,綺麗,甘味,熱燗,優しい,メロン,柔らかい,酸味,冷酒,バランス,苦味,レーズン,キレ,ほのか,円やか,ピリリ",609,https://sakenowa.com/brands/609,2026-09-28T20:22:25.333650+00:00
sn_2066,443,青島酒造,喜久醉,,静岡県,靜岡縣,,,,,,,,,,0.157465810510919,0.5102926357706734,0.3774187375655968,0.5942471935901124,0.36153951310825727,0.29752393904435526,"辛口,餘韻,穩定,鮮味","辛口,余韻,安定,旨味",2066,https://sakenowa.com/brands/2066,2026-09-28T20:22:25.333659+00:00
sn_611,445,神沢川酒造場,正雪,,静岡県,靜岡縣,,,,,,,,,,0.3348743463189137,0.5026975782137079,0.24799012974126375,0.5032165868317354,0.37521963122555463,0.4238378318022612,"辛口,鮮味,清爽,甘甜,香蕉,果香,哈密瓜,清新,柔らかい,苦味,穩重,酸味,平衡,俐落,しっかり,優しい,純淨,餘韻,華麗,高雅","辛口,旨味,スッキリ,甘味,バナナ,フルーティ,メロン,さわやか,柔らかい,苦味,穏やか,酸味,バランス,キレ,しっかり,優しい,綺麗,余韻,華やか,上品",611,https://sakenowa.com/brands/611,2026-09-28T20:22:25.333825+00:00
sn_2535,445,神沢川酒造場,山影純悦,,静岡県,靜岡縣,,,,,,,,,,,,,,,,香蕉,バナナ,2535,https://sakenowa.com/brands/2535,2026-09-28T20:22:25.333831+00:00
sn_612,446,牧野酒造,富士山,,静岡県,靜岡縣,,,,,,,,,,,,,,,,,,612,https://sakenowa.com/brands/612,2026-09-28T20:22:25.334010+00:00
sn_613,446,牧野酒造,白糸,,静岡県,靜岡縣,,,,,,,,,,,,,,,,"さらり,熱燗,優しい,清爽,甘甜","さらり,熱燗,優しい,スッキリ,甘味",613,https://sakenowa.com/brands/613,2026-09-28T20:22:25.334017+00:00
sn_614,448,杉井酒造,杉錦,,静岡県,靜岡縣,,,,,,,,,,0.14334839495619076,0.5947001521544918,0.4926304610976135,0.5008913709267578,0.24339839721671966,0.27011710470295336,"酸味,常溫,鮮味,優格,熱燗,醇厚,苦味,冷酒,俐落,甘甜,しっかり,辛口,紹興酒,優しい,燗酒,どっしり,辛香料,純淨,穀物,餘韻","酸味,常温,旨味,ヨーグルト,熱燗,コク,苦味,冷酒,キレ,甘味,しっかり,辛口,紹興酒,優しい,燗酒,どっしり,スパイス,綺麗,穀物,余韻",614,https://sakenowa.com/brands/614,2026-09-28T20:22:25.334183+00:00
sn_1213,448,杉井酒造,八百萬,,静岡県,靜岡縣,,,,,,,,,,,,,,,,酸味,酸味,1213,https://sakenowa.com/brands/1213,2026-09-28T20:22:25.334188+00:00
sn_1788,448,杉井酒造,ふじほの香,,静岡県,靜岡縣,,,,,,,,,,,,,,,,甘甜,甘味,1788,https://sakenowa.com/brands/1788,2026-09-28T20:22:25.334192+00:00
sn_615,450,花の舞酒造,花の舞,,静岡県,靜岡縣,,,,,,,,,,0.44362228731735415,0.5048290722490663,0.28138943922207643,0.33891370416235983,0.3779769986082609,0.45982360439171727,"ワイン,辛口,清爽,鮮味,酸味,氣泡感,華麗,果香,熱燗,いちご,櫻花,常溫,甘甜,俐落,しっかり,花香,冷酒,清新,ほのか,苦味","ワイン,辛口,スッキリ,旨味,酸味,ガス,華やか,フルーティ,熱燗,いちご,桜,常温,甘味,キレ,しっかり,花,冷酒,さわやか,ほのか,苦味",615,https://sakenowa.com/brands/615,2026-09-28T20:22:25.334358+00:00
sn_617,451,土井酒造場,開運,,静岡県,靜岡縣,,,,,,,,,,0.36035358448904775,0.53675285825493,0.29159553222233114,0.43192062499576567,0.30659138378471423,0.4652526259799876,"鮮味,哈密瓜,鮮爽,甘甜,清爽,穩定,酸味,辛口,平衡,果香,純淨,しっかり,氣泡感,俐落,苦味,清新,濃厚,華麗,穩重,輕快","旨味,メロン,フレッシュ,甘味,スッキリ,安定,酸味,辛口,バランス,フルーティ,綺麗,しっかり,ガス,キレ,苦味,さわやか,濃厚,華やか,穏やか,軽快",617,https://sakenowa.com/brands/617,2026-09-28T20:22:25.334526+00:00
sn_618,452,初亀醸造,初亀,,静岡県,靜岡縣,,,,,,,,,,0.36041778841442584,0.5416585196904241,0.2533109484546292,0.44229852855989005,0.337177984228418,0.4508011178110206,"鮮味,辛口,清新,清爽,甘甜,鮮爽,果香,酸味,純淨,香蕉,哈密瓜,俐落,苦味,控えめ,餘韻,ほのか,しっかり,穩重,輕快,高雅","旨味,辛口,さわやか,スッキリ,甘味,フレッシュ,フルーティ,酸味,綺麗,バナナ,メロン,キレ,苦味,控えめ,余韻,ほのか,しっかり,穏やか,軽快,上品",618,https://sakenowa.com/brands/618,2026-09-28T20:22:25.334691+00:00
sn_1449,452,初亀醸造,亀,,静岡県,靜岡縣,,,,,,,,,,,,,,,,"豐潤,高雅,醇厚,辛口,しっかり","豊か,上品,コク,辛口,しっかり",1449,https://sakenowa.com/brands/1449,2026-09-28T20:22:25.334697+00:00
sn_619,453,山﨑,雫原酒,,愛知県,愛知縣,,,,,,,,,,,,,,,,,,619,https://sakenowa.com/brands/619,2026-09-28T20:22:25.334871+00:00
sn_620,453,山﨑,金盃,,愛知県,愛知縣,,,,,,,,,,,,,,,,"鮮味,辛口","旨味,辛口",620,https://sakenowa.com/brands/620,2026-09-28T20:22:25.334877+00:00
sn_621,453,山﨑,山崎醸,,愛知県,愛知縣,,,,,,,,,,0.4544065737851611,0.5453585121989197,0.2476967418406632,0.38293931596279146,0.2637803085302528,0.4674639152663718,"華麗,果香,氣泡感,甘甜,酸味,苦味,鮮味,哈密瓜,平衡,辛口,清爽,清新","華やか,フルーティ,ガス,甘味,酸味,苦味,旨味,メロン,バランス,辛口,スッキリ,さわやか",621,https://sakenowa.com/brands/621,2026-09-28T20:22:25.334888+00:00
sn_622,453,山﨑,西尾鶴城六万石,,愛知県,愛知縣,,,,,,,,,,,,,,,,,,622,https://sakenowa.com/brands/622,2026-09-28T20:22:25.334892+00:00
sn_1889,453,山﨑,奥,,愛知県,愛知縣,,,,,,,,,,0.38511728631402825,0.4935253595558502,0.29526528511662825,0.34934615581910167,0.2750391257803943,0.5685477546932678,"氣泡感,とろみ,酸味,鮮味,清新,苦味,果香,濃厚,甘甜,辛口,しっかり,ラムネ,華麗,鮮爽,餘韻,カルピス,清爽,爽快,輕快,俐落","ガス,とろみ,酸味,旨味,さわやか,苦味,フルーティ,濃厚,甘味,辛口,しっかり,ラムネ,華やか,フレッシュ,余韻,カルピス,スッキリ,爽快,軽快,キレ",1889,https://sakenowa.com/brands/1889,2026-09-28T20:22:25.334901+00:00
sn_2167,453,山﨑,焚火,,愛知県,愛知縣,,,,,,,,,,,,,,,,,,2167,https://sakenowa.com/brands/2167,2026-09-28T20:22:25.334906+00:00
sn_4100,453,山﨑,尊皇,,愛知県,愛知縣,,,,,,,,,,0.25532515127503685,0.47302631089356245,0.27837633948668655,0.3643992447191482,0.5014657643626913,0.49930658674110806,辛口,辛口,4100,https://sakenowa.com/brands/4100,2026-09-28T20:22:25.334910+00:00
sn_623,455,柴田酒造場,孝の司,,愛知県,愛知縣,,,,,,,,,,0.4288101306049319,0.42345881494379045,0.20016790325130218,0.3943511871016544,0.2865780882087931,0.599247407199287,"氣泡感,酸味,果香,鮮味,柔らかい,清新,辛口,甘甜,鮮爽,苦味,輕快,優しい,純淨,清爽,穩重,柑橘,しっかり,水蜜桃,優格,餘韻","ガス,酸味,フルーティ,旨味,柔らかい,さわやか,辛口,甘味,フレッシュ,苦味,軽快,優しい,綺麗,スッキリ,穏やか,柑橘,しっかり,桃,ヨーグルト,余韻",623,https://sakenowa.com/brands/623,2026-09-28T20:22:25.335081+00:00
sn_624,456,日野屋商店,朝日嶽,,愛知県,愛知縣,,,,,,,,,,,,,,,,,,624,https://sakenowa.com/brands/624,2026-09-28T20:22:25.335242+00:00
sn_625,457,中埜酒造,國盛,,愛知県,愛知縣,,,,,,,,,,0.39991629137016066,0.5142516920977424,0.32647002775364115,0.38459473337448646,0.255782510025848,0.5056596450927906,"味噌,甘甜,櫻花,カルピス,酸味,優格,ジュース,清爽,苦味,圓潤,辛口,清新,鮮味,水蜜桃,花香,とろみ,果香,しっかり,ゴクゴク,氣泡感","味噌,甘味,桜,カルピス,酸味,ヨーグルト,ジュース,スッキリ,苦味,まろやか,辛口,さわやか,旨味,桃,花,とろみ,フルーティ,しっかり,ゴクゴク,ガス",625,https://sakenowa.com/brands/625,2026-09-28T20:22:25.335411+00:00
sn_2539,457,中埜酒造,彩華,,愛知県,愛知縣,,,,,,,,,,,,,,,,果香,フルーティ,2539,https://sakenowa.com/brands/2539,2026-09-28T20:22:25.335416+00:00
sn_3353,457,中埜酒造,半田郷,,愛知県,愛知縣,,,,,,,,,,0.2491777633077003,0.5574466175930567,0.2849851433962492,0.5694701440014363,0.35046364975911853,0.31436628976236075,,,3353,https://sakenowa.com/brands/3353,2026-09-28T20:22:25.335421+00:00
sn_3982,457,中埜酒造,Lapis Lazuli,,愛知県,愛知縣,,,,,,,,,,,,,,,,,,3982,https://sakenowa.com/brands/3982,2026-09-28T20:22:25.335427+00:00
sn_4162,457,中埜酒造,どぶろく,,愛知県,愛知縣,,,,,,,,,,,,,,,,,,4162,https://sakenowa.com/brands/4162,2026-09-28T20:22:25.335432+00:00
sn_626,458,萬乗醸造,醸し人九平次,,愛知県,愛知縣,,,,,,,,,,0.48932489647569294,0.5274082401136008,0.2482766198336251,0.3260949299015999,0.23333151522933804,0.5098812750891805,"氣泡感,ワイン,酸味,果香,苦味,鮮味,平衡,甘甜,高雅,華麗,鮮爽,清新,柑橘,清爽,ピリリ,穩定,純淨,餘韻,しっかり,麝香葡萄","ガス,ワイン,酸味,フルーティ,苦味,旨味,バランス,甘味,上品,華やか,フレッシュ,さわやか,柑橘,スッキリ,ピリリ,安定,綺麗,余韻,しっかり,マスカット",626,https://sakenowa.com/brands/626,2026-09-28T20:22:25.335601+00:00
sn_2827,458,萬乗醸造,Eye collection,,愛知県,愛知縣,,,,,,,,,,,,,,,,,,2827,https://sakenowa.com/brands/2827,2026-09-28T20:22:25.335606+00:00
sn_627,459,澤田酒造,白老,,愛知県,愛知縣,,,,,,,,,,0.2998294155218673,0.5568234372399393,0.38496269336266686,0.33955539604891305,0.3648391277643712,0.4510523804540606,"鮮爽,鮮味,辛口,氣泡感,酸味,しっかり,ピリリ,果香,甘甜,清爽,アミノ酸,哈密瓜,濃厚,穀物,常溫,苦味,ツン,どっしり,俐落,清新","フレッシュ,旨味,辛口,ガス,酸味,しっかり,ピリリ,フルーティ,甘味,スッキリ,アミノ酸,メロン,濃厚,穀物,常温,苦味,ツン,どっしり,キレ,さわやか",627,https://sakenowa.com/brands/627,2026-09-28T20:22:25.335774+00:00
sn_1460,459,澤田酒造,酒蔵開放 しぼりたて生酒 吟醸,,愛知県,愛知縣,,,,,,,,,,,,,,,,"鮮味,甘甜","旨味,甘味",1460,https://sakenowa.com/brands/1460,2026-09-28T20:22:25.335780+00:00
sn_628,461,山忠本家酒造,義侠,,愛知県,愛知縣,,,,,,,,,,0.2552201302712824,0.595550926692725,0.4449600318376986,0.4406299136631812,0.25778255890383983,0.348691526132922,"鮮味,酸味,鮮爽,しっかり,甘甜,苦味,氣泡感,穩重,辛口,平衡,清爽,果香,醇厚,俐落,力道強勁,常溫,濃厚,圓潤,どっしり,餘韻","旨味,酸味,フレッシュ,しっかり,甘味,苦味,ガス,穏やか,辛口,バランス,スッキリ,フルーティ,コク,キレ,力強い,常温,濃厚,まろやか,どっしり,余韻",628,https://sakenowa.com/brands/628,2026-09-28T20:22:25.335958+00:00
sn_3942,461,山忠本家酒造,義俠,,愛知県,愛知縣,,,,,,,,,,,,,,,,,,3942,https://sakenowa.com/brands/3942,2026-09-28T20:22:25.335963+00:00
sn_630,462,関谷醸造,一念不動,,愛知県,愛知縣,,,,,,,,,,0.3746410197023608,0.4958264248856813,0.32276357840760733,0.37334158862192546,0.30713762842119574,0.5252679988425297,"氣泡感,鮮味,酸味,甘甜,果香,清爽,さっぱり,辛口,しっかり,清新,柔らかい,純淨,ほのか,俐落,苦味,優しい,ピチピチ,さらり,滑順","ガス,旨味,酸味,甘味,フルーティ,スッキリ,さっぱり,辛口,しっかり,さわやか,柔らかい,綺麗,ほのか,キレ,苦味,優しい,ピチピチ,さらり,なめらか",630,https://sakenowa.com/brands/630,2026-09-28T20:22:25.336128+00:00
sn_631,462,関谷醸造,設楽,,愛知県,愛知縣,,,,,,,,,,,,,,,,"ピチピチ,葡萄柚,柔らかい,ちびちび,清爽,華麗,甘甜","ピチピチ,グレープフルーツ,柔らかい,ちびちび,スッキリ,華やか,甘味",631,https://sakenowa.com/brands/631,2026-09-28T20:22:25.336134+00:00
sn_632,462,関谷醸造,蓬莱泉,,愛知県,愛知縣,,,,,,,,,,0.33904116380779975,0.5849241712704409,0.3624852797914506,0.44394785046824686,0.2427478729260487,0.3943386885615667,"鮮味,甘甜,果香,高雅,清爽,鮮爽,酸味,辛口,しっかり,苦味,華麗,純淨,圓潤,常溫,濃厚,氣泡感,餘韻,柔らかい,平衡,俐落","旨味,甘味,フルーティ,上品,スッキリ,フレッシュ,酸味,辛口,しっかり,苦味,華やか,綺麗,まろやか,常温,濃厚,ガス,余韻,柔らかい,バランス,キレ",632,https://sakenowa.com/brands/632,2026-09-28T20:22:25.336147+00:00
sn_1869,462,関谷醸造,空,,愛知県,愛知縣,,,,,,,,,,0.3667524376617232,0.6026155905293354,0.24878847446790378,0.43545250998291074,0.2828358064489667,0.41332361731704026,"果香,甘甜,清爽,高雅,純淨,鮮味,ほのか","フルーティ,甘味,スッキリ,上品,綺麗,旨味,ほのか",1869,https://sakenowa.com/brands/1869,2026-09-28T20:22:25.336154+00:00
sn_2606,462,関谷醸造,朋,,愛知県,愛知縣,,,,,,,,,,,,,,,,"透き通る,ツン,ふんわり,鮮味,清爽","透き通る,ツン,ふんわり,旨味,スッキリ",2606,https://sakenowa.com/brands/2606,2026-09-28T20:22:25.336160+00:00
sn_3805,462,関谷醸造,夢筺,,愛知県,愛知縣,,,,,,,,,,,,,,,,,,3805,https://sakenowa.com/brands/3805,2026-09-28T20:22:25.336165+00:00
sn_3892,462,関谷醸造,純米大吟醸はつしぼり,,愛知県,愛知縣,,,,,,,,,,,,,,,,,,3892,https://sakenowa.com/brands/3892,2026-09-28T20:22:25.336169+00:00
sn_633,463,甘強酒造,四天王,,愛知県,愛知縣,,,,,,,,,,,,,,,,,,633,https://sakenowa.com/brands/633,2026-09-28T20:22:25.336339+00:00
sn_634,463,甘強酒造,いっこく,,愛知県,愛知縣,,,,,,,,,,,,,,,,"さっぱり,酸味,鮮味","さっぱり,酸味,旨味",634,https://sakenowa.com/brands/634,2026-09-28T20:22:25.336345+00:00
sn_635,464,盛田金しゃち酒造,金鯱,,愛知県,愛知縣,,,,,,,,,,0.1979878317732024,0.5785062801626151,0.3927340235034322,0.5315693001512711,0.29274858748404814,0.32190624835151604,"鮮味,味噌,辛口,冷酒","旨味,味噌,辛口,冷酒",635,https://sakenowa.com/brands/635,2026-09-28T20:22:25.336508+00:00
sn_636,467,福井酒造,四海王,,愛知県,愛知縣,,,,,,,,,,0.32238057951106086,0.6471564771459417,0.411203203612933,0.39178380869426027,0.26120016872061913,0.2940256799770503,,,636,https://sakenowa.com/brands/636,2026-09-28T20:22:25.336669+00:00
sn_637,468,東春酒造,東龍,,愛知県,愛知縣,,,,,,,,,,0.31991953378757626,0.6422917991815205,0.33359406296793415,0.3909280909202195,0.2455182973941563,0.4009036432012042,"果香,甘甜,鮮味,ワイン,常溫,梨子,熱燗,酸味,穀物,清爽,純淨,辛口","フルーティ,甘味,旨味,ワイン,常温,梨,熱燗,酸味,穀物,スッキリ,綺麗,辛口",637,https://sakenowa.com/brands/637,2026-09-28T20:22:25.336838+00:00
sn_638,468,東春酒造,東春,,愛知県,愛知縣,,,,,,,,,,,,,,,,"ツン,ほのか,濃厚,果香,しっかり,甘甜","ツン,ほのか,濃厚,フルーティ,しっかり,甘味",638,https://sakenowa.com/brands/638,2026-09-28T20:22:25.336845+00:00
sn_639,469,丸一酒造,ほしいずみ,,愛知県,愛知縣,,,,,,,,,,0.40278926310386604,0.586618556172114,0.3425889067232671,0.34598620278557396,0.22352874317577442,0.45453357249957194,"酸味,鳳梨,甘甜,果香,氣泡感,鮮味,苦味,餘韻,清爽,鮮爽,しっかり,ほのか,平衡,ワイン,甘酸っぱい,濃厚,さっぱり,味噌,優しい,輕快","酸味,パイナップル,甘味,フルーティ,ガス,旨味,苦味,余韻,スッキリ,フレッシュ,しっかり,ほのか,バランス,ワイン,甘酸っぱい,濃厚,さっぱり,味噌,優しい,軽快",639,https://sakenowa.com/brands/639,2026-09-28T20:22:25.337024+00:00
sn_640,470,丸彦酒造,三重の寒梅,,三重県,三重縣,,,,,,,,,,0.5209835056009952,0.3693500985597066,0.19563231368323866,0.37630610936048897,0.3924362384635981,0.50820488016851,"櫻花,辛口","桜,辛口",640,https://sakenowa.com/brands/640,2026-09-28T20:22:25.337186+00:00
sn_3475,470,丸彦酒造,伊勢正宗,,三重県,三重縣,,,,,,,,,,,,,,,,,,3475,https://sakenowa.com/brands/3475,2026-09-28T20:22:25.337191+00:00
sn_641,471,今村酒造,きげんよし,,三重県,三重縣,,,,,,,,,,,,,,,,"鳳梨,醇厚,甘甜,鮮味","パイナップル,コク,甘味,旨味",641,https://sakenowa.com/brands/641,2026-09-28T20:22:25.337353+00:00
sn_642,472,早川酒造部,天慶,,三重県,三重縣,,,,,,,,,,,,,,,,,,642,https://sakenowa.com/brands/642,2026-09-28T20:22:25.337515+00:00
sn_2351,472,早川酒造部,Noname irodori 橙,,三重県,三重縣,,,,,,,,,,,,,,,,"ラム,平衡,辛口,果香,酸味,清爽,甘甜","ラム,バランス,辛口,フルーティ,酸味,スッキリ,甘味",2351,https://sakenowa.com/brands/2351,2026-09-28T20:22:25.337521+00:00
sn_643,474,早川酒造,田光,,三重県,三重縣,,,,,,,,,,0.43295708137283334,0.5347077888025705,0.24748310131410592,0.37827894850095034,0.3171556988690392,0.47085577477911655,"鮮味,酸味,苦味,果香,平衡,甘甜,蘋果,純淨,清爽,清新,哈密瓜,華麗,鮮爽,しっかり,辛口,控えめ,優しい,穩重,鳳梨,多汁","旨味,酸味,苦味,フルーティ,バランス,甘味,リンゴ,綺麗,スッキリ,さわやか,メロン,華やか,フレッシュ,しっかり,辛口,控えめ,優しい,穏やか,パイナップル,ジューシー",643,https://sakenowa.com/brands/643,2026-09-28T20:22:25.337686+00:00
sn_1191,474,早川酒造,早春,,三重県,三重縣,,,,,,,,,,0.4709716157012954,0.47520395432027845,0.19740145722835062,0.32760868613527994,0.17778002755503355,0.6119366096724831,"清新,酸味,甘酸っぱい,ラムネ,鳳梨,苦味,爽快,果香,甘甜,葡萄柚,優格,輕快,多汁","さわやか,酸味,甘酸っぱい,ラムネ,パイナップル,苦味,爽快,フルーティ,甘味,グレープフルーツ,ヨーグルト,軽快,ジューシー",1191,https://sakenowa.com/brands/1191,2026-09-28T20:22:25.337695+00:00
sn_644,475,森本仙右衛門商店,黒松翁,,三重県,三重縣,,,,,,,,,,,,,,,,,,644,https://sakenowa.com/brands/644,2026-09-28T20:22:25.337872+00:00
sn_3866,475,森本仙右衛門商店,忍者,,三重県,三重縣,,,,,,,,,,,,,,,,"圓潤,醇厚,鮮味,酸味,辛口","まろやか,コク,旨味,酸味,辛口",3866,https://sakenowa.com/brands/3866,2026-09-28T20:22:25.337881+00:00
sn_645,476,大田酒造,半蔵,,三重県,三重縣,,,,,,,,,,0.34738990812580417,0.5345646185734113,0.2997874783051918,0.491417543293131,0.3258811276822293,0.39496667823694315,"鮮味,果香,辛口,甘甜,華麗,苦味,清爽,高雅,酸味,しっかり,柔らかい,純淨,平衡,優しい,鮮爽,清新,圓潤,穩重,氣泡感,俐落","旨味,フルーティ,辛口,甘味,華やか,苦味,スッキリ,上品,酸味,しっかり,柔らかい,綺麗,バランス,優しい,フレッシュ,さわやか,まろやか,穏やか,ガス,キレ",645,https://sakenowa.com/brands/645,2026-09-28T20:22:25.338047+00:00
sn_76070,476,大田酒造,花芽実,,三重県,三重縣,,,,,,,,,,0.45921528283773594,0.47521597842476465,0.17226937637699302,0.3876663357761243,0.31574215503893804,0.5325749369412851,"氣泡感,酸味,辛口,甘甜,鮮爽,苦味,華麗,果香,清新,甘酸っぱい,清爽,優しい,鮮味,ほのか,哈密瓜,奶油感,穩重,平衡,梨子,花香","ガス,酸味,辛口,甘味,フレッシュ,苦味,華やか,フルーティ,さわやか,甘酸っぱい,スッキリ,優しい,旨味,ほのか,メロン,クリーミー,穏やか,バランス,梨,花",76070,https://sakenowa.com/brands/76070,2026-09-28T20:22:25.338056+00:00
sn_650,479,寒紅梅酒造,丿貫,,三重県,三重縣,,,,,,,,,,,,,,,,,,650,https://sakenowa.com/brands/650,2026-09-28T20:22:25.338218+00:00
sn_1264,479,寒紅梅酒造,寒紅梅,,三重県,三重縣,,,,,,,,,,0.4382307104624959,0.5042486137158922,0.2087603168065691,0.29324036314366075,0.3206114939669323,0.5668550691840231,"氣泡感,酸味,果香,鮮爽,甘甜,鮮味,平衡,多汁,清新,苦味,清爽,辛口,蘋果,輕快,哈密瓜,ピリリ,しっかり,ほのか,俐落,鳳梨","ガス,酸味,フルーティ,フレッシュ,甘味,旨味,バランス,ジューシー,さわやか,苦味,スッキリ,辛口,リンゴ,軽快,メロン,ピリリ,しっかり,ほのか,キレ,パイナップル",1264,https://sakenowa.com/brands/1264,2026-09-28T20:22:25.338227+00:00
sn_3125,479,寒紅梅酒造,三重大学,,三重県,三重縣,,,,,,,,,,,,,,,,,,3125,https://sakenowa.com/brands/3125,2026-09-28T20:22:25.338235+00:00
sn_3154,479,寒紅梅酒造,しろくま 冬のうすにごり,,三重県,三重縣,,,,,,,,,,,,,,,,"哈密瓜,氣泡感","メロン,ガス",3154,https://sakenowa.com/brands/3154,2026-09-28T20:22:25.338240+00:00
sn_651,480,森喜酒造場,妙の華,,三重県,三重縣,,,,,,,,,,,,,,,,,,651,https://sakenowa.com/brands/651,2026-09-28T20:22:25.338409+00:00
sn_652,480,森喜酒造場,るみ子の酒,,三重県,三重縣,,,,,,,,,,0.1916228038541561,0.5705447157755169,0.43061832480375745,0.42008251044330674,0.3492015947178158,0.3923215739072929,"鮮味,酸味,辛口,しっかり,アミノ酸,氣泡感,清爽,俐落,苦味,熱燗,甘甜,常溫,穩重,鮮爽,コーヒー,冷酒,輕快,清新,さっぱり,燗酒","旨味,酸味,辛口,しっかり,アミノ酸,ガス,スッキリ,キレ,苦味,熱燗,甘味,常温,穏やか,フレッシュ,コーヒー,冷酒,軽快,さわやか,さっぱり,燗酒",652,https://sakenowa.com/brands/652,2026-09-28T20:22:25.338418+00:00
sn_1032,480,森喜酒造場,おめかし,,三重県,三重縣,,,,,,,,,,,,,,,,,,1032,https://sakenowa.com/brands/1032,2026-09-28T20:22:25.338422+00:00
sn_1631,480,森喜酒造場,英,,三重県,三重縣,,,,,,,,,,0.14240683286726927,0.6234847430917853,0.4390985821561519,0.5531856516837156,0.198522931427162,0.22968192071160135,"燗冷まし,酸味","燗冷まし,酸味",1631,https://sakenowa.com/brands/1631,2026-09-28T20:22:25.338431+00:00
sn_2873,480,森喜酒造場,妙の花,,三重県,三重縣,,,,,,,,,,,,,,,,,,2873,https://sakenowa.com/brands/2873,2026-09-28T20:22:25.338435+00:00
sn_3276,480,森喜酒造場,どすこい誉,,三重県,三重縣,,,,,,,,,,,,,,,,,,3276,https://sakenowa.com/brands/3276,2026-09-28T20:22:25.338440+00:00
sn_653,481,元坂酒造,酒屋八兵衛,,三重県,三重縣,,,,,,,,,,0.25968652882607685,0.5876690172519372,0.3851884744058372,0.45707976687684093,0.2960842844416466,0.3771605166395336,"鮮味,酸味,辛口,しっかり,苦味,甘甜,清爽,熱燗,穩重,清新,穀物,鮮爽,平衡,俐落,果香,冷酒,醇厚,餘韻,控えめ,輕快","旨味,酸味,辛口,しっかり,苦味,甘味,スッキリ,熱燗,穏やか,さわやか,穀物,フレッシュ,バランス,キレ,フルーティ,冷酒,コク,余韻,控えめ,軽快",653,https://sakenowa.com/brands/653,2026-09-28T20:22:25.338616+00:00
sn_2175,481,元坂酒造,五十鈴川,,三重県,三重縣,,,,,,,,,,,,,,,,,,2175,https://sakenowa.com/brands/2175,2026-09-28T20:22:25.338621+00:00
sn_3916,481,元坂酒造,風の宮,,三重県,三重縣,,,,,,,,,,,,,,,,"さらり,辛口,しっかり,酸味,清爽","さらり,辛口,しっかり,酸味,スッキリ",3916,https://sakenowa.com/brands/3916,2026-09-28T20:22:25.338629+00:00
sn_654,482,タカハシ酒造,天遊琳,,三重県,三重縣,,,,,,,,,,0.2867007182168739,0.5684071942221888,0.4278448695257375,0.45487174862684765,0.2677301603687685,0.364797177731626,"酸味,鮮味,圓潤,苦味,清爽,冷酒,清新,甘甜,アミノ酸,ブドウ,厚み,穩重","酸味,旨味,まろやか,苦味,スッキリ,冷酒,さわやか,甘味,アミノ酸,ブドウ,厚み,穏やか",654,https://sakenowa.com/brands/654,2026-09-28T20:22:25.338793+00:00
sn_1505,482,タカハシ酒造,伊勢の白酒,,三重県,三重縣,,,,,,,,,,,,,,,,"氣泡感,カルピス","ガス,カルピス",1505,https://sakenowa.com/brands/1505,2026-09-28T20:22:25.338802+00:00
sn_655,483,瀧自慢酒造,瀧自慢,,三重県,三重縣,,,,,,,,,,0.27470226247393215,0.4975465612249305,0.2898866629940465,0.4083553088333012,0.46413749407110844,0.45910144561760696,"辛口,鮮味,清爽,甘甜,清新,酸味,俐落,果香,しっかり,平衡,苦味,鮮爽,輕快,餘韻,さっぱり,ふくよか,純淨,常溫,控えめ,華麗","辛口,旨味,スッキリ,甘味,さわやか,酸味,キレ,フルーティ,しっかり,バランス,苦味,フレッシュ,軽快,余韻,さっぱり,ふくよか,綺麗,常温,控えめ,華やか",655,https://sakenowa.com/brands/655,2026-09-28T20:22:25.338983+00:00
sn_656,484,石川酒造,噴井,,三重県,三重縣,,,,,,,,,,0.3605037184474814,0.4528356967211151,0.34592231911447535,0.4672950243002692,0.31910537871603073,0.4744699858134484,"櫻花,純淨,辛口,鮮味,清爽,堅果,酸味","桜,綺麗,辛口,旨味,スッキリ,ナッツ,酸味",656,https://sakenowa.com/brands/656,2026-09-28T20:22:25.339150+00:00
sn_657,486,細川酒造,あげうま,,三重県,三重縣,,,,,,,,,,,,,,,,,,657,https://sakenowa.com/brands/657,2026-09-28T20:22:25.339315+00:00
sn_658,487,宮崎本店,宮の雪,,三重県,三重縣,,,,,,,,,,0.27736568697879793,0.6069872045984833,0.368670517940833,0.4891325156768751,0.27551788406563255,0.32180139218055676,"甘甜,果香,鮮味,酸味,辛口,平衡,濃厚,熱燗,餘韻,優しい,しっかり,清爽,ふくよか,純淨,醇厚,柔らかい,苦味,ピリリ,冷酒,圓潤","甘味,フルーティ,旨味,酸味,辛口,バランス,濃厚,熱燗,余韻,優しい,しっかり,スッキリ,ふくよか,綺麗,コク,柔らかい,苦味,ピリリ,冷酒,まろやか",658,https://sakenowa.com/brands/658,2026-09-28T20:22:25.339489+00:00
sn_659,487,宮崎本店,勘兵衛,,三重県,三重縣,,,,,,,,,,,,,,,,"哈密瓜,さらり,蘋果,輕快,ほのか,圓潤,清爽,辛口","メロン,さらり,リンゴ,軽快,ほのか,まろやか,スッキリ,辛口",659,https://sakenowa.com/brands/659,2026-09-28T20:22:25.339496+00:00
sn_660,488,木屋正酒造,而今,,三重県,三重縣,,,,,,,,,,0.4513831196226692,0.5792997026377745,0.2517900284037376,0.38034293688048654,0.21722107345295247,0.45323412388412615,"平衡,鮮味,氣泡感,果香,酸味,苦味,甘甜,穩定,鮮爽,華麗,鳳梨,純淨,多汁,高雅,餘韻,俐落,哈密瓜,しっかり,清爽,清新","バランス,旨味,ガス,フルーティ,酸味,苦味,甘味,安定,フレッシュ,華やか,パイナップル,綺麗,ジューシー,上品,余韻,キレ,メロン,しっかり,スッキリ,さわやか",660,https://sakenowa.com/brands/660,2026-09-28T20:22:25.339663+00:00
sn_9941,488,木屋正酒造,高砂,,三重県,三重縣,,,,,,,,,,0.4267913058720194,0.5508312478398771,0.286934180635251,0.43473918549186896,0.23715023304197752,0.4322782682305457,"鮮味,純淨,酸味,高雅,平衡,苦味,果香,穩重,甘甜,氣泡感,俐落,控えめ,華麗,多汁,清爽,ブドウ,しっかり,清新,餘韻,鮮爽","旨味,綺麗,酸味,上品,バランス,苦味,フルーティ,穏やか,甘味,ガス,キレ,控えめ,華やか,ジューシー,スッキリ,ブドウ,しっかり,さわやか,余韻,フレッシュ",9941,https://sakenowa.com/brands/9941,2026-09-28T20:22:25.339672+00:00
sn_661,489,油正,初日,,三重県,三重縣,,,,,,,,,,,,,,,,,,661,https://sakenowa.com/brands/661,2026-09-28T20:22:25.339834+00:00
sn_662,490,安達本家酒造,富士の光,,三重県,三重縣,,,,,,,,,,,,,,,,,,662,https://sakenowa.com/brands/662,2026-09-28T20:22:25.340018+00:00
sn_2486,490,安達本家酒造,清鷹,,三重県,三重縣,,,,,,,,,,,,,,,,,,2486,https://sakenowa.com/brands/2486,2026-09-28T20:22:25.340023+00:00
sn_663,491,若戎酒造,真秀,,三重県,三重縣,,,,,,,,,,,,,,,,,,663,https://sakenowa.com/brands/663,2026-09-28T20:22:25.340187+00:00
sn_664,491,若戎酒造,義左衛門,,三重県,三重縣,,,,,,,,,,0.3624726832668596,0.48836343340445676,0.27651000314974195,0.3280957099416118,0.4010138465893093,0.5340393514699259,"清新,果香,清爽,鮮味,甘甜,さっぱり,辛口,鮮爽,酸味,苦味,焦糖,俐落,華麗,あっさり,柑橘,平衡,優しい,輕快,しっかり,穩重","さわやか,フルーティ,スッキリ,旨味,甘味,さっぱり,辛口,フレッシュ,酸味,苦味,キャラメル,キレ,華やか,あっさり,柑橘,バランス,優しい,軽快,しっかり,穏やか",664,https://sakenowa.com/brands/664,2026-09-28T20:22:25.340196+00:00
sn_665,491,若戎酒造,忍者,,三重県,三重縣,,,,,,,,,,,,,,,,"ジュース,どっしり,辛口,キリリ,鮮爽,醇厚,酸味,鮮味,清爽,甘甜","ジュース,どっしり,辛口,キリリ,フレッシュ,コク,酸味,旨味,スッキリ,甘味",665,https://sakenowa.com/brands/665,2026-09-28T20:22:25.340203+00:00
sn_666,491,若戎酒造,伊勢詣,,三重県,三重縣,,,,,,,,,,,,,,,,"薄い,ツン,キリリ,苦味,辛口","薄い,ツン,キリリ,苦味,辛口",666,https://sakenowa.com/brands/666,2026-09-28T20:22:25.340211+00:00
sn_667,491,若戎酒造,若戎,,三重県,三重縣,,,,,,,,,,0.4675197858914367,0.5339486312528903,0.23696277063007906,0.2371148094551645,0.23903850863609555,0.5716729072158125,"氣泡感,果香,多汁,酸味,清新,麝香葡萄,鮮味,鮮爽,蘋果,甘甜,柑橘,甘酸っぱい,しっかり,苦味,清爽,華麗,辛口,哈密瓜,餘韻,ジュース","ガス,フルーティ,ジューシー,酸味,さわやか,マスカット,旨味,フレッシュ,リンゴ,甘味,柑橘,甘酸っぱい,しっかり,苦味,スッキリ,華やか,辛口,メロン,余韻,ジュース",667,https://sakenowa.com/brands/667,2026-09-28T20:22:25.340220+00:00
sn_668,492,冨田酒造,七本鎗,,滋賀県,滋賀縣,,,,,,,,,,0.22465924461173306,0.5254911301058396,0.40670556973835237,0.47032890825124396,0.3398322780129203,0.4138630406524812,"鮮味,氣泡感,酸味,辛口,しっかり,鮮爽,苦味,常溫,俐落,清爽,甘甜,平衡,清新,優格,控えめ,穀物,穩重,熱燗,渋み,冷酒","旨味,ガス,酸味,辛口,しっかり,フレッシュ,苦味,常温,キレ,スッキリ,甘味,バランス,さわやか,ヨーグルト,控えめ,穀物,穏やか,熱燗,渋み,冷酒",668,https://sakenowa.com/brands/668,2026-09-28T20:22:25.340392+00:00
sn_669,494,喜多酒造,喜楽長,,滋賀県,滋賀縣,,,,,,,,,,0.2922758130805567,0.5342859098016544,0.30021606001618495,0.43935404928698885,0.404007952642621,0.42746850943726883,"辛口,鮮味,酸味,清爽,甘甜,しっかり,果香,鮮爽,苦味,清新,氣泡感,穩重,餘韻,香蕉,平衡,俐落,圓潤,高雅,さっぱり,控えめ","辛口,旨味,酸味,スッキリ,甘味,しっかり,フルーティ,フレッシュ,苦味,さわやか,ガス,穏やか,余韻,バナナ,バランス,キレ,まろやか,上品,さっぱり,控えめ",669,https://sakenowa.com/brands/669,2026-09-28T20:22:25.340569+00:00
sn_670,494,喜多酒造,権座,,滋賀県,滋賀縣,,,,,,,,,,,,,,,,,,670,https://sakenowa.com/brands/670,2026-09-28T20:22:25.340574+00:00
sn_671,495,美冨久酒造,三連星,,滋賀県,滋賀縣,,,,,,,,,,0.3589498663325166,0.5853540795104841,0.34364748362274233,0.32784296527211615,0.3190125546520178,0.4485219974048526,"酸味,鮮爽,鮮味,果香,多汁,しっかり,辛口,苦味,氣泡感,清新,甘甜,平衡,清爽,俐落,鳳梨,醇厚,ピリリ,華麗,レーズン,ふくよか","酸味,フレッシュ,旨味,フルーティ,ジューシー,しっかり,辛口,苦味,ガス,さわやか,甘味,バランス,スッキリ,キレ,パイナップル,コク,ピリリ,華やか,レーズン,ふくよか",671,https://sakenowa.com/brands/671,2026-09-28T20:22:25.340743+00:00
sn_2732,495,美冨久酒造,美冨久,,滋賀県,滋賀縣,,,,,,,,,,0.3331054104981994,0.56137652171378,0.34609211827729097,0.4067812008939409,0.27724376192831734,0.4601981998039748,"酸味,鮮味,鮮爽,しっかり,氣泡感,果香,清新,甘甜,清爽,優格,苦味,濃厚,櫻花,甘酸っぱい,平衡,俐落,冷酒,辛口,ピリリ,とろみ","酸味,旨味,フレッシュ,しっかり,ガス,フルーティ,さわやか,甘味,スッキリ,ヨーグルト,苦味,濃厚,桜,甘酸っぱい,バランス,キレ,冷酒,辛口,ピリリ,とろみ",2732,https://sakenowa.com/brands/2732,2026-09-28T20:22:25.340752+00:00
sn_3371,495,美冨久酒造,i'm sake Rock,,滋賀県,滋賀縣,,,,,,,,,,,,,,,,,,3371,https://sakenowa.com/brands/3371,2026-09-28T20:22:25.340757+00:00
sn_672,496,笑四季酒造,笑四季,,滋賀県,滋賀縣,,,,,,,,,,0.44845006451518027,0.5993797886424397,0.28738274033313393,0.3732207740929682,0.21323326541274612,0.41507276165602136,"甘甜,酸味,花香,果香,苦味,鮮味,水蜜桃,優格,ブドウ,蘋果,清新,鮮爽,香蕉,純淨,華麗,餘韻,清爽,しっかり,多汁,平衡","甘味,酸味,花,フルーティ,苦味,旨味,桃,ヨーグルト,ブドウ,リンゴ,さわやか,フレッシュ,バナナ,綺麗,華やか,余韻,スッキリ,しっかり,ジューシー,バランス",672,https://sakenowa.com/brands/672,2026-09-28T20:22:25.340935+00:00
sn_2915,496,笑四季酒造,Sensation 3 Black,,滋賀県,滋賀縣,,,,,,,,,,,,,,,,,,2915,https://sakenowa.com/brands/2915,2026-09-28T20:22:25.340940+00:00
sn_3241,496,笑四季酒造,恋をするたびに…第2話とどかぬ想い,,滋賀県,滋賀縣,,,,,,,,,,,,,,,,甘酸っぱい,甘酸っぱい,3241,https://sakenowa.com/brands/3241,2026-09-28T20:22:25.340948+00:00
sn_3807,496,笑四季酒造,Monsoon,,滋賀県,滋賀縣,,,,,,,,,,0.18568844346874375,0.6478632694302513,0.5182374984522449,0.4504644321392962,0.1497157655700459,0.2277934726906293,"甘甜,香蕉,濃厚","甘味,バナナ,濃厚",3807,https://sakenowa.com/brands/3807,2026-09-28T20:22:25.340954+00:00
sn_3808,496,笑四季酒造,Masterpiece,,滋賀県,滋賀縣,,,,,,,,,,0.38147105849114765,0.6574565314922577,0.34878956715518955,0.4293528682278795,0.12591597574850014,0.31682465208898314,複雜,複雑,3808,https://sakenowa.com/brands/3808,2026-09-28T20:22:25.340958+00:00
sn_673,497,浪乃音酒造,浪乃音,,滋賀県,滋賀縣,,,,,,,,,,0.3071171086344971,0.5874057811332055,0.3694134907955383,0.469514707294871,0.2691598781485615,0.36232044149122045,"鮮味,果香,甘甜,苦味,酸味,純淨,しっかり,辛口,清爽,平衡,餘韻,優しい,醇厚,高雅,輕快,俐落,鮮爽,穩重,華麗,清新","旨味,フルーティ,甘味,苦味,酸味,綺麗,しっかり,辛口,スッキリ,バランス,余韻,優しい,コク,上品,軽快,キレ,フレッシュ,穏やか,華やか,さわやか",673,https://sakenowa.com/brands/673,2026-09-28T20:22:25.341123+00:00
sn_3896,497,浪乃音酒造,湖,,滋賀県,滋賀縣,,,,,,,,,,,,,,,,"果香,穩重,甘甜,清爽,しっかり,酸味","フルーティ,穏やか,甘味,スッキリ,しっかり,酸味",3896,https://sakenowa.com/brands/3896,2026-09-28T20:22:25.341129+00:00
sn_4271,497,浪乃音酒造,阿吽,,滋賀県,滋賀縣,,,,,,,,,,,,,,,,清爽,スッキリ,4271,https://sakenowa.com/brands/4271,2026-09-28T20:22:25.341134+00:00
sn_674,498,竹内酒造,近江万葉,,滋賀県,滋賀縣,,,,,,,,,,,,,,,,"甘甜,餘韻,圓潤,苦味,清爽","甘味,余韻,まろやか,苦味,スッキリ",674,https://sakenowa.com/brands/674,2026-09-28T20:22:25.341300+00:00
sn_2214,498,竹内酒造,香の泉,,滋賀県,滋賀縣,,,,,,,,,,0.32007095171392347,0.5833695025733161,0.3225015080526848,0.37049621985796893,0.32987881955713877,0.4551262485493374,"熱燗,鮮味,ピチピチ,辛口,鮮爽","熱燗,旨味,ピチピチ,辛口,フレッシュ",2214,https://sakenowa.com/brands/2214,2026-09-28T20:22:25.341307+00:00
sn_2277,498,竹内酒造,唯々,,滋賀県,滋賀縣,,,,,,,,,,0.3872493001152077,0.5963098082851316,0.3423927050770984,0.4098867191451516,0.23676101339004177,0.39135268955273933,"花香,鮮味,酸味,哈密瓜,しっかり,清新,華麗,輕快,甘甜,ほのか,鮮爽,果香,清爽,苦味","花,旨味,酸味,メロン,しっかり,さわやか,華やか,軽快,甘味,ほのか,フレッシュ,フルーティ,スッキリ,苦味",2277,https://sakenowa.com/brands/2277,2026-09-28T20:22:25.341316+00:00
sn_3666,498,竹内酒造,明尽,,滋賀県,滋賀縣,,,,,,,,,,,,,,,,,,3666,https://sakenowa.com/brands/3666,2026-09-28T20:22:25.341321+00:00
sn_675,499,北島酒造,御代栄,,滋賀県,滋賀縣,,,,,,,,,,0.26778927575215866,0.6147986402973732,0.46566288706394104,0.3323850542579582,0.27499547974712657,0.3838844528194552,"濃厚,鮮味,苦味,酸味,ツン,甘甜,しっかり,氣泡感,とろみ,辛香料,餘韻,辛口,ほのか","濃厚,旨味,苦味,酸味,ツン,甘味,しっかり,ガス,とろみ,スパイス,余韻,辛口,ほのか",675,https://sakenowa.com/brands/675,2026-09-28T20:22:25.341489+00:00
sn_1328,499,北島酒造,北島,,滋賀県,滋賀縣,,,,,,,,,,0.2892512884669571,0.5190501327608595,0.3238956337027657,0.3847471074617712,0.386715737811039,0.49440152881892185,"辛口,鮮味,酸味,氣泡感,しっかり,鮮爽,俐落,清新,清爽,苦味,甘甜,優格,爽快,冷酒,平衡,熱燗,多汁,餘韻,果香,華麗","辛口,旨味,酸味,ガス,しっかり,フレッシュ,キレ,さわやか,スッキリ,苦味,甘味,ヨーグルト,爽快,冷酒,バランス,熱燗,ジューシー,余韻,フルーティ,華やか",1328,https://sakenowa.com/brands/1328,2026-09-28T20:22:25.341500+00:00
sn_1520,499,北島酒造,直,,滋賀県,滋賀縣,,,,,,,,,,,,,,,,"シャンパン,ずっしり,ピチピチ,鮮爽,華麗,濃厚,辛口,清爽,甘甜","シャンパン,ずっしり,ピチピチ,フレッシュ,華やか,濃厚,辛口,スッキリ,甘味",1520,https://sakenowa.com/brands/1520,2026-09-28T20:22:25.341507+00:00
sn_1570,499,北島酒造,塩ゆず酒,,滋賀県,滋賀縣,,,,,,,,,,,,,,,,"ジュース,氣泡感","ジュース,ガス",1570,https://sakenowa.com/brands/1570,2026-09-28T20:22:25.341512+00:00
sn_2322,499,北島酒造,草津の宿,,滋賀県,滋賀縣,,,,,,,,,,,,,,,,"ちびちび,ふくよか,鮮味","ちびちび,ふくよか,旨味",2322,https://sakenowa.com/brands/2322,2026-09-28T20:22:25.341518+00:00
sn_3201,499,北島酒造,近江米のしずく,,滋賀県,滋賀縣,,,,,,,,,,,,,,,,,,3201,https://sakenowa.com/brands/3201,2026-09-28T20:22:25.341523+00:00
sn_676,500,上原酒造,不老泉,,滋賀県,滋賀縣,,,,,,,,,,0.12866080393014864,0.6636941403017229,0.5795558100891329,0.3814093215680581,0.1587181188685708,0.19080628086347037,"鮮味,酸味,濃厚,常溫,熱燗,しっかり,焦糖,甘甜,巧克力,燗酒,どっしり,醇厚,複雜,苦味,紹興酒,辛口,冷酒,レーズン,堅果,俐落","旨味,酸味,濃厚,常温,熱燗,しっかり,キャラメル,甘味,チョコレート,燗酒,どっしり,コク,複雑,苦味,紹興酒,辛口,冷酒,レーズン,ナッツ,キレ",676,https://sakenowa.com/brands/676,2026-09-28T20:22:25.341691+00:00
sn_1294,500,上原酒造,杣の天狗,,滋賀県,滋賀縣,,,,,,,,,,0.2706785536424013,0.6017968902209723,0.41135214371579465,0.49943949797463405,0.2164932312969184,0.3147283051209559,"鮮味,酸味,苦味,濃厚,醇厚,しっかり,甘甜,柔らかい,ミルク,穩重,鮮爽,果香","旨味,酸味,苦味,濃厚,コク,しっかり,甘味,柔らかい,ミルク,穏やか,フレッシュ,フルーティ",1294,https://sakenowa.com/brands/1294,2026-09-28T20:22:25.341702+00:00
sn_1545,500,上原酒造,亀亀覇,,滋賀県,滋賀縣,,,,,,,,,,,,,,,,"鮮味,清爽","旨味,スッキリ",1545,https://sakenowa.com/brands/1545,2026-09-28T20:22:25.341707+00:00
sn_2812,500,上原酒造,未来,,滋賀県,滋賀縣,,,,,,,,,,,,,,,,"こってり,蜂蜜,果香,多汁,甘甜,鮮爽,純淨,しっかり","こってり,ハチミツ,フルーティ,ジューシー,甘味,フレッシュ,綺麗,しっかり",2812,https://sakenowa.com/brands/2812,2026-09-28T20:22:25.341714+00:00
sn_3965,500,上原酒造,比良の誉,,滋賀県,滋賀縣,,,,,,,,,,,,,,,,辛口,辛口,3965,https://sakenowa.com/brands/3965,2026-09-28T20:22:25.341721+00:00
sn_677,501,岡村本家,屋号,,滋賀県,滋賀縣,,,,,,,,,,,,,,,,"薄い,濃厚","薄い,濃厚",677,https://sakenowa.com/brands/677,2026-09-28T20:22:25.341897+00:00
sn_679,501,岡村本家,梅のいおり,,滋賀県,滋賀縣,,,,,,,,,,,,,,,,,,679,https://sakenowa.com/brands/679,2026-09-28T20:22:25.341903+00:00
sn_1181,501,岡村本家,金龜,,滋賀県,滋賀縣,,,,,,,,,,0.19527300750976534,0.5569474814298224,0.5318078069878619,0.4444117227033589,0.30232721584283534,0.28276295227342335,"酸味,甘甜,鮮味,穀物,辛口,飴,濃厚,紹興酒,複雜,清爽,醇厚,純淨,しっかり,華麗,平衡,圓潤,砂糖,起司,さっぱり,カラメル","酸味,甘味,旨味,穀物,辛口,飴,濃厚,紹興酒,複雑,スッキリ,コク,綺麗,しっかり,華やか,バランス,まろやか,砂糖,チーズ,さっぱり,カラメル",1181,https://sakenowa.com/brands/1181,2026-09-28T20:22:25.341913+00:00
sn_680,508,福井弥平商店,萩乃露,,滋賀県,滋賀縣,,,,,,,,,,0.338185256866898,0.554025896482493,0.3452017609578532,0.38539103129012336,0.30413972064218636,0.46743402275087476,"鮮味,氣泡感,酸味,甘甜,鮮爽,辛口,清新,苦味,しっかり,果香,濃厚,清爽,餘韻,柔らかい,華麗,俐落,柑橘,哈密瓜,香蕉,冷酒","旨味,ガス,酸味,甘味,フレッシュ,辛口,さわやか,苦味,しっかり,フルーティ,濃厚,スッキリ,余韻,柔らかい,華やか,キレ,柑橘,メロン,バナナ,冷酒",680,https://sakenowa.com/brands/680,2026-09-28T20:22:25.342079+00:00
sn_2985,508,福井弥平商店,今朝しぼり,,滋賀県,滋賀縣,,,,,,,,,,,,,,,,,,2985,https://sakenowa.com/brands/2985,2026-09-28T20:22:25.342083+00:00
sn_3812,508,福井弥平商店,福のしずく,,滋賀県,滋賀縣,,,,,,,,,,,,,,,,氣泡感,ガス,3812,https://sakenowa.com/brands/3812,2026-09-28T20:22:25.342092+00:00
sn_681,509,川島酒造,松の花,,滋賀県,滋賀縣,,,,,,,,,,0.2169534405851298,0.527484880645215,0.40661360868292584,0.5482144049830435,0.2949707711127336,0.34901216153749326,"鮮味,酸味,しっかり,辛口,穀物","旨味,酸味,しっかり,辛口,穀物",681,https://sakenowa.com/brands/681,2026-09-28T20:22:25.342258+00:00
sn_1887,509,川島酒造,酔後知楽,,滋賀県,滋賀縣,,,,,,,,,,,,,,,,"しっかり,辛口,清爽","しっかり,辛口,スッキリ",1887,https://sakenowa.com/brands/1887,2026-09-28T20:22:25.342266+00:00
sn_1999,509,川島酒造,藤樹,,滋賀県,滋賀縣,,,,,,,,,,,,,,,,"グイグイ,清爽,高雅,果香,さっぱり,しっかり,辛口","グイグイ,スッキリ,上品,フルーティ,さっぱり,しっかり,辛口",1999,https://sakenowa.com/brands/1999,2026-09-28T20:22:25.342272+00:00
sn_682,510,吉田酒造,竹生島,,滋賀県,滋賀縣,,,,,,,,,,0.2171941090349472,0.5173489236171274,0.482810529773562,0.3251883439671075,0.40165844215912005,0.4301091016971469,辛口,辛口,682,https://sakenowa.com/brands/682,2026-09-28T20:22:25.342436+00:00
sn_1454,510,吉田酒造,ヨキトギ,,滋賀県,滋賀縣,,,,,,,,,,,,,,,,,,1454,https://sakenowa.com/brands/1454,2026-09-28T20:22:25.342441+00:00
sn_2287,510,吉田酒造,雪花,,滋賀県,滋賀縣,,,,,,,,,,,,,,,,"氣泡感,ジュース,蘋果,果香","ガス,ジュース,リンゴ,フルーティ",2287,https://sakenowa.com/brands/2287,2026-09-28T20:22:25.342450+00:00
sn_683,511,豊澤本店,豊祝,,京都府,京都府,,,,,,,,,,,,,,,,,,683,https://sakenowa.com/brands/683,2026-09-28T20:22:25.342612+00:00
sn_684,513,北川本家,ふり袖,,京都府,京都府,,,,,,,,,,,,,,,,,,684,https://sakenowa.com/brands/684,2026-09-28T20:22:25.342773+00:00
sn_685,513,北川本家,アンテック,,京都府,京都府,,,,,,,,,,,,,,,,,,685,https://sakenowa.com/brands/685,2026-09-28T20:22:25.342777+00:00
sn_686,513,北川本家,富翁,,京都府,京都府,,,,,,,,,,0.3452937350056776,0.5441478712183297,0.3524952572402503,0.451195489081997,0.29715448305918396,0.41054143307028734,"甘甜,しっかり,鮮爽,鮮味,清爽,果香,酸味,辛口,苦味,辛香,ワイン,優しい,清新,純淨,穩重,甘酸っぱい,餘韻,濃厚,柔らかい,多汁","甘味,しっかり,フレッシュ,旨味,スッキリ,フルーティ,酸味,辛口,苦味,スパイシー,ワイン,優しい,さわやか,綺麗,穏やか,甘酸っぱい,余韻,濃厚,柔らかい,ジューシー",686,https://sakenowa.com/brands/686,2026-09-28T20:22:25.342789+00:00
sn_687,513,北川本家,乾風,,京都府,京都府,,,,,,,,,,,,,,,,,,687,https://sakenowa.com/brands/687,2026-09-28T20:22:25.342796+00:00
sn_688,513,北川本家,祇園小町,,京都府,京都府,,,,,,,,,,,,,,,,,,688,https://sakenowa.com/brands/688,2026-09-28T20:22:25.342800+00:00
sn_2756,513,北川本家,吟凛,,京都府,京都府,,,,,,,,,,,,,,,,"圓潤,苦味,甘甜,しっかり,辛口","まろやか,苦味,甘味,しっかり,辛口",2756,https://sakenowa.com/brands/2756,2026-09-28T20:22:25.342806+00:00
sn_3033,513,北川本家,祇園物語,,京都府,京都府,,,,,,,,,,,,,,,,"清涼,さっぱり,辛口","清涼,さっぱり,辛口",3033,https://sakenowa.com/brands/3033,2026-09-28T20:22:25.342811+00:00
sn_3738,513,北川本家,あなぜ,,京都府,京都府,,,,,,,,,,,,,,,,"キリリ,濃厚,清爽","キリリ,濃厚,スッキリ",3738,https://sakenowa.com/brands/3738,2026-09-28T20:22:25.342816+00:00
sn_3741,513,北川本家,Matsu no Midori,,京都府,京都府,,,,,,,,,,,,,,,,,,3741,https://sakenowa.com/brands/3741,2026-09-28T20:22:25.342823+00:00
sn_3804,513,北川本家,京のひやおろし,,京都府,京都府,,,,,,,,,,,,,,,,,,3804,https://sakenowa.com/brands/3804,2026-09-28T20:22:25.342827+00:00
sn_3811,513,北川本家,祝,,京都府,京都府,,,,,,,,,,,,,,,,"辛口,甘甜","辛口,甘味",3811,https://sakenowa.com/brands/3811,2026-09-28T20:22:25.342832+00:00
sn_3816,513,北川本家,量り売り原酒,,京都府,京都府,,,,,,,,,,,,,,,,"濃厚,果香,鮮味","濃厚,フルーティ,旨味",3816,https://sakenowa.com/brands/3816,2026-09-28T20:22:25.342837+00:00
sn_3844,513,北川本家,富乃司,,京都府,京都府,,,,,,,,,,,,,,,,"香ばしい,砂糖,巧克力,高雅,甘甜,しっかり","香ばしい,砂糖,チョコレート,上品,甘味,しっかり",3844,https://sakenowa.com/brands/3844,2026-09-28T20:22:25.342845+00:00
sn_689,514,松井酒造,金瓢,,京都府,京都府,,,,,,,,,,,,,,,,,,689,https://sakenowa.com/brands/689,2026-09-28T20:22:25.343022+00:00
sn_690,514,松井酒造,京千歳,,京都府,京都府,,,,,,,,,,,,,,,,,,690,https://sakenowa.com/brands/690,2026-09-28T20:22:25.343026+00:00
sn_691,514,松井酒造,富士千歳,,京都府,京都府,,,,,,,,,,,,,,,,カルピス,カルピス,691,https://sakenowa.com/brands/691,2026-09-28T20:22:25.343031+00:00
sn_692,514,松井酒造,祇園ばやし,,京都府,京都府,,,,,,,,,,,,,,,,辛口,辛口,692,https://sakenowa.com/brands/692,2026-09-28T20:22:25.343036+00:00
sn_1933,514,松井酒造,神蔵,,京都府,京都府,,,,,,,,,,0.45212830855870956,0.5480782720984034,0.2882128332249742,0.32055304033936305,0.2128680559666684,0.5138642837326446,"氣泡感,鮮味,果香,甘甜,純淨,酸味,苦味,清新,鮮爽,鳳梨,華麗,しっかり,多汁,清爽,優格,柔らかい,平衡,餘韻,辛口,複雜","ガス,旨味,フルーティ,甘味,綺麗,酸味,苦味,さわやか,フレッシュ,パイナップル,華やか,しっかり,ジューシー,スッキリ,ヨーグルト,柔らかい,バランス,余韻,辛口,複雑",1933,https://sakenowa.com/brands/1933,2026-09-28T20:22:25.343045+00:00
sn_693,515,増田徳兵衛商店,抱腹絶倒,,京都府,京都府,,,,,,,,,,,,,,,,ワイン,ワイン,693,https://sakenowa.com/brands/693,2026-09-28T20:22:25.343207+00:00
sn_694,515,増田徳兵衛商店,月の桂,,京都府,京都府,,,,,,,,,,0.3978180688668707,0.5079560057822639,0.29687326311166895,0.35317428636742104,0.26004929744100536,0.5506632657727358,"氣泡感,鮮味,甘甜,苦味,酸味,清新,清爽,果香,辛口,平衡,櫻花,奶油感,しっかり,鮮爽,シャンパン,餘韻,輕快,華麗,優しい,甘酸っぱい","ガス,旨味,甘味,苦味,酸味,さわやか,スッキリ,フルーティ,辛口,バランス,桜,クリーミー,しっかり,フレッシュ,シャンパン,余韻,軽快,華やか,優しい,甘酸っぱい",694,https://sakenowa.com/brands/694,2026-09-28T20:22:25.343220+00:00
sn_695,515,増田徳兵衛商店,平安京,,京都府,京都府,,,,,,,,,,,,,,,,"濃厚,辛口","濃厚,辛口",695,https://sakenowa.com/brands/695,2026-09-28T20:22:25.343225+00:00
sn_696,516,木下酒造,玉川,,京都府,京都府,,,,,,,,,,0.1381707620909326,0.6448358262966836,0.6090672544144363,0.33793195777483387,0.1705551569962514,0.2254897061153715,"濃厚,鮮味,酸味,紹興酒,しっかり,常溫,カラメル,甘甜,醇厚,熱燗,どっしり,冷酒,苦味,ちびちび,燗酒,清新,ツン,鮮爽,辛口,餘韻","濃厚,旨味,酸味,紹興酒,しっかり,常温,カラメル,甘味,コク,熱燗,どっしり,冷酒,苦味,ちびちび,燗酒,さわやか,ツン,フレッシュ,辛口,余韻",696,https://sakenowa.com/brands/696,2026-09-28T20:22:25.343397+00:00
sn_697,516,木下酒造,人喰い岩,,京都府,京都府,,,,,,,,,,,,,,,,,,697,https://sakenowa.com/brands/697,2026-09-28T20:22:25.343405+00:00
sn_2058,516,木下酒造,Ice,,京都府,京都府,,,,,,,,,,,,,,,,"焦糖,清新,清爽,常溫,濃厚,苦味,しっかり,鮮味","キャラメル,さわやか,スッキリ,常温,濃厚,苦味,しっかり,旨味",2058,https://sakenowa.com/brands/2058,2026-09-28T20:22:25.343412+00:00
sn_2183,516,木下酒造,アイスブレーカー,,京都府,京都府,,,,,,,,,,0.24222404918030846,0.5950249140010966,0.4909614009640354,0.3573639443536602,0.22394200257765115,0.41033005646384224,"濃厚,清新,鮮味,しっかり,甘甜,清涼,ワイン,酸味,燗酒,ツン,熱燗,ラムネ,常溫,ヤクルト,清爽,苦味,餘韻,醇厚,爽快,圓潤","濃厚,さわやか,旨味,しっかり,甘味,清涼,ワイン,酸味,燗酒,ツン,熱燗,ラムネ,常温,ヤクルト,スッキリ,苦味,余韻,コク,爽快,まろやか",2183,https://sakenowa.com/brands/2183,2026-09-28T20:22:25.343423+00:00
sn_3705,516,木下酒造,福袋,,京都府,京都府,,,,,,,,,,,,,,,,,,3705,https://sakenowa.com/brands/3705,2026-09-28T20:22:25.343427+00:00
sn_698,517,白糸酒造,白糸,,京都府,京都府,,,,,,,,,,,,,,,,,,698,https://sakenowa.com/brands/698,2026-09-28T20:22:25.343589+00:00
sn_699,518,招徳酒造,招徳,,京都府,京都府,,,,,,,,,,0.29877135406380295,0.5068660507218549,0.36480780252172446,0.5300183131884448,0.28172052284037696,0.4005644598952862,"辛口,鮮味,酸味,氣泡感,清爽,甘甜,柔らかい,鮮爽,しっかり,果香,純淨,さっぱり,華麗,常溫,餘韻,穩重,濃厚,高雅,薄い,清新","辛口,旨味,酸味,ガス,スッキリ,甘味,柔らかい,フレッシュ,しっかり,フルーティ,綺麗,さっぱり,華やか,常温,余韻,穏やか,濃厚,上品,薄い,さわやか",699,https://sakenowa.com/brands/699,2026-09-28T20:22:25.343755+00:00
sn_3280,518,招徳酒造,花洛,,京都府,京都府,,,,,,,,,,0.3092277428658168,0.5295990992171781,0.35147565180589385,0.5246940896835746,0.34952554886259146,0.3207738553584395,"辛口,果香","辛口,フルーティ",3280,https://sakenowa.com/brands/3280,2026-09-28T20:22:25.343761+00:00
sn_3317,518,招徳酒造,夏の戯れ,,京都府,京都府,,,,,,,,,,,,,,,,"とろみ,清爽,優しい,純淨,辛口,しっかり","とろみ,スッキリ,優しい,綺麗,辛口,しっかり",3317,https://sakenowa.com/brands/3317,2026-09-28T20:22:25.343770+00:00
sn_3468,518,招徳酒造,月の詩,,京都府,京都府,,,,,,,,,,,,,,,,,,3468,https://sakenowa.com/brands/3468,2026-09-28T20:22:25.343774+00:00
sn_3791,518,招徳酒造,佛米！夢乃酒,,京都府,京都府,,,,,,,,,,,,,,,,,,3791,https://sakenowa.com/brands/3791,2026-09-28T20:22:25.343780+00:00
sn_3839,518,招徳酒造,嵯峨紅梅,,京都府,京都府,,,,,,,,,,,,,,,,,,3839,https://sakenowa.com/brands/3839,2026-09-28T20:22:25.343785+00:00
sn_3948,518,招徳酒造,京乃辛口,,京都府,京都府,,,,,,,,,,,,,,,,"清新,辛口,しっかり","さわやか,辛口,しっかり",3948,https://sakenowa.com/brands/3948,2026-09-28T20:22:25.343790+00:00
sn_4192,518,招徳酒造,めでたの申,,京都府,京都府,,,,,,,,,,,,,,,,,,4192,https://sakenowa.com/brands/4192,2026-09-28T20:22:25.343796+00:00
sn_700,519,平和酒造,慶長,,京都府,京都府,,,,,,,,,,,,,,,,,,700,https://sakenowa.com/brands/700,2026-09-28T20:22:25.343970+00:00
sn_701,520,京姫酒造,京姫,,京都府,京都府,,,,,,,,,,0.4884484779104757,0.5751760667055269,0.2722842148498057,0.3349648232682507,0.2595266927928268,0.4205904729788953,"果香,ワイン,甘甜,清爽,華麗,高雅,冷酒,鮮味,辛口,酸味,あっさり,さらり,ブドウ,柔らかい,水蜜桃,清新","フルーティ,ワイン,甘味,スッキリ,華やか,上品,冷酒,旨味,辛口,酸味,あっさり,さらり,ブドウ,柔らかい,桃,さわやか",701,https://sakenowa.com/brands/701,2026-09-28T20:22:25.344138+00:00
sn_2388,520,京姫酒造,かみなり三代,,京都府,京都府,,,,,,,,,,,,,,,,,,2388,https://sakenowa.com/brands/2388,2026-09-28T20:22:25.344143+00:00
sn_2565,520,京姫酒造,京都伏見,,京都府,京都府,,,,,,,,,,,,,,,,"ピリリ,鮮味,輕快,華麗,常溫,圓潤,清爽,果香,甘甜","ピリリ,旨味,軽快,華やか,常温,まろやか,スッキリ,フルーティ,甘味",2565,https://sakenowa.com/brands/2565,2026-09-28T20:22:25.344150+00:00
sn_3817,520,京姫酒造,匠,,京都府,京都府,,,,,,,,,,0.3894331435318396,0.6284938129076538,0.27614207210952946,0.4125370393812018,0.33146658965780396,0.31148996925419864,"ワイン,果香,甘甜,辛口,清爽,冷酒","ワイン,フルーティ,甘味,辛口,スッキリ,冷酒",3817,https://sakenowa.com/brands/3817,2026-09-28T20:22:25.344156+00:00
sn_3895,520,京姫酒造,京姫 匠,,京都府,京都府,,,,,,,,,,0.3619518066487378,0.6260704005668434,0.23594164086673422,0.440494847666898,0.28810719786684574,0.3798905329422287,"清爽,果香","スッキリ,フルーティ",3895,https://sakenowa.com/brands/3895,2026-09-28T20:22:25.344167+00:00
sn_702,522,都鶴酒造,都鶴,,京都府,京都府,,,,,,,,,,0.2565569088885032,0.5838687296809383,0.3495972897835914,0.5194823701006026,0.300136847601953,0.33333696741365765,,,702,https://sakenowa.com/brands/702,2026-09-28T20:22:25.344330+00:00
sn_4172,522,都鶴酒造,みやこつる,,京都府,京都府,,,,,,,,,,,,,,,,"花香,芳醇,平衡,濃厚,清爽,果香,甘甜","花,芳醇,バランス,濃厚,スッキリ,フルーティ,甘味",4172,https://sakenowa.com/brands/4172,2026-09-28T20:22:25.344336+00:00
sn_703,523,松本酒造,桃の滴,,京都府,京都府,,,,,,,,,,0.4433510811895215,0.593748870472634,0.25139864667519907,0.34576297106252935,0.2507217167132991,0.45308653332534693,"水蜜桃,果香,氣泡感,鮮味,甘甜,酸味,苦味,鮮爽,薄い,熱燗,しっかり","桃,フルーティ,ガス,旨味,甘味,酸味,苦味,フレッシュ,薄い,熱燗,しっかり",703,https://sakenowa.com/brands/703,2026-09-28T20:22:25.344500+00:00
sn_704,523,松本酒造,澤屋まつもと,,京都府,京都府,,,,,,,,,,0.4278416340218764,0.3702529434651864,0.1721576551159538,0.28946625140583715,0.30070610797619984,0.6899356214609385,"氣泡感,酸味,清新,鮮味,苦味,清爽,鮮爽,甘甜,輕快,果香,柑橘,平衡,辛口,純淨,さっぱり,俐落,ピリリ,高雅,ほのか,シャンパン","ガス,酸味,さわやか,旨味,苦味,スッキリ,フレッシュ,甘味,軽快,フルーティ,柑橘,バランス,辛口,綺麗,さっぱり,キレ,ピリリ,上品,ほのか,シャンパン",704,https://sakenowa.com/brands/704,2026-09-28T20:22:25.344509+00:00
sn_705,523,松本酒造,日出盛,,京都府,京都府,,,,,,,,,,,,,,,,,,705,https://sakenowa.com/brands/705,2026-09-28T20:22:25.344516+00:00
sn_706,523,松本酒造,呑足味知,,京都府,京都府,,,,,,,,,,,,,,,,,,706,https://sakenowa.com/brands/706,2026-09-28T20:22:25.344520+00:00
sn_707,524,玉乃光酒造,玉乃光,,京都府,京都府,,,,,,,,,,0.28344217806567656,0.565383633309088,0.3491480545525227,0.49936880715283544,0.31861133594719965,0.35667229487371704,"ワイン,鮮味,辛口,清爽,酸味,甘甜,熱燗,常溫,冷酒,鮮爽,清新,しっかり,高雅,柔らかい,果香,濃厚,平衡,苦味,俐落,圓潤","ワイン,旨味,辛口,スッキリ,酸味,甘味,熱燗,常温,冷酒,フレッシュ,さわやか,しっかり,上品,柔らかい,フルーティ,濃厚,バランス,苦味,キレ,まろやか",707,https://sakenowa.com/brands/707,2026-09-28T20:22:25.344689+00:00
sn_708,524,玉乃光酒造,こころの京,,京都府,京都府,,,,,,,,,,,,,,,,,,708,https://sakenowa.com/brands/708,2026-09-28T20:22:25.344693+00:00
sn_709,525,宝酒造,松竹梅,,京都府,京都府,,,,,,,,,,0.37002259500496193,0.6119872593131552,0.2561807722004635,0.4930790443333379,0.22021431874354222,0.3623603116217075,"香蕉,果香,熱燗,甘甜,華麗,セメダイン,清爽,哈密瓜,冷酒,辛口,鮮味,酸味,高雅,常溫,餘韻,穩定,氣泡感,昔ながら,圓潤,清新","バナナ,フルーティ,熱燗,甘味,華やか,セメダイン,スッキリ,メロン,冷酒,辛口,旨味,酸味,上品,常温,余韻,安定,ガス,昔ながら,まろやか,さわやか",709,https://sakenowa.com/brands/709,2026-09-28T20:22:25.344874+00:00
sn_3507,525,宝酒造,豪快,,京都府,京都府,,,,,,,,,,,,,,,,"熱燗,辛口","熱燗,辛口",3507,https://sakenowa.com/brands/3507,2026-09-28T20:22:25.344882+00:00
sn_711,526,月桂冠,鳳麟,,京都府,京都府,,,,,,,,,,0.38120016622847064,0.6542445843395818,0.24936342966312391,0.4175499390125422,0.25461226450024005,0.3539674847680796,"香蕉,果香","バナナ,フルーティ",711,https://sakenowa.com/brands/711,2026-09-28T20:22:25.345045+00:00
sn_712,526,月桂冠,恒の月,,京都府,京都府,,,,,,,,,,,,,,,,"熱燗,こってり,辛口,清爽,圓潤,果香,甘甜","熱燗,こってり,辛口,スッキリ,まろやか,フルーティ,甘味",712,https://sakenowa.com/brands/712,2026-09-28T20:22:25.345053+00:00
sn_713,526,月桂冠,ヌーベル月桂冠,,京都府,京都府,,,,,,,,,,,,,,,,"平衡,鮮味,果香,清爽","バランス,旨味,フルーティ,スッキリ",713,https://sakenowa.com/brands/713,2026-09-28T20:22:25.345059+00:00
sn_1151,526,月桂冠,月桂冠,,京都府,京都府,,,,,,,,,,0.40457238364103176,0.6233112584873303,0.32059188162879687,0.3634216436972547,0.24209388686785557,0.3928617641171785,"水蜜桃,哈密瓜,甘甜,果香,ブドウ,ジュース,清爽,辛口,清新,酸味,鮮味,華麗,熱燗,蘋果,しっかり,薄い,香蕉,苦味,常溫,鳳梨","桃,メロン,甘味,フルーティ,ブドウ,ジュース,スッキリ,辛口,さわやか,酸味,旨味,華やか,熱燗,リンゴ,しっかり,薄い,バナナ,苦味,常温,パイナップル",1151,https://sakenowa.com/brands/1151,2026-09-28T20:22:25.345071+00:00
sn_2547,526,月桂冠,お酒の中で、あいましょ。,,京都府,京都府,,,,,,,,,,,,,,,,"さっぱり,甘甜","さっぱり,甘味",2547,https://sakenowa.com/brands/2547,2026-09-28T20:22:25.345078+00:00
sn_3293,526,月桂冠,おちょこで日本酒（PONSHU）,,京都府,京都府,,,,,,,,,,,,,,,,"醇厚,ほのか,冷酒,辛口,甘甜,酸味,鮮味","コク,ほのか,冷酒,辛口,甘味,酸味,旨味",3293,https://sakenowa.com/brands/3293,2026-09-28T20:22:25.345084+00:00
sn_88375,526,月桂冠,アルゴ,,京都府,京都府,,,,,,,,,,0.37297344015953743,0.38478168352599246,0.2324308985032458,0.32651896073366243,0.2469288633087158,0.7008717793761647,"ジュース,カルピス,薄い,氣泡感,酸味,輕快,蘋果,優格,甘甜,甘酸っぱい,ツン","ジュース,カルピス,薄い,ガス,酸味,軽快,リンゴ,ヨーグルト,甘味,甘酸っぱい,ツン",88375,https://sakenowa.com/brands/88375,2026-09-28T20:22:25.345092+00:00
sn_714,527,鶴正酒造,京都五山の四季,,京都府,京都府,,,,,,,,,,,,,,,,,,714,https://sakenowa.com/brands/714,2026-09-28T20:22:25.345255+00:00
sn_715,527,鶴正酒造,古都の雫,,京都府,京都府,,,,,,,,,,,,,,,,,,715,https://sakenowa.com/brands/715,2026-09-28T20:22:25.345260+00:00
sn_716,527,鶴正酒造,鶴正宗,,京都府,京都府,,,,,,,,,,,,,,,,"甘辛い,純淨,華麗,酸味,果香,辛口,甘甜","甘辛い,綺麗,華やか,酸味,フルーティ,辛口,甘味",716,https://sakenowa.com/brands/716,2026-09-28T20:22:25.345268+00:00
sn_717,528,城陽酒造,徳次郎,,京都府,京都府,,,,,,,,,,0.33626052000138307,0.4909769314173224,0.2536449221817496,0.3996778081647969,0.3878392957167974,0.5209348321184961,"氣泡感,鮮味,酸味,甘甜,清爽,辛口,俐落,鮮爽,苦味,梨子,清新,しっかり,穩重,果香,ピリリ,ほのか,燗酒","ガス,旨味,酸味,甘味,スッキリ,辛口,キレ,フレッシュ,苦味,梨,さわやか,しっかり,穏やか,フルーティ,ピリリ,ほのか,燗酒",717,https://sakenowa.com/brands/717,2026-09-28T20:22:25.345442+00:00
sn_718,528,城陽酒造,城陽,,京都府,京都府,,,,,,,,,,0.3685372838510666,0.5060420888609759,0.2726766182010814,0.39969803996140274,0.34814168215460184,0.5027802527913137,"氣泡感,鮮味,酸味,辛口,鮮爽,果香,純淨,しっかり,苦味,華麗,高雅,俐落,穩重,清新,清爽,甘甜,平衡,キリリ,優しい,餘韻","ガス,旨味,酸味,辛口,フレッシュ,フルーティ,綺麗,しっかり,苦味,華やか,上品,キレ,穏やか,さわやか,スッキリ,甘味,バランス,キリリ,優しい,余韻",718,https://sakenowa.com/brands/718,2026-09-28T20:22:25.345450+00:00
sn_3336,528,城陽酒造,建都,,京都府,京都府,,,,,,,,,,,,,,,,,,3336,https://sakenowa.com/brands/3336,2026-09-28T20:22:25.345455+00:00
sn_719,529,ハクレイ酒造,酒呑童子,,京都府,京都府,,,,,,,,,,0.3082667314379768,0.4308337517328831,0.2184419149436879,0.36937755469379774,0.5392031872412575,0.49442610712759616,"辛口,鮮味,清爽,鮮爽,酸味,果香,しっかり,甘甜","辛口,旨味,スッキリ,フレッシュ,酸味,フルーティ,しっかり,甘味",719,https://sakenowa.com/brands/719,2026-09-28T20:22:25.345619+00:00
sn_720,529,ハクレイ酒造,香田,,京都府,京都府,,,,,,,,,,0.44963122022427904,0.5929695389071739,0.2838399408728995,0.35924429298204574,0.3034908925451271,0.38011918630227115,"華麗,清爽,多汁","華やか,スッキリ,ジューシー",720,https://sakenowa.com/brands/720,2026-09-28T20:22:25.345625+00:00
sn_2466,529,ハクレイ酒造,紅葉姫,,京都府,京都府,,,,,,,,,,,,,,,,"ブドウ,丸み,しっかり,鮮味,キリリ,常溫,清爽","ブドウ,丸み,しっかり,旨味,キリリ,常温,スッキリ",2466,https://sakenowa.com/brands/2466,2026-09-28T20:22:25.345635+00:00
sn_3204,529,ハクレイ酒造,白嶺,,京都府,京都府,,,,,,,,,,0.48152074800088446,0.5647859918251361,0.2710773949091189,0.2945281035895166,0.28495458520454015,0.45576932676401455,"ワイン,酸味,甘甜,果香,多汁,華麗,甘酸っぱい,柑橘,苦味,清爽,辛口,純淨,麝香葡萄,清新,優格,餘韻,蘋果,穩重,鮮味,派手","ワイン,酸味,甘味,フルーティ,ジューシー,華やか,甘酸っぱい,柑橘,苦味,スッキリ,辛口,綺麗,マスカット,さわやか,ヨーグルト,余韻,リンゴ,穏やか,旨味,派手",3204,https://sakenowa.com/brands/3204,2026-09-28T20:22:25.345644+00:00
sn_3441,529,ハクレイ酒造,酒天童子 夏,,京都府,京都府,,,,,,,,,,,,,,,,"辛口,清爽","辛口,スッキリ",3441,https://sakenowa.com/brands/3441,2026-09-28T20:22:25.345649+00:00
sn_3838,529,ハクレイ酒造,舞鶴,,京都府,京都府,,,,,,,,,,,,,,,,"俐落,さらり,鮮味,清爽,苦味,甘甜,辛口","キレ,さらり,旨味,スッキリ,苦味,甘味,辛口",3838,https://sakenowa.com/brands/3838,2026-09-28T20:22:25.345655+00:00
sn_721,530,池田酒造,池雲,,京都府,京都府,,,,,,,,,,0.32493981825275187,0.5938186602102149,0.3266323349000191,0.39178469322285886,0.2611559104631847,0.46196014512530337,氣泡感,ガス,721,https://sakenowa.com/brands/721,2026-09-28T20:22:25.345821+00:00
sn_722,530,池田酒造,赤煉瓦倉庫群,,京都府,京都府,,,,,,,,,,,,,,,,,,722,https://sakenowa.com/brands/722,2026-09-28T20:22:25.345826+00:00
sn_723,530,池田酒造,引揚の郷,,京都府,京都府,,,,,,,,,,,,,,,,,,723,https://sakenowa.com/brands/723,2026-09-28T20:22:25.345832+00:00
sn_724,530,池田酒造,いのり,,京都府,京都府,,,,,,,,,,,,,,,,,,724,https://sakenowa.com/brands/724,2026-09-28T20:22:25.345836+00:00
sn_725,530,池田酒造,紅白梅,,京都府,京都府,,,,,,,,,,,,,,,,,,725,https://sakenowa.com/brands/725,2026-09-28T20:22:25.345841+00:00
sn_726,531,齊藤酒造,水天一碧,,京都府,京都府,,,,,,,,,,,,,,,,"するする,純淨,辛口,清爽","するする,綺麗,辛口,スッキリ",726,https://sakenowa.com/brands/726,2026-09-28T20:22:25.346021+00:00
sn_727,531,齊藤酒造,古都千年,,京都府,京都府,,,,,,,,,,0.389068773372784,0.49957183456386006,0.2707530828335656,0.6135802700453501,0.20187080418709472,0.3294141321509263,果香,フルーティ,727,https://sakenowa.com/brands/727,2026-09-28T20:22:25.346026+00:00
sn_728,531,齊藤酒造,英勲,,京都府,京都府,,,,,,,,,,0.26961677139662,0.5758103962835381,0.39270826751767807,0.5106302243743539,0.25220376361525915,0.3423148204656306,"鮮味,果香,甘甜,酸味,清爽,しっかり,濃厚,柔らかい,氣泡感,辛口,優しい,高雅,醇厚,苦味,穀物,鮮爽,平衡,清新,さらり,常溫","旨味,フルーティ,甘味,酸味,スッキリ,しっかり,濃厚,柔らかい,ガス,辛口,優しい,上品,コク,苦味,穀物,フレッシュ,バランス,さわやか,さらり,常温",728,https://sakenowa.com/brands/728,2026-09-28T20:22:25.346035+00:00
sn_729,531,齊藤酒造,井筒屋伊兵衛,,京都府,京都府,,,,,,,,,,,,,,,,,,729,https://sakenowa.com/brands/729,2026-09-28T20:22:25.346039+00:00
sn_730,531,齊藤酒造,一吟,,京都府,京都府,,,,,,,,,,,,,,,,,,730,https://sakenowa.com/brands/730,2026-09-28T20:22:25.346044+00:00
sn_3467,531,齊藤酒造,さらしな,,京都府,京都府,,,,,,,,,,,,,,,,,,3467,https://sakenowa.com/brands/3467,2026-09-28T20:22:25.346048+00:00
sn_3872,531,齊藤酒造,しぼりたて生原酒,,京都府,京都府,,,,,,,,,,,,,,,,,,3872,https://sakenowa.com/brands/3872,2026-09-28T20:22:25.346052+00:00
sn_4206,531,齊藤酒造,京都千年,,京都府,京都府,,,,,,,,,,,,,,,,"鮮味,清爽","旨味,スッキリ",4206,https://sakenowa.com/brands/4206,2026-09-28T20:22:25.346057+00:00
sn_731,532,山本本家,神聖,,京都府,京都府,,,,,,,,,,0.27271807314134433,0.5970893815412115,0.3854808246386826,0.4178632488071045,0.33080389835280527,0.3694221744828615,"鮮味,濃厚,辛口,清爽,醇厚,鮮爽,甘甜,常溫,果香,苦味,しっかり,酸味,氣泡感,花香,キリリ,ふくよか,餘韻,丸み,圓潤,ツン","旨味,濃厚,辛口,スッキリ,コク,フレッシュ,甘味,常温,フルーティ,苦味,しっかり,酸味,ガス,花,キリリ,ふくよか,余韻,丸み,まろやか,ツン",731,https://sakenowa.com/brands/731,2026-09-28T20:22:25.346226+00:00
sn_1467,532,山本本家,船形山,,京都府,京都府,,,,,,,,,,,,,,,,果香,フルーティ,1467,https://sakenowa.com/brands/1467,2026-09-28T20:22:25.346232+00:00
sn_1917,532,山本本家,吟醸 かぐや姫 生貯蔵酒,,京都府,京都府,,,,,,,,,,,,,,,,"ラム,深み,柔らかい,さっぱり,冷酒,餘韻,甘甜","ラム,深み,柔らかい,さっぱり,冷酒,余韻,甘味",1917,https://sakenowa.com/brands/1917,2026-09-28T20:22:25.346238+00:00
sn_2248,532,山本本家,京の香梅,,京都府,京都府,,,,,,,,,,,,,,,,,,2248,https://sakenowa.com/brands/2248,2026-09-28T20:22:25.346243+00:00
sn_2512,532,山本本家,唯穂,,京都府,京都府,,,,,,,,,,,,,,,,"芳醇,まったり,平衡,辛口,苦味,ほのか,甘甜,清新,酸味,果香","芳醇,まったり,バランス,辛口,苦味,ほのか,甘味,さわやか,酸味,フルーティ",2512,https://sakenowa.com/brands/2512,2026-09-28T20:22:25.346254+00:00
sn_2757,532,山本本家,天王山,,京都府,京都府,,,,,,,,,,,,,,,,"穩定,苦味,辛口,柔らかい,冷酒,甘甜,平衡,清新,清爽,鮮味","安定,苦味,辛口,柔らかい,冷酒,甘味,バランス,さわやか,スッキリ,旨味",2757,https://sakenowa.com/brands/2757,2026-09-28T20:22:25.346262+00:00
sn_2797,532,山本本家,源兵衛の原酒,,京都府,京都府,,,,,,,,,,,,,,,,"スイスイ,醇厚,冷酒,鮮味,濃厚,果香,清爽","スイスイ,コク,冷酒,旨味,濃厚,フルーティ,スッキリ",2797,https://sakenowa.com/brands/2797,2026-09-28T20:22:25.346268+00:00
sn_3043,532,山本本家,京絵巻 京の吟醸,,京都府,京都府,,,,,,,,,,,,,,,,"柔らかい,辛口,清爽","柔らかい,辛口,スッキリ",3043,https://sakenowa.com/brands/3043,2026-09-28T20:22:25.346273+00:00
sn_3956,532,山本本家,名もなき酒,,京都府,京都府,,,,,,,,,,,,,,,,,,3956,https://sakenowa.com/brands/3956,2026-09-28T20:22:25.346278+00:00
sn_4260,532,山本本家,Yuzu Omoi,,京都府,京都府,,,,,,,,,,,,,,,,,,4260,https://sakenowa.com/brands/4260,2026-09-28T20:22:25.346282+00:00
sn_732,533,キンシ正宗,金閣,,京都府,京都府,,,,,,,,,,,,,,,,"豐潤,熱燗,高雅,純淨,さっぱり,清新,辛口,清爽","豊か,熱燗,上品,綺麗,さっぱり,さわやか,辛口,スッキリ",732,https://sakenowa.com/brands/732,2026-09-28T20:22:25.346450+00:00
sn_733,533,キンシ正宗,京乃寒梅,,京都府,京都府,,,,,,,,,,,,,,,,,,733,https://sakenowa.com/brands/733,2026-09-28T20:22:25.346455+00:00
sn_734,533,キンシ正宗,平安のしらべ,,京都府,京都府,,,,,,,,,,,,,,,,,,734,https://sakenowa.com/brands/734,2026-09-28T20:22:25.346459+00:00
sn_1597,533,キンシ正宗,金鵄正宗,,京都府,京都府,,,,,,,,,,0.2790988749783807,0.5893613193043978,0.3882515818501395,0.4841211406862375,0.31511645953423717,0.30057628076032505,"奶油感,濃厚,俐落,辛口,華麗","クリーミー,濃厚,キレ,辛口,華やか",1597,https://sakenowa.com/brands/1597,2026-09-28T20:22:25.346465+00:00
sn_3086,533,キンシ正宗,大吟醸 祝,,京都府,京都府,,,,,,,,,,,,,,,,,,3086,https://sakenowa.com/brands/3086,2026-09-28T20:22:25.346470+00:00
sn_735,534,三盛酒造,祝瓢,,京都府,京都府,,,,,,,,,,,,,,,,,,735,https://sakenowa.com/brands/735,2026-09-28T20:22:25.346631+00:00
sn_736,535,佐々木酒造,古都,,京都府,京都府,,,,,,,,,,,,,,,,,,736,https://sakenowa.com/brands/736,2026-09-28T20:22:25.346795+00:00
sn_737,535,佐々木酒造,聚楽第,,京都府,京都府,,,,,,,,,,0.2729520661009294,0.508685880669547,0.37214896351035714,0.5165412148798263,0.3943620245626537,0.3254301158315964,"辛口,清爽,鮮味,甘甜,果香,圓潤,芳醇,しっかり,華麗,俐落,酸味,ほのか,丸み,高雅,派手,苦味","辛口,スッキリ,旨味,甘味,フルーティ,まろやか,芳醇,しっかり,華やか,キレ,酸味,ほのか,丸み,上品,派手,苦味",737,https://sakenowa.com/brands/737,2026-09-28T20:22:25.346804+00:00
sn_738,535,佐々木酒造,聚楽菊,,京都府,京都府,,,,,,,,,,,,,,,,"辛口,鮮味,華麗,醇厚,冷酒,酸味,清爽,苦味,甘甜,しっかり","辛口,旨味,華やか,コク,冷酒,酸味,スッキリ,苦味,甘味,しっかり",738,https://sakenowa.com/brands/738,2026-09-28T20:22:25.346811+00:00
sn_739,535,佐々木酒造,西陣,,京都府,京都府,,,,,,,,,,,,,,,,,,739,https://sakenowa.com/brands/739,2026-09-28T20:22:25.346815+00:00
sn_740,535,佐々木酒造,美しい鴨川,,京都府,京都府,,,,,,,,,,,,,,,,,,740,https://sakenowa.com/brands/740,2026-09-28T20:22:25.346822+00:00
sn_741,535,佐々木酒造,まるたけえびす,,京都府,京都府,,,,,,,,,,,,,,,,,,741,https://sakenowa.com/brands/741,2026-09-28T20:22:25.346828+00:00
sn_1054,535,佐々木酒造,九条,,京都府,京都府,,,,,,,,,,,,,,,,,,1054,https://sakenowa.com/brands/1054,2026-09-28T20:22:25.346832+00:00
sn_2546,535,佐々木酒造,京生粋,,京都府,京都府,,,,,,,,,,,,,,,,,,2546,https://sakenowa.com/brands/2546,2026-09-28T20:22:25.346836+00:00
sn_3121,535,佐々木酒造,洛中,,京都府,京都府,,,,,,,,,,,,,,,,"熱燗,ピリリ,さっぱり","熱燗,ピリリ,さっぱり",3121,https://sakenowa.com/brands/3121,2026-09-28T20:22:25.346841+00:00
sn_3279,535,佐々木酒造,千年の昔,,京都府,京都府,,,,,,,,,,,,,,,,"穩定,銳利,とろみ,清爽","安定,シャープ,とろみ,スッキリ",3279,https://sakenowa.com/brands/3279,2026-09-28T20:22:25.346849+00:00
sn_3830,535,佐々木酒造,宵の洛山,,京都府,京都府,,,,,,,,,,,,,,,,厚重,重い,3830,https://sakenowa.com/brands/3830,2026-09-28T20:22:25.346868+00:00
sn_3840,535,佐々木酒造,京の花咲爺,,京都府,京都府,,,,,,,,,,,,,,,,"濃厚,果香,鮮味","濃厚,フルーティ,旨味",3840,https://sakenowa.com/brands/3840,2026-09-28T20:22:25.346874+00:00
sn_3850,535,佐々木酒造,呑切り,,京都府,京都府,,,,,,,,,,,,,,,,"どっしり,濃厚,辛口,清爽,甘甜","どっしり,濃厚,辛口,スッキリ,甘味",3850,https://sakenowa.com/brands/3850,2026-09-28T20:22:25.346882+00:00
sn_742,536,東山酒造,坤滴,,京都府,京都府,,,,,,,,,,0.4088310543170008,0.46572618218018186,0.18916952180930047,0.6118915844014757,0.19942851439379566,0.40741642193423827,"櫻花,鮮味,圓潤","桜,旨味,まろやか",742,https://sakenowa.com/brands/742,2026-09-28T20:22:25.347047+00:00
sn_743,536,東山酒造,六玄,,京都府,京都府,,,,,,,,,,,,,,,,,,743,https://sakenowa.com/brands/743,2026-09-28T20:22:25.347051+00:00
sn_3360,536,東山酒造,魯山人,,京都府,京都府,,,,,,,,,,,,,,,,,,3360,https://sakenowa.com/brands/3360,2026-09-28T20:22:25.347058+00:00
sn_744,537,向井酒造,京の春,,京都府,京都府,,,,,,,,,,0.21204576602868797,0.5272809387042747,0.42305020991923736,0.5043536825242946,0.3159667089346636,0.3792523255629629,"鮮味,氣泡感,酸味,辛口,熱燗,濃厚,丸み,しっかり,渋み,甘甜,燗冷まし,圓潤,起司,醇厚,柑橘,常溫,俐落,昔ながら,複雜,セメダイン","旨味,ガス,酸味,辛口,熱燗,濃厚,丸み,しっかり,渋み,甘味,燗冷まし,まろやか,チーズ,コク,柑橘,常温,キレ,昔ながら,複雑,セメダイン",744,https://sakenowa.com/brands/744,2026-09-28T20:22:25.347223+00:00
sn_1766,537,向井酒造,伊根満開,,京都府,京都府,,,,,,,,,,0.29603794508066894,0.6710429898774429,0.5622509737355889,0.30558742368862357,0.0649432582667946,0.21985309420424626,"ワイン,紹興酒,甘酸っぱい,酸味,ブドウ,熱燗,ジュース,甘甜,渋み,氣泡感,果香,冷酒,濃厚,プルーン,優格,純淨,常溫,カルピス,圓潤,鮮味","ワイン,紹興酒,甘酸っぱい,酸味,ブドウ,熱燗,ジュース,甘味,渋み,ガス,フルーティ,冷酒,濃厚,プルーン,ヨーグルト,綺麗,常温,カルピス,まろやか,旨味",1766,https://sakenowa.com/brands/1766,2026-09-28T20:22:25.347232+00:00
sn_3328,537,向井酒造,夏の想い出,,京都府,京都府,,,,,,,,,,,,,,,,,,3328,https://sakenowa.com/brands/3328,2026-09-28T20:22:25.347237+00:00
sn_745,538,山野酒造,謹製,,大阪府,大阪府,,,,,,,,,,,,,,,,,,745,https://sakenowa.com/brands/745,2026-09-28T20:22:25.347400+00:00
sn_1506,538,山野酒造,織姫の里,,大阪府,大阪府,,,,,,,,,,,,,,,,,,1506,https://sakenowa.com/brands/1506,2026-09-28T20:22:25.347405+00:00
sn_1682,538,山野酒造,かたの桜,,大阪府,大阪府,,,,,,,,,,0.2841861475075627,0.6267374474401484,0.39598068037376605,0.4347374998232288,0.24874667153542057,0.3446245869917644,"鮮味,酸味,櫻花,苦味,しっかり,ふくよか,甘甜,辛口,醇厚,餘韻,氣泡感,濃厚,平衡,果香,多汁,優しい,巧克力,華麗,芳醇,鮮爽","旨味,酸味,桜,苦味,しっかり,ふくよか,甘味,辛口,コク,余韻,ガス,濃厚,バランス,フルーティ,ジューシー,優しい,チョコレート,華やか,芳醇,フレッシュ",1682,https://sakenowa.com/brands/1682,2026-09-28T20:22:25.347421+00:00
sn_1979,538,山野酒造,ふるな,,大阪府,大阪府,,,,,,,,,,,,,,,,,,1979,https://sakenowa.com/brands/1979,2026-09-28T20:22:25.347425+00:00
sn_2091,538,山野酒造,片野桜,,大阪府,大阪府,,,,,,,,,,0.29121513214378875,0.6492696658353544,0.48106029768415404,0.3957161252198631,0.1607671176328169,0.2824647233860708,"酸味,鮮味,櫻花,甘甜,醇厚,しっかり,華麗,濃厚,平衡,俐落,圓潤,どっしり,苦味,常溫,冷酒,熱燗,ふくよか,厚み,穩重,硬い","酸味,旨味,桜,甘味,コク,しっかり,華やか,濃厚,バランス,キレ,まろやか,どっしり,苦味,常温,冷酒,熱燗,ふくよか,厚み,穏やか,硬い",2091,https://sakenowa.com/brands/2091,2026-09-28T20:22:25.347434+00:00
sn_2868,538,山野酒造,今朝しぼり,,大阪府,大阪府,,,,,,,,,,,,,,,,,,2868,https://sakenowa.com/brands/2868,2026-09-28T20:22:25.347438+00:00
sn_3823,538,山野酒造,片野桜 えむ,,大阪府,大阪府,,,,,,,,,,,,,,,,,,3823,https://sakenowa.com/brands/3823,2026-09-28T20:22:25.347442+00:00
sn_746,539,西條,西條鶴,,大阪府,大阪府,,,,,,,,,,,,,,,,,,746,https://sakenowa.com/brands/746,2026-09-28T20:22:25.347606+00:00
sn_747,539,西條,天野酒,,大阪府,大阪府,,,,,,,,,,0.11642459456217323,0.6340910355814541,0.5429668848224485,0.4176825890931798,0.2518602627979148,0.22730705478330834,"鮮味,辛口,醇厚,甘甜,味噌,熱燗,酸味,穀物,カラメル,常溫,堅果,濃厚,冷酒","旨味,辛口,コク,甘味,味噌,熱燗,酸味,穀物,カラメル,常温,ナッツ,濃厚,冷酒",747,https://sakenowa.com/brands/747,2026-09-28T20:22:25.347614+00:00
sn_750,540,呉春,本丸,,大阪府,大阪府,,,,,,,,,,,,,,,,"穩重,華麗,餘韻,濃厚,苦味,甘甜,清爽","穏やか,華やか,余韻,濃厚,苦味,甘味,スッキリ",750,https://sakenowa.com/brands/750,2026-09-28T20:22:25.347786+00:00
sn_2223,540,呉春,呉春,,大阪府,大阪府,,,,,,,,,,0.13507016286780504,0.5556855395123202,0.3736920441003456,0.6401647150419408,0.2526905610193213,0.24425500290246413,"鮮味,圓潤,甘甜,清爽,昔ながら,常溫,辛口,しっかり,熱燗,ほのか,醇厚,餘韻","旨味,まろやか,甘味,スッキリ,昔ながら,常温,辛口,しっかり,熱燗,ほのか,コク,余韻",2223,https://sakenowa.com/brands/2223,2026-09-28T20:22:25.347794+00:00
sn_751,542,秋鹿酒造,千秋,,大阪府,大阪府,,,,,,,,,,,,,,,,,,751,https://sakenowa.com/brands/751,2026-09-28T20:22:25.347977+00:00
sn_752,542,秋鹿酒造,秋鹿,,大阪府,大阪府,,,,,,,,,,0.1793185031941099,0.5611504450578582,0.4546106339042389,0.4143569462851276,0.38143453026046037,0.35930522422450756,"酸味,辛口,鮮味,常溫,しっかり,氣泡感,苦味,清爽,濃厚,俐落,熱燗,冷酒,燗酒,甘甜,鮮爽,どっしり,複雜,ピリリ,紹興酒,醇厚","酸味,辛口,旨味,常温,しっかり,ガス,苦味,スッキリ,濃厚,キレ,熱燗,冷酒,燗酒,甘味,フレッシュ,どっしり,複雑,ピリリ,紹興酒,コク",752,https://sakenowa.com/brands/752,2026-09-28T20:22:25.347988+00:00
sn_2676,542,秋鹿酒造,奥鹿,,大阪府,大阪府,,,,,,,,,,0.08932311618932975,0.6156456872815428,0.6480359198156949,0.3974492383114563,0.09869558108713243,0.159199561915249,"酸味,カラメル,常溫,鮮味","酸味,カラメル,常温,旨味",2676,https://sakenowa.com/brands/2676,2026-09-28T20:22:25.347994+00:00
sn_2799,542,秋鹿酒造,へのへのもへじ,,大阪府,大阪府,,,,,,,,,,0.05575216301079763,0.6289368086973449,0.6229227552145717,0.41670710064367844,0.14713517591324124,0.13417846437943115,,,2799,https://sakenowa.com/brands/2799,2026-09-28T20:22:25.347999+00:00
sn_3351,542,秋鹿酒造,奥鹿之助,,大阪府,大阪府,,,,,,,,,,,,,,,,"豐潤,平衡,濃厚,鮮味","豊か,バランス,濃厚,旨味",3351,https://sakenowa.com/brands/3351,2026-09-28T20:22:25.348005+00:00
sn_3900,542,秋鹿酒造,鹿,,大阪府,大阪府,,,,,,,,,,,,,,,,,,3900,https://sakenowa.com/brands/3900,2026-09-28T20:22:25.348009+00:00
sn_753,546,北山酒造,美人蔵部,,兵庫県,兵庫縣,,,,,,,,,,,,,,,,,,753,https://sakenowa.com/brands/753,2026-09-28T20:22:25.348178+00:00
sn_2110,546,北山酒造,島美人,,兵庫県,兵庫縣,,,,,,,,,,,,,,,,,,2110,https://sakenowa.com/brands/2110,2026-09-28T20:22:25.348183+00:00
sn_754,547,田中酒造場,名刀正宗,,兵庫県,兵庫縣,,,,,,,,,,,,,,,,,,754,https://sakenowa.com/brands/754,2026-09-28T20:22:25.348349+00:00
sn_2363,547,田中酒造場,白鷺の城,,兵庫県,兵庫縣,,,,,,,,,,0.2979464405221488,0.5701196828735792,0.3666959540068953,0.4879419769652082,0.32616838263528247,0.32749405548750404,"常溫,甘甜,酸味,辛口,ワイン,高雅,鮮味,清爽,鮮爽,蘋果,果香","常温,甘味,酸味,辛口,ワイン,上品,旨味,スッキリ,フレッシュ,リンゴ,フルーティ",2363,https://sakenowa.com/brands/2363,2026-09-28T20:22:25.348357+00:00
sn_755,548,田治米,竹泉,,兵庫県,兵庫縣,,,,,,,,,,0.19201398585233617,0.5900565561341765,0.5076580909979903,0.39142642413565504,0.3143819529194787,0.3243400909714363,"鮮味,酸味,煙燻,辛口,熱燗,常溫,苦味,氣泡感,しっかり,鮮爽,燗酒,渋み,香ばしい,醇厚,甘甜,清爽,俐落,セメダイン,冷酒,濃厚","旨味,酸味,スモーキー,辛口,熱燗,常温,苦味,ガス,しっかり,フレッシュ,燗酒,渋み,香ばしい,コク,甘味,スッキリ,キレ,セメダイン,冷酒,濃厚",755,https://sakenowa.com/brands/755,2026-09-28T20:22:25.348528+00:00
sn_756,552,白鷹,白鷹,,兵庫県,兵庫縣,,,,,,,,,,0.19324034182239347,0.5874813763643566,0.43700032945600364,0.4763127831305943,0.33137527426454416,0.2997850480014566,"辛口,鮮味,熱燗,酸味,昔ながら,冷酒,醇厚,常溫,燗酒,しっかり,清爽,鮮爽,厚み,餘韻,甘甜,俐落,果香,ふんわり,苦味,さらり","辛口,旨味,熱燗,酸味,昔ながら,冷酒,コク,常温,燗酒,しっかり,スッキリ,フレッシュ,厚み,余韻,甘味,キレ,フルーティ,ふんわり,苦味,さらり",756,https://sakenowa.com/brands/756,2026-09-28T20:22:25.348702+00:00
sn_2836,552,白鷹,宮水の郷,,兵庫県,兵庫縣,,,,,,,,,,,,,,,,,,2836,https://sakenowa.com/brands/2836,2026-09-28T20:22:25.348707+00:00
sn_3221,552,白鷹,清酒タイガース,,兵庫県,兵庫縣,,,,,,,,,,,,,,,,"マイルド,スイスイ,苦味,辛口","マイルド,スイスイ,苦味,辛口",3221,https://sakenowa.com/brands/3221,2026-09-28T20:22:25.348712+00:00
sn_757,554,名城酒造,千姫,,兵庫県,兵庫縣,,,,,,,,,,,,,,,,,,757,https://sakenowa.com/brands/757,2026-09-28T20:22:25.348891+00:00
sn_758,554,名城酒造,播州姫路,,兵庫県,兵庫縣,,,,,,,,,,,,,,,,"キリリ,ほのか,常溫,鮮味,果香,辛口,甘甜","キリリ,ほのか,常温,旨味,フルーティ,辛口,甘味",758,https://sakenowa.com/brands/758,2026-09-28T20:22:25.348897+00:00
sn_2439,554,名城酒造,金次郎,,兵庫県,兵庫縣,,,,,,,,,,,,,,,,"昔ながら,清爽","昔ながら,スッキリ",2439,https://sakenowa.com/brands/2439,2026-09-28T20:22:25.348905+00:00
sn_2520,554,名城酒造,兵庫男山,,兵庫県,兵庫縣,,,,,,,,,,,,,,,,,,2520,https://sakenowa.com/brands/2520,2026-09-28T20:22:25.348912+00:00
sn_2521,554,名城酒造,官兵衛,,兵庫県,兵庫縣,,,,,,,,,,,,,,,,,,2521,https://sakenowa.com/brands/2521,2026-09-28T20:22:25.348916+00:00
sn_2522,554,名城酒造,ひやし銀八,,兵庫県,兵庫縣,,,,,,,,,,,,,,,,,,2522,https://sakenowa.com/brands/2522,2026-09-28T20:22:25.348921+00:00
sn_3289,554,名城酒造,千羽鶴,,兵庫県,兵庫縣,,,,,,,,,,,,,,,,,,3289,https://sakenowa.com/brands/3289,2026-09-28T20:22:25.348925+00:00
sn_759,555,都美人酒造,都美人,,兵庫県,兵庫縣,,,,,,,,,,0.2327103888454445,0.6351013844753406,0.5027263824562217,0.3623486565496709,0.18879982093134806,0.35045166493587654,"酸味,氣泡感,鮮味,しっかり,常溫,甘甜,餘韻,燗冷まし,苦味,冷酒,辛口,濃厚,力道強勁,カルピス,平衡,熱燗,清新,レーズン,優格,柑橘","酸味,ガス,旨味,しっかり,常温,甘味,余韻,燗冷まし,苦味,冷酒,辛口,濃厚,力強い,カルピス,バランス,熱燗,さわやか,レーズン,ヨーグルト,柑橘",759,https://sakenowa.com/brands/759,2026-09-28T20:22:25.349100+00:00
sn_2861,555,都美人酒造,凛美,,兵庫県,兵庫縣,,,,,,,,,,,,,,,,,,2861,https://sakenowa.com/brands/2861,2026-09-28T20:22:25.349107+00:00
sn_3748,555,都美人酒造,風のまヽ,,兵庫県,兵庫縣,,,,,,,,,,,,,,,,,,3748,https://sakenowa.com/brands/3748,2026-09-28T20:22:25.349111+00:00
sn_760,556,山陽盃酒造,播州一献,,兵庫県,兵庫縣,,,,,,,,,,0.44916476014217155,0.5058081306692078,0.1882768768943155,0.29706988460521366,0.3153204345048159,0.5650517481316283,"氣泡感,哈密瓜,酸味,辛口,鮮味,甘甜,果香,清新,苦味,清爽,鮮爽,俐落,純淨,輕快,麝香葡萄,平衡,しっかり,多汁,香蕉,餘韻","ガス,メロン,酸味,辛口,旨味,甘味,フルーティ,さわやか,苦味,スッキリ,フレッシュ,キレ,綺麗,軽快,マスカット,バランス,しっかり,ジューシー,バナナ,余韻",760,https://sakenowa.com/brands/760,2026-09-28T20:22:25.349284+00:00
sn_761,559,西山酒造場,丹波美酒,,兵庫県,兵庫縣,,,,,,,,,,,,,,,,"氣泡感,さっぱり,冷酒,甘甜,酸味","ガス,さっぱり,冷酒,甘味,酸味",761,https://sakenowa.com/brands/761,2026-09-28T20:22:25.349460+00:00
sn_762,559,西山酒造場,小鼓,,兵庫県,兵庫縣,,,,,,,,,,0.3696831122971566,0.5679504360093787,0.354489004925168,0.414278568568217,0.29522660533931655,0.39537167732540146,"辛口,酸味,鮮味,鮮爽,甘甜,果香,清爽,花香,水蜜桃,常溫,圓潤,清新,ブドウ,セメダイン,俐落,高雅,ふくよか,華麗,控えめ,しっかり","辛口,酸味,旨味,フレッシュ,甘味,フルーティ,スッキリ,花,桃,常温,まろやか,さわやか,ブドウ,セメダイン,キレ,上品,ふくよか,華やか,控えめ,しっかり",762,https://sakenowa.com/brands/762,2026-09-28T20:22:25.349469+00:00
sn_4153,559,西山酒造場,路上有花 葵,,兵庫県,兵庫縣,,,,,,,,,,,,,,,,"グイグイ,醇厚,起司,ワイン,清爽,高雅,冷酒,甘甜","グイグイ,コク,チーズ,ワイン,スッキリ,上品,冷酒,甘味",4153,https://sakenowa.com/brands/4153,2026-09-28T20:22:25.349478+00:00
sn_763,560,豊澤酒造,貴仙寿,,兵庫県,兵庫縣,,,,,,,,,,,,,,,,,,763,https://sakenowa.com/brands/763,2026-09-28T20:22:25.349647+00:00
sn_764,562,本田商店,龍力,,兵庫県,兵庫縣,,,,,,,,,,0.2935593700837125,0.5383605104814965,0.4108018432441769,0.42092245993233324,0.3491022956890729,0.39520193881922633,"鮮味,辛口,しっかり,甘甜,酸味,清爽,俐落,果香,苦味,力道強勁,櫻花,清新,常溫,どっしり,熱燗,氣泡感,平衡,醇厚,濃厚,純淨","旨味,辛口,しっかり,甘味,酸味,スッキリ,キレ,フルーティ,苦味,力強い,桜,さわやか,常温,どっしり,熱燗,ガス,バランス,コク,濃厚,綺麗",764,https://sakenowa.com/brands/764,2026-09-28T20:22:25.349819+00:00
sn_765,563,小西酒造,白雪,,兵庫県,兵庫縣,,,,,,,,,,0.31936572909282235,0.5711827569386223,0.3660751066763716,0.45214017867174405,0.25631355358344654,0.40941107289495354,"濃厚,甘甜,果香,辛口,鮮味,純淨,まったり,清爽,圓潤,しっかり,華麗,優格,酸味,醇厚,清新,滑順,輕快,常溫,昔ながら,餘韻","濃厚,甘味,フルーティ,辛口,旨味,綺麗,まったり,スッキリ,まろやか,しっかり,華やか,ヨーグルト,酸味,コク,さわやか,なめらか,軽快,常温,昔ながら,余韻",765,https://sakenowa.com/brands/765,2026-09-28T20:22:25.350002+00:00
sn_3027,563,小西酒造,まいん,,兵庫県,兵庫縣,,,,,,,,,,,,,,,,"辛口,清爽","辛口,スッキリ",3027,https://sakenowa.com/brands/3027,2026-09-28T20:22:25.350008+00:00
sn_3088,563,小西酒造,ショコラとよく合うお酒,,兵庫県,兵庫縣,,,,,,,,,,,,,,,,"巧克力,ほのか,苦味,甘甜","チョコレート,ほのか,苦味,甘味",3088,https://sakenowa.com/brands/3088,2026-09-28T20:22:25.350016+00:00
sn_3109,563,小西酒造,KONISHI大吟醸冷しぼり,,兵庫県,兵庫縣,,,,,,,,,,,,,,,,,,3109,https://sakenowa.com/brands/3109,2026-09-28T20:22:25.350021+00:00
sn_4070,563,小西酒造,KONISHI,,兵庫県,兵庫縣,,,,,,,,,,0.46891193552980337,0.5394930863654281,0.3121455171676161,0.29692468230333124,0.2968941104683999,0.46402974344539916,"ワイン,清爽,みずみずしい,果香,鳳梨,甘甜,華麗,鮮味,香蕉,あっさり,鮮爽,辛口,酸味,俐落,さっぱり,冷酒,醇厚,常溫,平衡,餘韻","ワイン,スッキリ,みずみずしい,フルーティ,パイナップル,甘味,華やか,旨味,バナナ,あっさり,フレッシュ,辛口,酸味,キレ,さっぱり,冷酒,コク,常温,バランス,余韻",4070,https://sakenowa.com/brands/4070,2026-09-28T20:22:25.350032+00:00
sn_122585,563,小西酒造,摂州男山,,兵庫県,兵庫縣,,,,,,,,,,,,,,,,,,122585,https://sakenowa.com/brands/122585,2026-09-28T20:22:25.350037+00:00
sn_766,564,剣菱酒造,剣菱,,兵庫県,兵庫縣,,,,,,,,,,0.060045689354553795,0.6263681338409084,0.6282253672355221,0.4042297182129573,0.17829453476466747,0.11916273682201041,"熱燗,鮮味,常溫,カラメル,紹興酒,濃厚,穩定,昔ながら,辛口,醇厚,冷酒,甘甜,圓潤,複雜,酸味,煙燻,醤油","熱燗,旨味,常温,カラメル,紹興酒,濃厚,安定,昔ながら,辛口,コク,冷酒,甘味,まろやか,複雑,酸味,スモーキー,醤油",766,https://sakenowa.com/brands/766,2026-09-28T20:22:25.350209+00:00
sn_1444,564,剣菱酒造,黒松剣菱,,兵庫県,兵庫縣,,,,,,,,,,0.05247491310674892,0.6733236765692543,0.6087862943267224,0.34218153722805744,0.1970106608260749,0.13175527695980827,"熱燗,濃厚,常溫,紹興酒,鮮味,燗酒,醇厚,ツン,辛口,甘甜,冷酒,焦糖,俐落,酸味,しっかり,芳醇,穩定,カラメル,どっしり,堅果","熱燗,濃厚,常温,紹興酒,旨味,燗酒,コク,ツン,辛口,甘味,冷酒,キャラメル,キレ,酸味,しっかり,芳醇,安定,カラメル,どっしり,ナッツ",1444,https://sakenowa.com/brands/1444,2026-09-28T20:22:25.350218+00:00
sn_3819,564,剣菱酒造,瑞穂黒松剣菱,,兵庫県,兵庫縣,,,,,,,,,,,,,,,,辛香,スパイシー,3819,https://sakenowa.com/brands/3819,2026-09-28T20:22:25.350226+00:00
sn_767,565,江井ヶ嶋酒造,神鷹,,兵庫県,兵庫縣,,,,,,,,,,0.12449540982625013,0.5603343556280846,0.4658517782229099,0.5619807511793548,0.2879964095751694,0.23397462883249837,"優格,酸味,鮮味,しっかり","ヨーグルト,酸味,旨味,しっかり",767,https://sakenowa.com/brands/767,2026-09-28T20:22:25.350393+00:00
sn_72187,565,江井ヶ嶋酒造,日本魂,,兵庫県,兵庫縣,,,,,,,,,,0.0976737520412658,0.5784011575727233,0.705708038086458,0.3625662388852301,0.09353836712643183,0.13298270698409076,"カラメル,酸味,巧克力,紹興酒,鮮味,濃厚,甘酸っぱい","カラメル,酸味,チョコレート,紹興酒,旨味,濃厚,甘酸っぱい",72187,https://sakenowa.com/brands/72187,2026-09-28T20:22:25.350401+00:00
sn_768,567,日本盛,惣花,,兵庫県,兵庫縣,,,,,,,,,,0.191596881329046,0.4675143864680167,0.35954091543100697,0.6288757465853384,0.3326336513158667,0.33063788804439614,,,768,https://sakenowa.com/brands/768,2026-09-28T20:22:25.350567+00:00
sn_2455,567,日本盛,日本盛,,兵庫県,兵庫縣,,,,,,,,,,0.31212330480037587,0.58234427636492,0.3656498680964249,0.4123797498225366,0.3404861380944656,0.37916552064816644,"果香,甘甜,辛口,華麗,常溫,氣泡感,鮮味,濃厚,酸味,苦味,清爽,俐落,薄い,草本,しっかり,圓潤,鮮爽,さっぱり,冷酒,ワイン","フルーティ,甘味,辛口,華やか,常温,ガス,旨味,濃厚,酸味,苦味,スッキリ,キレ,薄い,ハーブ,しっかり,まろやか,フレッシュ,さっぱり,冷酒,ワイン",2455,https://sakenowa.com/brands/2455,2026-09-28T20:22:25.350577+00:00
sn_769,568,神戸酒心館,福寿,,兵庫県,兵庫縣,,,,,,,,,,0.371341266944745,0.5525255767767725,0.28370465609286877,0.43293146231628366,0.31319393483142344,0.4368211610076689,"果香,甘甜,辛口,清爽,鮮味,酸味,高雅,清新,鮮爽,しっかり,餘韻,圓潤,苦味,華麗,ふくよか,純淨,水蜜桃,穩定,芳醇,ワイン","フルーティ,甘味,辛口,スッキリ,旨味,酸味,上品,さわやか,フレッシュ,しっかり,余韻,まろやか,苦味,華やか,ふくよか,綺麗,桃,安定,芳醇,ワイン",769,https://sakenowa.com/brands/769,2026-09-28T20:22:25.350751+00:00
sn_3434,568,神戸酒心館,あわ咲き,,兵庫県,兵庫縣,,,,,,,,,,,,,,,,氣泡感,ガス,3434,https://sakenowa.com/brands/3434,2026-09-28T20:22:25.350756+00:00
sn_770,569,神結酒造,だんない,,兵庫県,兵庫縣,,,,,,,,,,,,,,,,,,770,https://sakenowa.com/brands/770,2026-09-28T20:22:25.350939+00:00
sn_2244,569,神結酒造,闘竜灘,,兵庫県,兵庫縣,,,,,,,,,,,,,,,,"ヤクルト,こってり,昔ながら,濃厚,酸味,甘甜,圓潤,鮮味,しっかり,辛口","ヤクルト,こってり,昔ながら,濃厚,酸味,甘味,まろやか,旨味,しっかり,辛口",2244,https://sakenowa.com/brands/2244,2026-09-28T20:22:25.350950+00:00
sn_2252,569,神結酒造,神結,,兵庫県,兵庫縣,,,,,,,,,,,,,,,,,,2252,https://sakenowa.com/brands/2252,2026-09-28T20:22:25.350955+00:00
sn_771,571,壺坂酒造,雪彦山,,兵庫県,兵庫縣,,,,,,,,,,0.37910746705669435,0.6169642775382415,0.38655023873142474,0.31423622906287024,0.3492467125121948,0.32479816462539235,"辛口,ワイン,果香,華麗,甘甜,花香,鮮味,濃厚,酸味,しっかり,苦味,多汁,餘韻,蘋果,堅果,俐落,力道強勁,清爽,ピリリ,ふくよか","辛口,ワイン,フルーティ,華やか,甘味,花,旨味,濃厚,酸味,しっかり,苦味,ジューシー,余韻,リンゴ,ナッツ,キレ,力強い,スッキリ,ピリリ,ふくよか",771,https://sakenowa.com/brands/771,2026-09-28T20:22:25.351129+00:00
sn_772,572,辰馬本家酒造,黒松白鹿,,兵庫県,兵庫縣,,,,,,,,,,0.2264633583625831,0.5879950002558582,0.31311684142185564,0.4956598280784952,0.3527585260201858,0.3671741109617023,"熱燗,辛口,清爽,常溫,甘甜,鮮味,清新,冷酒,鮮爽,穀物,醇厚,しっかり,優しい,餘韻,果香,薄い,酸味,柔らかい,ほのか,圓潤","熱燗,辛口,スッキリ,常温,甘味,旨味,さわやか,冷酒,フレッシュ,穀物,コク,しっかり,優しい,余韻,フルーティ,薄い,酸味,柔らかい,ほのか,まろやか",772,https://sakenowa.com/brands/772,2026-09-28T20:22:25.351302+00:00
sn_1736,572,辰馬本家酒造,すずろ,,兵庫県,兵庫縣,,,,,,,,,,,,,,,,,,1736,https://sakenowa.com/brands/1736,2026-09-28T20:22:25.351307+00:00
sn_2306,572,辰馬本家酒造,神輿,,兵庫県,兵庫縣,,,,,,,,,,,,,,,,冷酒,冷酒,2306,https://sakenowa.com/brands/2306,2026-09-28T20:22:25.351312+00:00
sn_3048,572,辰馬本家酒造,白鹿,,兵庫県,兵庫縣,,,,,,,,,,0.2913949464584066,0.545680330963457,0.2895901493197842,0.5101451993306639,0.2978937546298107,0.4295005163529964,"清新,甘甜,ワイン,熱燗,清爽,辛口,ほのか,鮮味,輕快,果香,酸味,ふんわり,鮮爽,冷酒,柑橘,穀物,穩定,苦味","さわやか,甘味,ワイン,熱燗,スッキリ,辛口,ほのか,旨味,軽快,フルーティ,酸味,ふんわり,フレッシュ,冷酒,柑橘,穀物,安定,苦味",3048,https://sakenowa.com/brands/3048,2026-09-28T20:22:25.351321+00:00
sn_3837,572,辰馬本家酒造,ozu,,兵庫県,兵庫縣,,,,,,,,,,,,,,,,,,3837,https://sakenowa.com/brands/3837,2026-09-28T20:22:25.351331+00:00
sn_4207,572,辰馬本家酒造,生なま,,兵庫県,兵庫縣,,,,,,,,,,,,,,,,常溫,常温,4207,https://sakenowa.com/brands/4207,2026-09-28T20:22:25.351336+00:00
sn_4208,572,辰馬本家酒造,おづ,,兵庫県,兵庫縣,,,,,,,,,,,,,,,,"ワイン,柔らかい,鮮味,甘甜","ワイン,柔らかい,旨味,甘味",4208,https://sakenowa.com/brands/4208,2026-09-28T20:22:25.351341+00:00
sn_1226,573,富久錦,富久錦,,兵庫県,兵庫縣,,,,,,,,,,0.38418779039275947,0.5192452091510726,0.3139863865163052,0.40346930655910834,0.25600098889458683,0.5058386263611423,"酸味,鮮爽,鮮味,氣泡感,甘甜,しっかり,清新,優格,穩重,果香,輕快,辛口,ジュース,高雅,ワイン,苦味,豐潤,平衡,純淨,餘韻","酸味,フレッシュ,旨味,ガス,甘味,しっかり,さわやか,ヨーグルト,穏やか,フルーティ,軽快,辛口,ジュース,上品,ワイン,苦味,豊か,バランス,綺麗,余韻",1226,https://sakenowa.com/brands/1226,2026-09-28T20:22:25.351514+00:00
sn_2140,573,富久錦,Ｆｕ．,,兵庫県,兵庫縣,,,,,,,,,,0.5251230487887071,0.6273330235043855,0.32294202236038894,0.17973987659681895,0.16992415643471795,0.40648108106822284,"ワイン,ブドウ,果香,甘甜,酸味,ジュース","ワイン,ブドウ,フルーティ,甘味,酸味,ジュース",2140,https://sakenowa.com/brands/2140,2026-09-28T20:22:25.351520+00:00
sn_3292,573,富久錦,純青,,兵庫県,兵庫縣,,,,,,,,,,0.3381062496547471,0.5288868341158055,0.2709457313654645,0.4137438952128501,0.2775492136511853,0.5332295138811265,"酸味,鮮味,氣泡感,平衡,優格,清新,甘甜,鮮爽,辛口,輕快,柑橘,清爽,純淨,苦味,果香,穩重,銳利,俐落,しっかり,香蕉","酸味,旨味,ガス,バランス,ヨーグルト,さわやか,甘味,フレッシュ,辛口,軽快,柑橘,スッキリ,綺麗,苦味,フルーティ,穏やか,シャープ,キレ,しっかり,バナナ",3292,https://sakenowa.com/brands/3292,2026-09-28T20:22:25.351533+00:00
sn_3652,573,富久錦,Bucu,,兵庫県,兵庫縣,,,,,,,,,,,,,,,,"シャンパン,ジュース,輕快,平衡,清新,酸味,果香,甘甜,しっかり","シャンパン,ジュース,軽快,バランス,さわやか,酸味,フルーティ,甘味,しっかり",3652,https://sakenowa.com/brands/3652,2026-09-28T20:22:25.351541+00:00
sn_774,574,白鶴酒造,白鶴,,兵庫県,兵庫縣,,,,,,,,,,0.3819485724098827,0.5626594927285397,0.28817658962857917,0.4133724694318152,0.2809270172291819,0.4524235283151337,"甘甜,檸檬,果香,辛口,鮮味,ジュース,熱燗,清爽,ワイン,酸味,冷酒,清新,輕快,常溫,苦味,控えめ,純淨,ほのか,華麗,圓潤","甘味,レモン,フルーティ,辛口,旨味,ジュース,熱燗,スッキリ,ワイン,酸味,冷酒,さわやか,軽快,常温,苦味,控えめ,綺麗,ほのか,華やか,まろやか",774,https://sakenowa.com/brands/774,2026-09-28T20:22:25.351714+00:00
sn_3069,574,白鶴酒造,淡雪,,兵庫県,兵庫縣,,,,,,,,,,,,,,,,氣泡感,ガス,3069,https://sakenowa.com/brands/3069,2026-09-28T20:22:25.351719+00:00
sn_3674,574,白鶴酒造,杜氏鑑,,兵庫県,兵庫縣,,,,,,,,,,,,,,,,,,3674,https://sakenowa.com/brands/3674,2026-09-28T20:22:25.351724+00:00
sn_88376,574,白鶴酒造,Hakutsuru Blanc,,兵庫県,兵庫縣,,,,,,,,,,,,,,,,"ワイン,ジュース","ワイン,ジュース",88376,https://sakenowa.com/brands/88376,2026-09-28T20:22:25.351730+00:00
sn_775,576,沢の鶴,鶴の舞,,兵庫県,兵庫縣,,,,,,,,,,,,,,,,"ツン,辛口","ツン,辛口",775,https://sakenowa.com/brands/775,2026-09-28T20:22:25.351910+00:00
sn_776,576,沢の鶴,酒道粋人,,兵庫県,兵庫縣,,,,,,,,,,,,,,,,"さっぱり,冷酒","さっぱり,冷酒",776,https://sakenowa.com/brands/776,2026-09-28T20:22:25.351916+00:00
sn_777,576,沢の鶴,春秀,,兵庫県,兵庫縣,,,,,,,,,,,,,,,,,,777,https://sakenowa.com/brands/777,2026-09-28T20:22:25.351920+00:00
sn_2008,576,沢の鶴,沢の鶴,,兵庫県,兵庫縣,,,,,,,,,,0.23085109999327896,0.62875247613412,0.416977234373007,0.4260198504159791,0.3140583503705873,0.3120617230866302,"常溫,辛口,鮮味,酸味,清爽,熱燗,甘甜,しっかり,醇厚,圓潤,水蜜桃,燗酒,輕快,果香,ツン,冷酒,ワイン,昔ながら,ふくよか,濃厚","常温,辛口,旨味,酸味,スッキリ,熱燗,甘味,しっかり,コク,まろやか,桃,燗酒,軽快,フルーティ,ツン,冷酒,ワイン,昔ながら,ふくよか,濃厚",2008,https://sakenowa.com/brands/2008,2026-09-28T20:22:25.351929+00:00
sn_2608,576,沢の鶴,米だけの酒,,兵庫県,兵庫縣,,,,,,,,,,,,,,,,"穩定,冷酒,餘韻,圓潤,鮮味,清爽,果香","安定,冷酒,余韻,まろやか,旨味,スッキリ,フルーティ",2608,https://sakenowa.com/brands/2608,2026-09-28T20:22:25.351938+00:00
sn_778,577,櫻正宗,焼稀,,兵庫県,兵庫縣,,,,,,,,,,,,,,,,,,778,https://sakenowa.com/brands/778,2026-09-28T20:22:25.352103+00:00
sn_779,577,櫻正宗,宮水の華,,兵庫県,兵庫縣,,,,,,,,,,,,,,,,,,779,https://sakenowa.com/brands/779,2026-09-28T20:22:25.352107+00:00
sn_780,577,櫻正宗,朱稀,,兵庫県,兵庫縣,,,,,,,,,,,,,,,,"あっさり,優しい,さっぱり","あっさり,優しい,さっぱり",780,https://sakenowa.com/brands/780,2026-09-28T20:22:25.352115+00:00
sn_781,577,櫻正宗,金稀,,兵庫県,兵庫縣,,,,,,,,,,,,,,,,,,781,https://sakenowa.com/brands/781,2026-09-28T20:22:25.352120+00:00
sn_782,577,櫻正宗,平清盛絵巻,,兵庫県,兵庫縣,,,,,,,,,,,,,,,,,,782,https://sakenowa.com/brands/782,2026-09-28T20:22:25.352124+00:00
sn_2025,577,櫻正宗,櫻正宗,,兵庫県,兵庫縣,,,,,,,,,,0.31056276120845977,0.5720129919116821,0.37594596956271853,0.4605835911322927,0.3019084015067296,0.36294711609779023,"鮮味,辛口,櫻花,甘甜,常溫,昔ながら,清爽,酸味,華麗,しっかり,熱燗,苦味,餘韻,優しい,濃厚,醇厚,ツン,穩重,冷酒,梨子","旨味,辛口,桜,甘味,常温,昔ながら,スッキリ,酸味,華やか,しっかり,熱燗,苦味,余韻,優しい,濃厚,コク,ツン,穏やか,冷酒,梨",2025,https://sakenowa.com/brands/2025,2026-09-28T20:22:25.352135+00:00
sn_2996,577,櫻正宗,神戸さくら,,兵庫県,兵庫縣,,,,,,,,,,,,,,,,"ふんわり,甘甜","ふんわり,甘味",2996,https://sakenowa.com/brands/2996,2026-09-28T20:22:25.352141+00:00
sn_3521,577,櫻正宗,瀧鯉,,兵庫県,兵庫縣,,,,,,,,,,,,,,,,,,3521,https://sakenowa.com/brands/3521,2026-09-28T20:22:25.352145+00:00
sn_783,580,下村酒造店,奥播磨,,兵庫県,兵庫縣,,,,,,,,,,0.1510192710974952,0.6065332267106885,0.5181674747116128,0.3458941733464812,0.3592992566824433,0.3034375682022411,"鮮味,辛口,酸味,しっかり,熱燗,常溫,俐落,濃厚,苦味,冷酒,燗酒,甘甜,どっしり,醇厚,清爽,堅果,芳醇,香ばしい,優格,複雜","旨味,辛口,酸味,しっかり,熱燗,常温,キレ,濃厚,苦味,冷酒,燗酒,甘味,どっしり,コク,スッキリ,ナッツ,芳醇,香ばしい,ヨーグルト,複雑",783,https://sakenowa.com/brands/783,2026-09-28T20:22:25.352311+00:00
sn_1189,580,下村酒造店,宮の井,,兵庫県,兵庫縣,,,,,,,,,,,,,,,,,,1189,https://sakenowa.com/brands/1189,2026-09-28T20:22:25.352315+00:00
sn_2397,580,下村酒造店,白影泉,,兵庫県,兵庫縣,,,,,,,,,,,,,,,,"蜂蜜,熱燗","ハチミツ,熱燗",2397,https://sakenowa.com/brands/2397,2026-09-28T20:22:25.352323+00:00
sn_2568,580,下村酒造店,しもむら,,兵庫県,兵庫縣,,,,,,,,,,,,,,,,"ほのか,苦味,酸味,鮮味,辛口,清爽,甘甜","ほのか,苦味,酸味,旨味,辛口,スッキリ,甘味",2568,https://sakenowa.com/brands/2568,2026-09-28T20:22:25.352329+00:00
sn_2594,580,下村酒造店,喜八,,兵庫県,兵庫縣,,,,,,,,,,,,,,,,"芳醇,辛口","芳醇,辛口",2594,https://sakenowa.com/brands/2594,2026-09-28T20:22:25.352334+00:00
sn_785,581,北村酒造,猩々,,奈良県,奈良縣,,,,,,,,,,0.2770644776578792,0.5829993838850788,0.49135487333036565,0.4129302417497504,0.2891940352509857,0.2962647591058203,"鮮味,栗,辛口,起司,しっかり,甘甜,濃厚,苦味,花香,清爽,堅果,巧克力,酸味","旨味,栗,辛口,チーズ,しっかり,甘味,濃厚,苦味,花,スッキリ,ナッツ,チョコレート,酸味",785,https://sakenowa.com/brands/785,2026-09-28T20:22:25.352503+00:00
sn_3899,581,北村酒造,鬼熊,,奈良県,奈良縣,,,,,,,,,,,,,,,,,,3899,https://sakenowa.com/brands/3899,2026-09-28T20:22:25.352508+00:00
sn_786,584,喜多酒造,白檮,,奈良県,奈良縣,,,,,,,,,,,,,,,,"清爽,甘甜","スッキリ,甘味",786,https://sakenowa.com/brands/786,2026-09-28T20:22:25.352676+00:00
sn_787,584,喜多酒造,利兵衞,,奈良県,奈良縣,,,,,,,,,,,,,,,,"こってり,まったり,キリリ,醇厚,冷酒","こってり,まったり,キリリ,コク,冷酒",787,https://sakenowa.com/brands/787,2026-09-28T20:22:25.352684+00:00
sn_788,584,喜多酒造,御代菊,,奈良県,奈良縣,,,,,,,,,,0.22279904291302552,0.5183495406575187,0.5326475010340813,0.5347201328928998,0.17705251037536426,0.2840559238391423,"蜜,酸味,しっかり","蜜,酸味,しっかり",788,https://sakenowa.com/brands/788,2026-09-28T20:22:25.352690+00:00
sn_1510,584,喜多酒造,倭,,奈良県,奈良縣,,,,,,,,,,,,,,,,,,1510,https://sakenowa.com/brands/1510,2026-09-28T20:22:25.352694+00:00
sn_789,585,葛城酒造,百楽門,,奈良県,奈良縣,,,,,,,,,,0.3392035965175724,0.5279704566829256,0.35033548711826146,0.3251431101838529,0.4470687396422271,0.42174004241933066,"辛口,鮮味,蘋果,甘甜,酸味,果香,清新,苦味,しっかり,華麗,氣泡感,鮮爽,俐落,清爽,鳳梨,醇厚,純淨,多汁,ピリリ,濃厚","辛口,旨味,リンゴ,甘味,酸味,フルーティ,さわやか,苦味,しっかり,華やか,ガス,フレッシュ,キレ,スッキリ,パイナップル,コク,綺麗,ジューシー,ピリリ,濃厚",789,https://sakenowa.com/brands/789,2026-09-28T20:22:25.352880+00:00
sn_790,586,澤田酒造,歓喜光,,奈良県,奈良縣,,,,,,,,,,,,,,,,,,790,https://sakenowa.com/brands/790,2026-09-28T20:22:25.353047+00:00
sn_791,587,増田酒造,大和の国,,奈良県,奈良縣,,,,,,,,,,,,,,,,醇厚,コク,791,https://sakenowa.com/brands/791,2026-09-28T20:22:25.353220+00:00
sn_2347,587,増田酒造,大和の園,,奈良県,奈良縣,,,,,,,,,,,,,,,,,,2347,https://sakenowa.com/brands/2347,2026-09-28T20:22:25.353224+00:00
sn_3362,587,増田酒造,神韻,,奈良県,奈良縣,,,,,,,,,,,,,,,,,,3362,https://sakenowa.com/brands/3362,2026-09-28T20:22:25.353229+00:00
sn_792,589,油長酒造,風の森,,奈良県,奈良縣,,,,,,,,,,0.4841086130402963,0.4741764750525901,0.23177551878901198,0.2631797222391661,0.2014103142778456,0.6142035080342672,"氣泡感,酸味,果香,複雜,苦味,清新,甘甜,鮮味,哈密瓜,鮮爽,香蕉,麝香葡萄,穩定,ラムネ,輕快,華麗,平衡,シャンパン,ブドウ,しっかり","ガス,酸味,フルーティ,複雑,苦味,さわやか,甘味,旨味,メロン,フレッシュ,バナナ,マスカット,安定,ラムネ,軽快,華やか,バランス,シャンパン,ブドウ,しっかり",792,https://sakenowa.com/brands/792,2026-09-28T20:22:25.353403+00:00
sn_1443,589,油長酒造,鷹長,,奈良県,奈良縣,,,,,,,,,,0.18298740753606382,0.6447059653208808,0.6002021842488253,0.3748742520084308,0.09738734976093992,0.20152459967334227,"濃厚,甘甜,優格,酸味,蜂蜜,とろみ,鮮味,カラメル,甘酸っぱい,蜜,醇厚,氣泡感,平衡,起司,焦糖,餘韻,ワイン,砂糖,鳳梨,しっかり","濃厚,甘味,ヨーグルト,酸味,ハチミツ,とろみ,旨味,カラメル,甘酸っぱい,蜜,コク,ガス,バランス,チーズ,キャラメル,余韻,ワイン,砂糖,パイナップル,しっかり",1443,https://sakenowa.com/brands/1443,2026-09-28T20:22:25.353415+00:00
sn_94340,589,油長酒造,S風の森,,奈良県,奈良縣,,,,,,,,,,0.46170518550382766,0.5226334714478488,0.2871147445505977,0.3563400742374242,0.1657097007406212,0.5261271198444466,"トロピカル,氣泡感,複雜,香蕉,清新,餘韻,果香,渋み,輕快,甘甜,穩重,酸味,巧克力,ふくよか,とろみ,鮮味,水蜜桃,西洋梨,ラムネ,清淡","トロピカル,ガス,複雑,バナナ,さわやか,余韻,フルーティ,渋み,軽快,甘味,穏やか,酸味,チョコレート,ふくよか,とろみ,旨味,桃,洋梨,ラムネ,淡い",94340,https://sakenowa.com/brands/94340,2026-09-28T20:22:25.353427+00:00
sn_793,590,美吉野醸造,花巴,,奈良県,奈良縣,,,,,,,,,,0.3331403424071033,0.6075373370282058,0.44081428993021976,0.30942019466812115,0.15431037031302264,0.4539230231176541,"酸味,優格,氣泡感,起司,甘甜,鮮味,カルピス,柑橘,甘酸っぱい,苦味,濃厚,しっかり,清新,檸檬,多汁,蘋果,果香,複雜,醇厚,柳橙","酸味,ヨーグルト,ガス,チーズ,甘味,旨味,カルピス,柑橘,甘酸っぱい,苦味,濃厚,しっかり,さわやか,レモン,ジューシー,リンゴ,フルーティ,複雑,コク,オレンジ",793,https://sakenowa.com/brands/793,2026-09-28T20:22:25.353603+00:00
sn_2614,590,美吉野醸造,蔵王桜,,奈良県,奈良縣,,,,,,,,,,,,,,,,,,2614,https://sakenowa.com/brands/2614,2026-09-28T20:22:25.353608+00:00
sn_2912,590,美吉野醸造,南遷,,奈良県,奈良縣,,,,,,,,,,,,,,,,,,2912,https://sakenowa.com/brands/2912,2026-09-28T20:22:25.353612+00:00
sn_794,592,奈良豊澤酒造,黒松貴仙寿,,奈良県,奈良縣,,,,,,,,,,,,,,,,,,794,https://sakenowa.com/brands/794,2026-09-28T20:22:25.353779+00:00
sn_1881,592,奈良豊澤酒造,豊祝,,奈良県,奈良縣,,,,,,,,,,0.19801908276610317,0.6088992226590396,0.4096725261143083,0.4795608994498627,0.2926199028320535,0.3264866567536996,"鮮味,落ち着く,レーズン,しっかり,清爽,甘甜,餘韻,辛口,清淡,酸味,苦味,芳醇","旨味,落ち着く,レーズン,しっかり,スッキリ,甘味,余韻,辛口,淡い,酸味,苦味,芳醇",1881,https://sakenowa.com/brands/1881,2026-09-28T20:22:25.353805+00:00
sn_2283,592,奈良豊澤酒造,貴仙寿,,奈良県,奈良縣,,,,,,,,,,,,,,,,,,2283,https://sakenowa.com/brands/2283,2026-09-28T20:22:25.353810+00:00
sn_3096,592,奈良豊澤酒造,朱雀門,,奈良県,奈良縣,,,,,,,,,,,,,,,,,,3096,https://sakenowa.com/brands/3096,2026-09-28T20:22:25.353814+00:00
sn_795,594,長龍酒造,九々鱗,,奈良県,奈良縣,,,,,,,,,,,,,,,,"薄い,平衡,鮮味,清爽","薄い,バランス,旨味,スッキリ",795,https://sakenowa.com/brands/795,2026-09-28T20:22:25.353993+00:00
sn_796,594,長龍酒造,稲の国の稲の酒,,奈良県,奈良縣,,,,,,,,,,,,,,,,,,796,https://sakenowa.com/brands/796,2026-09-28T20:22:25.353998+00:00
sn_797,594,長龍酒造,長龍,,奈良県,奈良縣,,,,,,,,,,0.38801512722872417,0.6018495987148107,0.3874757793011031,0.31030747858459395,0.24314831962537944,0.4262299912269519,"水蜜桃,しっかり,酸味,清新,甘甜,鮮味,果香,哈密瓜,辛口,清爽,複雜,櫻花,苦味,餘韻,輕快,華麗,冷酒,醇厚,鮮爽,多汁","桃,しっかり,酸味,さわやか,甘味,旨味,フルーティ,メロン,辛口,スッキリ,複雑,桜,苦味,余韻,軽快,華やか,冷酒,コク,フレッシュ,ジューシー",797,https://sakenowa.com/brands/797,2026-09-28T20:22:25.354009+00:00
sn_2120,594,長龍酒造,吉野杉の樽酒,,奈良県,奈良縣,,,,,,,,,,0.19824085007215766,0.5511943166512686,0.5511132850001527,0.46124279799154155,0.22150268820327845,0.3022435742410496,,,2120,https://sakenowa.com/brands/2120,2026-09-28T20:22:25.354016+00:00
sn_3194,594,長龍酒造,四季咲,,奈良県,奈良縣,,,,,,,,,,0.5492979906673954,0.46614350498460283,0.16885358006963827,0.27778513350587913,0.273071439806954,0.5483956847678286,,,3194,https://sakenowa.com/brands/3194,2026-09-28T20:22:25.354022+00:00
sn_3604,594,長龍酒造,ふた穂,,奈良県,奈良縣,,,,,,,,,,,,,,,,,,3604,https://sakenowa.com/brands/3604,2026-09-28T20:22:25.354026+00:00
sn_3638,594,長龍酒造,山の神,,奈良県,奈良縣,,,,,,,,,,,,,,,,"酸味,甘甜","酸味,甘味",3638,https://sakenowa.com/brands/3638,2026-09-28T20:22:25.354031+00:00
sn_799,596,千代酒造,千代,,奈良県,奈良縣,,,,,,,,,,0.26450710127176025,0.5701753673994446,0.43624091492608985,0.37458097084573827,0.3451830789205418,0.3939132470980973,"酸味,辛口,純淨","酸味,辛口,綺麗",799,https://sakenowa.com/brands/799,2026-09-28T20:22:25.354207+00:00
sn_1101,596,千代酒造,篠峯,,奈良県,奈良縣,,,,,,,,,,0.39304347560377495,0.48383344223752484,0.2409396012570976,0.32280098173355987,0.3511132295604154,0.5708670258680811,"氣泡感,酸味,鮮味,辛口,鮮爽,清新,苦味,甘甜,果香,清爽,俐落,平衡,しっかり,多汁,ピチピチ,高雅,銳利,純淨,ほのか,輕快","ガス,酸味,旨味,辛口,フレッシュ,さわやか,苦味,甘味,フルーティ,スッキリ,キレ,バランス,しっかり,ジューシー,ピチピチ,上品,シャープ,綺麗,ほのか,軽快",1101,https://sakenowa.com/brands/1101,2026-09-28T20:22:25.354217+00:00
sn_1963,596,千代酒造,櫛羅,,奈良県,奈良縣,,,,,,,,,,0.3580211514878586,0.46960197484565747,0.2768973880215575,0.3655170315549252,0.3405424573734078,0.5701322751647743,"氣泡感,酸味,鮮味,辛口,鮮爽,果香,苦味,清爽,しっかり,清新,甘甜,控えめ,輕快,高雅,複雜,平衡,柑橘,俐落,穩重,優格","ガス,酸味,旨味,辛口,フレッシュ,フルーティ,苦味,スッキリ,しっかり,さわやか,甘味,控えめ,軽快,上品,複雑,バランス,柑橘,キレ,穏やか,ヨーグルト",1963,https://sakenowa.com/brands/1963,2026-09-28T20:22:25.354225+00:00
sn_2775,596,千代酒造,欅,,奈良県,奈良縣,,,,,,,,,,,,,,,,,,2775,https://sakenowa.com/brands/2775,2026-09-28T20:22:25.354230+00:00
sn_2793,596,千代酒造,どぶろく,,奈良県,奈良縣,,,,,,,,,,,,,,,,ピチピチ,ピチピチ,2793,https://sakenowa.com/brands/2793,2026-09-28T20:22:25.354235+00:00
sn_801,597,北岡本店,八咫烏,,奈良県,奈良縣,,,,,,,,,,0.297399541479945,0.6030978969530759,0.37356287523138926,0.4731446347106664,0.2575561930211987,0.34362214676602254,"櫻花,鮮味,酸味,甘甜,辛口,多汁,濃厚,香蕉,苦味,清爽,果香,ほのか,醇厚,しっかり,飴,冷酒,清新,平衡,甘酸っぱい,穩重","桜,旨味,酸味,甘味,辛口,ジューシー,濃厚,バナナ,苦味,スッキリ,フルーティ,ほのか,コク,しっかり,飴,冷酒,さわやか,バランス,甘酸っぱい,穏やか",801,https://sakenowa.com/brands/801,2026-09-28T20:22:25.354405+00:00
sn_1249,597,北岡本店,三輪の和,,奈良県,奈良縣,,,,,,,,,,,,,,,,,,1249,https://sakenowa.com/brands/1249,2026-09-28T20:22:25.354410+00:00
sn_803,598,梅乃宿酒造,風香,,奈良県,奈良縣,,,,,,,,,,,,,,,,,,803,https://sakenowa.com/brands/803,2026-09-28T20:22:25.354583+00:00
sn_804,598,梅乃宿酒造,山香,,奈良県,奈良縣,,,,,,,,,,,,,,,,,,804,https://sakenowa.com/brands/804,2026-09-28T20:22:25.354587+00:00
sn_805,598,梅乃宿酒造,梅乃宿,,奈良県,奈良縣,,,,,,,,,,0.38481202513371465,0.6380754699620841,0.32066078168918516,0.38463520780844684,0.20789290582306266,0.3883199192086749,"酸味,鮮味,甘甜,華麗,鮮爽,果香,清新,餘韻,醇厚,濃厚,多汁,辛口,苦味,檸檬,常溫,ジュース,穩重,鳳梨,水蜜桃,哈密瓜","酸味,旨味,甘味,華やか,フレッシュ,フルーティ,さわやか,余韻,コク,濃厚,ジューシー,辛口,苦味,レモン,常温,ジュース,穏やか,パイナップル,桃,メロン",805,https://sakenowa.com/brands/805,2026-09-28T20:22:25.354596+00:00
sn_1513,598,梅乃宿酒造,梅の宿,,奈良県,奈良縣,,,,,,,,,,0.38406606406445276,0.5837809437887019,0.2608109349765222,0.4317323212251733,0.22092136121704117,0.45658698981400886,"酸味,ジュース,鮮味,甘甜,果香,氣泡感,水蜜桃,常溫,鮮爽,華麗,平衡,ほのか,冷酒,清新,多汁,麝香葡萄,苦味,熱燗,純淨,辛口","酸味,ジュース,旨味,甘味,フルーティ,ガス,桃,常温,フレッシュ,華やか,バランス,ほのか,冷酒,さわやか,ジューシー,マスカット,苦味,熱燗,綺麗,辛口",1513,https://sakenowa.com/brands/1513,2026-09-28T20:22:25.354605+00:00
sn_1577,598,梅乃宿酒造,月うさぎ,,奈良県,奈良縣,,,,,,,,,,,,,,,,"水蜜桃,ジュース,氣泡感,多汁,清爽,甘甜,餘韻","桃,ジュース,ガス,ジューシー,スッキリ,甘味,余韻",1577,https://sakenowa.com/brands/1577,2026-09-28T20:22:25.354611+00:00
sn_1932,598,梅乃宿酒造,UK-01,,奈良県,奈良縣,,,,,,,,,,,,,,,,甘甜,甘味,1932,https://sakenowa.com/brands/1932,2026-09-28T20:22:25.354616+00:00
sn_2043,598,梅乃宿酒造,ゆず,,奈良県,奈良縣,,,,,,,,,,,,,,,,,,2043,https://sakenowa.com/brands/2043,2026-09-28T20:22:25.354621+00:00
sn_2044,598,梅乃宿酒造,ゆず酒,,奈良県,奈良縣,,,,,,,,,,,,,,,,"苦味,清爽","苦味,スッキリ",2044,https://sakenowa.com/brands/2044,2026-09-28T20:22:25.354625+00:00
sn_3527,598,梅乃宿酒造,#03:Low alc 12,,奈良県,奈良縣,,,,,,,,,,,,,,,,"優しい,鮮味","優しい,旨味",3527,https://sakenowa.com/brands/3527,2026-09-28T20:22:25.354632+00:00
sn_3924,598,梅乃宿酒造,鉄楽人,,奈良県,奈良縣,,,,,,,,,,,,,,,,"苦味,熱燗,常溫,酸味,鮮味","苦味,熱燗,常温,酸味,旨味",3924,https://sakenowa.com/brands/3924,2026-09-28T20:22:25.354638+00:00
sn_806,599,大倉本家,金鼓,,奈良県,奈良縣,,,,,,,,,,0.2983088415089279,0.5659036909626348,0.4720196384845122,0.37025136546134346,0.15234209736388346,0.45570617755545284,"氣泡感,優格,酸味,ピチピチ,カラメル,甘甜,苦味,紹興酒,しっかり,鮮爽,濃厚,熱燗,清新,鮮味,甘酸っぱい,醇厚,香ばしい,燗酒","ガス,ヨーグルト,酸味,ピチピチ,カラメル,甘味,苦味,紹興酒,しっかり,フレッシュ,濃厚,熱燗,さわやか,旨味,甘酸っぱい,コク,香ばしい,燗酒",806,https://sakenowa.com/brands/806,2026-09-28T20:22:25.354810+00:00
sn_807,599,大倉本家,大倉,,奈良県,奈良縣,,,,,,,,,,0.2449231698616489,0.6271981131453654,0.5626101007498449,0.3156247286454174,0.19265079866215729,0.3055679019602751,"酸味,濃厚,鮮味,甘甜,優格,起司,甘酸っぱい,しっかり,檸檬,巧克力,氣泡感,カラメル,苦味,紹興酒,果香,ワイン,辛口,穀物,複雜,蘋果","酸味,濃厚,旨味,甘味,ヨーグルト,チーズ,甘酸っぱい,しっかり,レモン,チョコレート,ガス,カラメル,苦味,紹興酒,フルーティ,ワイン,辛口,穀物,複雑,リンゴ",807,https://sakenowa.com/brands/807,2026-09-28T20:22:25.354818+00:00
sn_4156,599,大倉本家,彩葉,,奈良県,奈良縣,,,,,,,,,,,,,,,,,,4156,https://sakenowa.com/brands/4156,2026-09-28T20:22:25.354827+00:00
sn_809,600,今西酒造,三諸杉,,奈良県,奈良縣,,,,,,,,,,0.40226589612690933,0.5592116748364733,0.27285270838661874,0.4246569139045956,0.21910152921894818,0.471886508000421,"鮮味,酸味,氣泡感,甘甜,清新,果香,哈密瓜,純淨,ラムネ,輕快,鮮爽,餘韻,苦味,香蕉,平衡,しっかり,清爽,華麗,穩重,辛口","旨味,酸味,ガス,甘味,さわやか,フルーティ,メロン,綺麗,ラムネ,軽快,フレッシュ,余韻,苦味,バナナ,バランス,しっかり,スッキリ,華やか,穏やか,辛口",809,https://sakenowa.com/brands/809,2026-09-28T20:22:25.355014+00:00
sn_1240,600,今西酒造,切辛,,奈良県,奈良縣,,,,,,,,,,,,,,,,,,1240,https://sakenowa.com/brands/1240,2026-09-28T20:22:25.355019+00:00
sn_3242,600,今西酒造,みむろ杉,,奈良県,奈良縣,,,,,,,,,,0.4957454992634568,0.4958019858750821,0.19408398172222968,0.33212283197051345,0.20079264770744534,0.5657958429607943,"ラムネ,氣泡感,華麗,哈密瓜,酸味,鮮味,甘甜,多汁,果香,清新,輕快,純淨,鮮爽,苦味,香蕉,平衡,水蜜桃,穩定,清爽,辛口","ラムネ,ガス,華やか,メロン,酸味,旨味,甘味,ジューシー,フルーティ,さわやか,軽快,綺麗,フレッシュ,苦味,バナナ,バランス,桃,安定,スッキリ,辛口",3242,https://sakenowa.com/brands/3242,2026-09-28T20:22:25.355028+00:00
sn_7994,600,今西酒造,今西,,奈良県,奈良縣,,,,,,,,,,0.3996484498051657,0.5717554426305326,0.22372987652541618,0.44986682132012734,0.22700460680739318,0.4576139467981273,"香蕉,果香,酸味,鮮味,苦味,甘甜,ラムネ,純淨,平衡,高雅,西洋梨,鮮爽,控えめ,哈密瓜,多汁,蘋果,餘韻,穩重,清爽,ふくよか","バナナ,フルーティ,酸味,旨味,苦味,甘味,ラムネ,綺麗,バランス,上品,洋梨,フレッシュ,控えめ,メロン,ジューシー,リンゴ,余韻,穏やか,スッキリ,ふくよか",7994,https://sakenowa.com/brands/7994,2026-09-28T20:22:25.355036+00:00
sn_811,601,今西清兵衛商店,春鹿,,奈良県,奈良縣,,,,,,,,,,0.3171623212657324,0.495462938616608,0.28196611470298705,0.3609694797670717,0.4910088843552951,0.4505895679516864,"辛口,鮮味,甘甜,果香,清爽,しっかり,鮮爽,俐落,酸味,華麗,清新,氣泡感,苦味,餘韻,濃厚,櫻花,柔らかい,キリリ,平衡,醇厚","辛口,旨味,甘味,フルーティ,スッキリ,しっかり,フレッシュ,キレ,酸味,華やか,さわやか,ガス,苦味,余韻,濃厚,桜,柔らかい,キリリ,バランス,コク",811,https://sakenowa.com/brands/811,2026-09-28T20:22:25.355208+00:00
sn_2919,601,今西清兵衛商店,奈良の八重桜,,奈良県,奈良縣,,,,,,,,,,,,,,,,ワイン,ワイン,2919,https://sakenowa.com/brands/2919,2026-09-28T20:22:25.355216+00:00
sn_3098,601,今西清兵衛商店,白滴,,奈良県,奈良縣,,,,,,,,,,0.3464400263111215,0.5503600867550134,0.2511639638122598,0.4243697852085379,0.4073925246723389,0.409806494094267,甘甜,甘味,3098,https://sakenowa.com/brands/3098,2026-09-28T20:22:25.355222+00:00
sn_102522,601,今西清兵衛商店,鹿鳴,,奈良県,奈良縣,,,,,,,,,,,,,,,,,,102522,https://sakenowa.com/brands/102522,2026-09-28T20:22:25.355226+00:00
sn_812,602,尾崎酒造,太平洋,,和歌山県,和歌山縣,,,,,,,,,,0.10921233319540051,0.5811562151483526,0.48517410280972584,0.4718313661535606,0.3265004430921342,0.29276070844555124,"鮮味,常溫,辛口,濃厚,酸味,甘甜","旨味,常温,辛口,濃厚,酸味,甘味",812,https://sakenowa.com/brands/812,2026-09-28T20:22:25.355395+00:00
sn_813,602,尾崎酒造,熊野那智の滝,,和歌山県,和歌山縣,,,,,,,,,,,,,,,,,,813,https://sakenowa.com/brands/813,2026-09-28T20:22:25.355400+00:00
sn_814,602,尾崎酒造,熊野三山,,和歌山県,和歌山縣,,,,,,,,,,,,,,,,,,814,https://sakenowa.com/brands/814,2026-09-28T20:22:25.355407+00:00
sn_3291,602,尾崎酒造,熊野川,,和歌山県,和歌山縣,,,,,,,,,,,,,,,,"滑順,辛口,清爽,酸味,鮮味","なめらか,辛口,スッキリ,酸味,旨味",3291,https://sakenowa.com/brands/3291,2026-09-28T20:22:25.355413+00:00
sn_815,603,世界一統,南方,,和歌山県,和歌山縣,,,,,,,,,,0.2321157103052443,0.46447497585850106,0.26640682061803794,0.3641229348173981,0.6002871566573869,0.4080226925687839,"辛口,鮮味,苦味,果香,清爽,しっかり,俐落,ほのか,甘甜,酸味,ピリリ,華麗,穩重,常溫,清新,厚み,鮮爽,純淨,ツン,餘韻","辛口,旨味,苦味,フルーティ,スッキリ,しっかり,キレ,ほのか,甘味,酸味,ピリリ,華やか,穏やか,常温,さわやか,厚み,フレッシュ,綺麗,ツン,余韻",815,https://sakenowa.com/brands/815,2026-09-28T20:22:25.355586+00:00
sn_816,603,世界一統,熊楠,,和歌山県,和歌山縣,,,,,,,,,,,,,,,,"醇厚,辛口","コク,辛口",816,https://sakenowa.com/brands/816,2026-09-28T20:22:25.355592+00:00
sn_817,603,世界一統,紀州,,和歌山県,和歌山縣,,,,,,,,,,,,,,,,"ミルク,苦味,薄い,とろみ,穩重,ほのか,圓潤,甘甜,鮮味","ミルク,苦味,薄い,とろみ,穏やか,ほのか,まろやか,甘味,旨味",817,https://sakenowa.com/brands/817,2026-09-28T20:22:25.355600+00:00
sn_818,603,世界一統,紀州五十五万石,,和歌山県,和歌山縣,,,,,,,,,,,,,,,,,,818,https://sakenowa.com/brands/818,2026-09-28T20:22:25.355606+00:00
sn_1530,603,世界一統,いち辛,,和歌山県,和歌山縣,,,,,,,,,,,,,,,,"あっさり,さっぱり,辛口,清爽,甘甜","あっさり,さっぱり,辛口,スッキリ,甘味",1530,https://sakenowa.com/brands/1530,2026-09-28T20:22:25.355612+00:00
sn_819,604,平和酒造,紀土,,和歌山県,和歌山縣,,,,,,,,,,0.4424976109177776,0.49941279564535074,0.21565445117958698,0.3788424597511119,0.2846277693017567,0.5326737324068255,"果香,清新,氣泡感,甘甜,酸味,鮮味,穩定,華麗,苦味,清爽,鮮爽,輕快,平衡,柔らかい,蘋果,優しい,餘韻,辛口,しっかり,純淨","フルーティ,さわやか,ガス,甘味,酸味,旨味,安定,華やか,苦味,スッキリ,フレッシュ,軽快,バランス,柔らかい,リンゴ,優しい,余韻,辛口,しっかり,綺麗",819,https://sakenowa.com/brands/819,2026-09-28T20:22:25.355783+00:00
sn_3354,604,平和酒造,紀風,,和歌山県,和歌山縣,,,,,,,,,,,,,,,,,,3354,https://sakenowa.com/brands/3354,2026-09-28T20:22:25.355788+00:00
sn_822,606,田端酒造,羅生門,,和歌山県,和歌山縣,,,,,,,,,,,,,,,,,,822,https://sakenowa.com/brands/822,2026-09-28T20:22:25.355966+00:00
sn_823,606,田端酒造,七人の侍,,和歌山県,和歌山縣,,,,,,,,,,,,,,,,苦味,苦味,823,https://sakenowa.com/brands/823,2026-09-28T20:22:25.355973+00:00
sn_824,606,田端酒造,鳳凰,,和歌山県,和歌山縣,,,,,,,,,,,,,,,,"銳利,輕快,醇厚,甘甜","シャープ,軽快,コク,甘味",824,https://sakenowa.com/brands/824,2026-09-28T20:22:25.355979+00:00
sn_1610,606,田端酒造,さとこのお酒,,和歌山県,和歌山縣,,,,,,,,,,,,,,,,,,1610,https://sakenowa.com/brands/1610,2026-09-28T20:22:25.355984+00:00
sn_2411,606,田端酒造,さとこのこころ,,和歌山県,和歌山縣,,,,,,,,,,,,,,,,"薄い,ワイン,輕快","薄い,ワイン,軽快",2411,https://sakenowa.com/brands/2411,2026-09-28T20:22:25.355989+00:00
sn_3419,606,田端酒造,海山のめぐみ 青,,和歌山県,和歌山縣,,,,,,,,,,,,,,,,甘甜,甘味,3419,https://sakenowa.com/brands/3419,2026-09-28T20:22:25.355994+00:00
sn_825,607,天長島村酒造,熊野路,,和歌山県,和歌山縣,,,,,,,,,,,,,,,,"ミルク,まったり,柑橘,穩重,ほのか,甘甜","ミルク,まったり,柑橘,穏やか,ほのか,甘味",825,https://sakenowa.com/brands/825,2026-09-28T20:22:25.356163+00:00
sn_826,607,天長島村酒造,吉宗,,和歌山県,和歌山縣,,,,,,,,,,,,,,,,"醇厚,甘甜","コク,甘味",826,https://sakenowa.com/brands/826,2026-09-28T20:22:25.356168+00:00
sn_827,607,天長島村酒造,天長,,和歌山県,和歌山縣,,,,,,,,,,,,,,,,"輕快,俐落","軽快,キレ",827,https://sakenowa.com/brands/827,2026-09-28T20:22:25.356173+00:00
sn_828,607,天長島村酒造,世界王,,和歌山県,和歌山縣,,,,,,,,,,,,,,,,,,828,https://sakenowa.com/brands/828,2026-09-28T20:22:25.356177+00:00
sn_829,607,天長島村酒造,八代将軍,,和歌山県,和歌山縣,,,,,,,,,,,,,,,,,,829,https://sakenowa.com/brands/829,2026-09-28T20:22:25.356181+00:00
sn_830,608,名手酒造店,黒牛,,和歌山県,和歌山縣,,,,,,,,,,0.1912691672641218,0.5995215411671536,0.46687651216872356,0.4220263989175363,0.33266478626532187,0.3118400364154068,"鮮味,辛口,しっかり,酸味,濃厚,どっしり,甘甜,苦味,俐落,清爽,餘韻,平衡,常溫,鮮爽,果香,圓潤,醇厚,清新,キリリ,芳醇","旨味,辛口,しっかり,酸味,濃厚,どっしり,甘味,苦味,キレ,スッキリ,余韻,バランス,常温,フレッシュ,フルーティ,まろやか,コク,さわやか,キリリ,芳醇",830,https://sakenowa.com/brands/830,2026-09-28T20:22:25.356354+00:00
sn_2631,608,名手酒造店,一摑,,和歌山県,和歌山縣,,,,,,,,,,,,,,,,,,2631,https://sakenowa.com/brands/2631,2026-09-28T20:22:25.356364+00:00
sn_4073,608,名手酒造店,笑ふ門,,和歌山県,和歌山縣,,,,,,,,,,,,,,,,"昔ながら,常溫,どっしり,しっかり,辛口","昔ながら,常温,どっしり,しっかり,辛口",4073,https://sakenowa.com/brands/4073,2026-09-28T20:22:25.356372+00:00
sn_831,609,吉村秀雄商店,日本城,,和歌山県,和歌山縣,,,,,,,,,,,,,,,,,,831,https://sakenowa.com/brands/831,2026-09-28T20:22:25.356538+00:00
sn_2067,609,吉村秀雄商店,車坂,,和歌山県,和歌山縣,,,,,,,,,,0.25944688427236867,0.5830436947552726,0.469169871911664,0.4073348904473155,0.2825383494878268,0.356198489091183,"酸味,鮮味,しっかり,紹興酒,常溫,清爽,辛口,清新,果香,純淨,甘甜,濃厚,鮮爽,苦味,冷酒,餘韻,蘋果,輕快,俐落,平衡","酸味,旨味,しっかり,紹興酒,常温,スッキリ,辛口,さわやか,フルーティ,綺麗,甘味,濃厚,フレッシュ,苦味,冷酒,余韻,リンゴ,軽快,キレ,バランス",2067,https://sakenowa.com/brands/2067,2026-09-28T20:22:25.356548+00:00
sn_832,610,中川酒造,福寿海,,鳥取県,鳥取縣,,,,,,,,,,,,,,,,,,832,https://sakenowa.com/brands/832,2026-09-28T20:22:25.356715+00:00
sn_833,610,中川酒造,いなば鶴,,鳥取県,鳥取縣,,,,,,,,,,0.2286182557255447,0.55450341330444,0.4502944223429536,0.39788494035540006,0.3448501366957822,0.400325553080041,"辛口,酸味,常溫,力道強勁","辛口,酸味,常温,力強い",833,https://sakenowa.com/brands/833,2026-09-28T20:22:25.356724+00:00
sn_834,611,山根酒造場,日置桜,,鳥取県,鳥取縣,,,,,,,,,,0.11517361978458424,0.6375793012585125,0.5379844552436025,0.4288281213210307,0.24324061872832306,0.2184967770783023,"常溫,燗酒,鮮味,熱燗,酸味,辛口,しっかり,紹興酒,冷酒,渋み,力道強勁,苦味,甘甜,どっしり,俐落,燗冷まし,清爽,濃厚,辛香料,複雜","常温,燗酒,旨味,熱燗,酸味,辛口,しっかり,紹興酒,冷酒,渋み,力強い,苦味,甘味,どっしり,キレ,燗冷まし,スッキリ,濃厚,スパイス,複雑",834,https://sakenowa.com/brands/834,2026-09-28T20:22:25.356908+00:00
sn_835,613,太田酒造場,辨天娘,,鳥取県,鳥取縣,,,,,,,,,,0.12614599566430842,0.65369756594998,0.4730608543453192,0.48304705349436866,0.22726895210473555,0.21907641510357215,"熱燗,常溫,鮮味,酸味,燗酒,冷酒,辛口,燗冷まし,紹興酒,俐落,苦味,甘甜,圓潤,しっかり,味噌,輕快,餘韻,醇厚,力道強勁,濃厚","熱燗,常温,旨味,酸味,燗酒,冷酒,辛口,燗冷まし,紹興酒,キレ,苦味,甘味,まろやか,しっかり,味噌,軽快,余韻,コク,力強い,濃厚",835,https://sakenowa.com/brands/835,2026-09-28T20:22:25.357088+00:00
sn_836,614,稲田本店,いなたひめ,,鳥取県,鳥取縣,,,,,,,,,,0.2689248584163572,0.629324050524902,0.43628963190109726,0.34486779946498614,0.3159308231567238,0.3500513289847235,"鮮味,辛口,果香,しっかり,醇厚,鮮爽,甘甜,熱燗,俐落,酸味,清爽,濃厚,力道強勁,どっしり,常溫,梨子,冷酒,苦味,芳醇,哈密瓜","旨味,辛口,フルーティ,しっかり,コク,フレッシュ,甘味,熱燗,キレ,酸味,スッキリ,濃厚,力強い,どっしり,常温,梨,冷酒,苦味,芳醇,メロン",836,https://sakenowa.com/brands/836,2026-09-28T20:22:25.357259+00:00
sn_3914,614,稲田本店,トップ水雷,,鳥取県,鳥取縣,,,,,,,,,,,,,,,,,,3914,https://sakenowa.com/brands/3914,2026-09-28T20:22:25.357264+00:00
sn_837,616,千代むすび酒造,千代むすび,,鳥取県,鳥取縣,,,,,,,,,,0.3313179384805384,0.5466227973709383,0.3476842230952231,0.35547846989160903,0.3744509651204445,0.45162944347101097,"辛口,鮮味,氣泡感,しっかり,甘甜,果香,酸味,苦味,清爽,濃厚,餘韻,清新,鮮爽,香蕉,華麗,平衡,俐落,控えめ,冷酒,蘋果","辛口,旨味,ガス,しっかり,甘味,フルーティ,酸味,苦味,スッキリ,濃厚,余韻,さわやか,フレッシュ,バナナ,華やか,バランス,キレ,控えめ,冷酒,リンゴ",837,https://sakenowa.com/brands/837,2026-09-28T20:22:25.357440+00:00
sn_838,617,大谷酒造,鷹勇,,鳥取県,鳥取縣,,,,,,,,,,0.24689308509417524,0.5357082593315202,0.3695732536382096,0.3670500884373023,0.4541614005812996,0.417717285268567,"辛口,鮮味,清爽,酸味,常溫,俐落,しっかり,甘甜,冷酒,苦味,キリリ,餘韻,果香,醇厚,濃厚,熱燗,清新,力道強勁,輕快,ツン","辛口,旨味,スッキリ,酸味,常温,キレ,しっかり,甘味,冷酒,苦味,キリリ,余韻,フルーティ,コク,濃厚,熱燗,さわやか,力強い,軽快,ツン",838,https://sakenowa.com/brands/838,2026-09-28T20:22:25.357611+00:00
sn_839,618,諏訪酒造,諏訪泉,,鳥取県,鳥取縣,,,,,,,,,,0.11489373703144726,0.5926362571073696,0.5374330149158963,0.47081326859780687,0.2704450679556687,0.22790739733898374,"常溫,鮮味,熱燗,燗酒,紹興酒,酸味,辛口,しっかり,濃厚,渋み,圓潤,辛香料,冷酒,甘甜,穩重,清爽,苦味,優しい,アミノ酸,甘辛い","常温,旨味,熱燗,燗酒,紹興酒,酸味,辛口,しっかり,濃厚,渋み,まろやか,スパイス,冷酒,甘味,穏やか,スッキリ,苦味,優しい,アミノ酸,甘辛い",839,https://sakenowa.com/brands/839,2026-09-28T20:22:25.357782+00:00
sn_1433,618,諏訪酒造,鵬,,鳥取県,鳥取縣,,,,,,,,,,,,,,,,,,1433,https://sakenowa.com/brands/1433,2026-09-28T20:22:25.357787+00:00
sn_1695,618,諏訪酒造,満天星,,鳥取県,鳥取縣,,,,,,,,,,0.08438528441980714,0.7031995628250843,0.6525534036827657,0.22927813430371569,0.11592994258138123,0.08096505111046852,"焦糖,蜂蜜","キャラメル,ハチミツ",1695,https://sakenowa.com/brands/1695,2026-09-28T20:22:25.357793+00:00
sn_125741,618,諏訪酒造,八上姫,,鳥取県,鳥取縣,,,,,,,,,,,,,,,,,,125741,https://sakenowa.com/brands/125741,2026-09-28T20:22:25.357800+00:00
sn_840,620,米田酒造,豊の秋,,島根県,島根縣,,,,,,,,,,0.21033770702203627,0.5182501435592122,0.2909516812816182,0.5771529769954898,0.3778284711859757,0.3558961145776664,"辛口,鮮味,常溫,清爽,ふっくら,酸味,冷酒,穩重,甘甜,俐落,鮮爽,苦味,あっさり,輕快,純淨,熱燗,平衡,控えめ,圓潤,果香","辛口,旨味,常温,スッキリ,ふっくら,酸味,冷酒,穏やか,甘味,キレ,フレッシュ,苦味,あっさり,軽快,綺麗,熱燗,バランス,控えめ,まろやか,フルーティ",840,https://sakenowa.com/brands/840,2026-09-28T20:22:25.357985+00:00
sn_3077,620,米田酒造,美保,,島根県,島根縣,,,,,,,,,,,,,,,,,,3077,https://sakenowa.com/brands/3077,2026-09-28T20:22:25.357992+00:00
sn_841,621,桑原酒場,扶桑鶴,,島根県,島根縣,,,,,,,,,,0.11992480632074098,0.6099793955791922,0.5184925408358153,0.5105060745559824,0.21095709828176282,0.19897063457047395,"熱燗,鮮味,常溫,酸味,しっかり,燗冷まし,優しい,燗酒,辛口,煙燻,冷酒,濃厚,渋み,甘甜,高雅,心地よい","熱燗,旨味,常温,酸味,しっかり,燗冷まし,優しい,燗酒,辛口,スモーキー,冷酒,濃厚,渋み,甘味,上品,心地よい",841,https://sakenowa.com/brands/841,2026-09-28T20:22:25.358158+00:00
sn_1398,621,桑原酒場,高津川,,島根県,島根縣,,,,,,,,,,,,,,,,常溫,常温,1398,https://sakenowa.com/brands/1398,2026-09-28T20:22:25.358163+00:00
sn_1514,621,桑原酒場,凌雲,,島根県,島根縣,,,,,,,,,,,,,,,,"落ち着く,常溫","落ち着く,常温",1514,https://sakenowa.com/brands/1514,2026-09-28T20:22:25.358168+00:00
sn_842,623,右田本店,宗味,,島根県,島根縣,,,,,,,,,,,,,,,,,,842,https://sakenowa.com/brands/842,2026-09-28T20:22:25.358330+00:00
sn_843,624,都錦酒造,都錦,,島根県,島根縣,,,,,,,,,,,,,,,,,,843,https://sakenowa.com/brands/843,2026-09-28T20:22:25.358493+00:00
sn_844,627,富士酒造,出雲富士,,島根県,島根縣,,,,,,,,,,0.30399916759984474,0.47023027068741685,0.2892627839308647,0.44106166753354953,0.42450561874230863,0.47755065233872335,"辛口,鮮味,清爽,酸味,氣泡感,苦味,甘甜,しっかり,清新,俐落,果香,優しい,穩重,平衡,餘韻,控えめ,華麗,純淨,輕快,鮮爽","辛口,旨味,スッキリ,酸味,ガス,苦味,甘味,しっかり,さわやか,キレ,フルーティ,優しい,穏やか,バランス,余韻,控えめ,華やか,綺麗,軽快,フレッシュ",844,https://sakenowa.com/brands/844,2026-09-28T20:22:25.358661+00:00
sn_845,628,國暉酒造,國暉,,島根県,島根縣,,,,,,,,,,0.36657674199435675,0.6072823165322602,0.4040388657722342,0.3481212908848317,0.24388466279603552,0.3910423420641858,"果香,酸味,哈密瓜,甘甜,苦味,冷酒,鮮味,華麗,ほのか","フルーティ,酸味,メロン,甘味,苦味,冷酒,旨味,華やか,ほのか",845,https://sakenowa.com/brands/845,2026-09-28T20:22:25.358824+00:00
sn_846,629,李白酒造,李白,,島根県,島根縣,,,,,,,,,,0.33754552739352983,0.4636351138835478,0.3171948255024557,0.38124893067438,0.4243528767587719,0.4950422503498831,"辛口,花香,清爽,鮮味,しっかり,酸味,さっぱり,氣泡感,甘甜,苦味,清新,ラムネ,常溫,鮮爽,キリリ,圓潤,冷酒,俐落,果香,餘韻","辛口,花,スッキリ,旨味,しっかり,酸味,さっぱり,ガス,甘味,苦味,さわやか,ラムネ,常温,フレッシュ,キリリ,まろやか,冷酒,キレ,フルーティ,余韻",846,https://sakenowa.com/brands/846,2026-09-28T20:22:25.359036+00:00
sn_848,630,吉田酒造,月山,,島根県,島根縣,,,,,,,,,,0.4184015246243326,0.526570070518861,0.23085879330725095,0.32425400737923393,0.3634884886069194,0.5070540404407413,"果香,辛口,鮮味,酸味,清爽,甘甜,氣泡感,華麗,清新,鮮爽,苦味,平衡,芳醇,しっかり,柔らかい,俐落,荔枝,ワイン,優しい,餘韻","フルーティ,辛口,旨味,酸味,スッキリ,甘味,ガス,華やか,さわやか,フレッシュ,苦味,バランス,芳醇,しっかり,柔らかい,キレ,ライチ,ワイン,優しい,余韻",848,https://sakenowa.com/brands/848,2026-09-28T20:22:25.359209+00:00
sn_1930,630,吉田酒造,智則,,島根県,島根縣,,,,,,,,,,0.4793422477970781,0.5968446268690245,0.29672367938784855,0.25428060592633767,0.17558070627993672,0.48007848106005546,"氣泡感,鮮爽,平衡,甘甜,果香,鮮味,多汁,華麗,苦味,酸味,しっかり,哈密瓜,清新,濃厚","ガス,フレッシュ,バランス,甘味,フルーティ,旨味,ジューシー,華やか,苦味,酸味,しっかり,メロン,さわやか,濃厚",1930,https://sakenowa.com/brands/1930,2026-09-28T20:22:25.359218+00:00
sn_849,633,熊屋酒造,伊七,,岡山県,岡山縣,,,,,,,,,,0.32598101490030984,0.5871407939769434,0.36922835308995233,0.3948840964223173,0.32568931856670985,0.3881565501333862,"果香,鮮味,俐落,甘甜,清爽","フルーティ,旨味,キレ,甘味,スッキリ",849,https://sakenowa.com/brands/849,2026-09-28T20:22:25.359384+00:00
sn_850,633,熊屋酒造,備前伊七,,岡山県,岡山縣,,,,,,,,,,,,,,,,,,850,https://sakenowa.com/brands/850,2026-09-28T20:22:25.359389+00:00
sn_851,635,室町酒造,櫻室町,,岡山県,岡山縣,,,,,,,,,,0.2855233693864645,0.5081023299416948,0.5744893109732034,0.40779308534049125,0.24211240745678053,0.32458718570442735,"煙燻,櫻花,荒々しい,鮮味,ほのか,苦味,濃厚,甘甜,辛口,さらり","スモーキー,桜,荒々しい,旨味,ほのか,苦味,濃厚,甘味,辛口,さらり",851,https://sakenowa.com/brands/851,2026-09-28T20:22:25.359555+00:00
sn_852,638,三冠酒造,三冠,,岡山県,岡山縣,,,,,,,,,,0.25137743760294917,0.6212595712318437,0.43011808473165025,0.3813248008752632,0.2954781364815589,0.36486768739175063,"ラム,飴,酸味,鮮味,辛口,餘韻,清爽,苦味,氣泡感,ツン,清新,甘甜,ふくよか,鮮爽,穀物,果香,醇厚,しっかり,圓潤","ラム,飴,酸味,旨味,辛口,余韻,スッキリ,苦味,ガス,ツン,さわやか,甘味,ふくよか,フレッシュ,穀物,フルーティ,コク,しっかり,まろやか",852,https://sakenowa.com/brands/852,2026-09-28T20:22:25.359721+00:00
sn_853,639,白菊酒造,大典白菊,,岡山県,岡山縣,,,,,,,,,,0.3569662632871284,0.5482800744359413,0.3258219925079836,0.41559241543327596,0.2826072415660439,0.46175769327455485,"氣泡感,鮮味,酸味,甘甜,辛口,果香,清新,鮮爽,圓潤,苦味,俐落,高雅,しっかり,水蜜桃,平衡,清爽,穩重,輕快,梨子,餘韻","ガス,旨味,酸味,甘味,辛口,フルーティ,さわやか,フレッシュ,まろやか,苦味,キレ,上品,しっかり,桃,バランス,スッキリ,穏やか,軽快,梨,余韻",853,https://sakenowa.com/brands/853,2026-09-28T20:22:25.359903+00:00
sn_854,640,平喜酒造,喜平,,岡山県,岡山縣,,,,,,,,,,0.326249145759863,0.5947257400991038,0.32817029884921495,0.4390070081250807,0.2969262420942457,0.388940480640168,"水蜜桃,甘甜,辛口,常溫,鮮味,さっぱり,苦味,熱燗,酸味,清爽,若い,ほのか,圓潤,冷酒","桃,甘味,辛口,常温,旨味,さっぱり,苦味,熱燗,酸味,スッキリ,若い,ほのか,まろやか,冷酒",854,https://sakenowa.com/brands/854,2026-09-28T20:22:25.360068+00:00
sn_855,642,十八盛酒造,ことのわ,,岡山県,岡山縣,,,,,,,,,,0.42964471537163207,0.5898153128432233,0.350697657323274,0.34149323459038095,0.18883800382560528,0.43847126185989344,"鳳梨,哈密瓜,穀物","パイナップル,メロン,穀物",855,https://sakenowa.com/brands/855,2026-09-28T20:22:25.360230+00:00
sn_856,642,十八盛酒造,倉敷,,岡山県,岡山縣,,,,,,,,,,,,,,,,"醤油,氣泡感,果香,清爽,甘甜","醤油,ガス,フルーティ,スッキリ,甘味",856,https://sakenowa.com/brands/856,2026-09-28T20:22:25.360239+00:00
sn_2180,642,十八盛酒造,十八盛,,岡山県,岡山縣,,,,,,,,,,0.39639807405376254,0.5734385359885964,0.28810770056656215,0.32968885976706924,0.3057325909441,0.47839691029945897,"氣泡感,鮮味,果香,酸味,苦味,甘甜,鮮爽,清新,鳳梨,餘韻,辛口,俐落,ピリリ,平衡,華麗,多汁,しっかり,香蕉,濃厚,優しい","ガス,旨味,フルーティ,酸味,苦味,甘味,フレッシュ,さわやか,パイナップル,余韻,辛口,キレ,ピリリ,バランス,華やか,ジューシー,しっかり,バナナ,濃厚,優しい",2180,https://sakenowa.com/brands/2180,2026-09-28T20:22:25.360248+00:00
sn_4173,642,十八盛酒造,多賀治,,岡山県,岡山縣,,,,,,,,,,0.401787482005217,0.5893208407796976,0.2931577040693996,0.2828806392500028,0.2721478454961341,0.501238885762765,"氣泡感,鮮味,酸味,鮮爽,多汁,苦味,果香,甘甜,しっかり,平衡,餘韻,清新,俐落,ピリリ,鳳梨,辛口,複雜,濃厚,華麗,純淨","ガス,旨味,酸味,フレッシュ,ジューシー,苦味,フルーティ,甘味,しっかり,バランス,余韻,さわやか,キレ,ピリリ,パイナップル,辛口,複雑,濃厚,華やか,綺麗",4173,https://sakenowa.com/brands/4173,2026-09-28T20:22:25.360257+00:00
sn_857,643,宮下酒造,おかやま,,岡山県,岡山縣,,,,,,,,,,,,,,,,"栗,芳醇,辛口,清爽","栗,芳醇,辛口,スッキリ",857,https://sakenowa.com/brands/857,2026-09-28T20:22:25.360421+00:00
sn_858,643,宮下酒造,極聖,,岡山県,岡山縣,,,,,,,,,,0.3230933626425271,0.6169779631353572,0.34707897023716144,0.39151805642870985,0.34389034755619236,0.35062529969865064,"辛口,甘甜,水蜜桃,鮮味,しっかり,果香,華麗,清爽,圓潤,酸味","辛口,甘味,桃,旨味,しっかり,フルーティ,華やか,スッキリ,まろやか,酸味",858,https://sakenowa.com/brands/858,2026-09-28T20:22:25.360428+00:00
sn_3483,643,宮下酒造,Honjozo Nigori Sake,,岡山県,岡山縣,,,,,,,,,,,,,,,,,,3483,https://sakenowa.com/brands/3483,2026-09-28T20:22:25.360435+00:00
sn_859,646,菊池酒造,燦然,,岡山県,岡山縣,,,,,,,,,,0.4780722910240258,0.6379387781767224,0.2698071551778924,0.3028048566028689,0.21932084629009385,0.3897341197131134,"鳳梨,果香,トロピカル,華麗,鮮味,苦味,甘甜,多汁,氣泡感,酸味,水蜜桃,鮮爽,しっかり,濃厚,清新,辛口,蘋果,ふくよか,圓潤,清爽","パイナップル,フルーティ,トロピカル,華やか,旨味,苦味,甘味,ジューシー,ガス,酸味,桃,フレッシュ,しっかり,濃厚,さわやか,辛口,リンゴ,ふくよか,まろやか,スッキリ",859,https://sakenowa.com/brands/859,2026-09-28T20:22:25.360600+00:00
sn_860,646,菊池酒造,倉敷小町,,岡山県,岡山縣,,,,,,,,,,,,,,,,清爽,スッキリ,860,https://sakenowa.com/brands/860,2026-09-28T20:22:25.360605+00:00
sn_2913,646,菊池酒造,木村式 奇跡のお酒,,岡山県,岡山縣,,,,,,,,,,0.3927211619940677,0.5715100607346367,0.276597056133047,0.34154788520621204,0.5037858432378287,0.26867317358450055,"蘋果,果香,鮮味,甘甜,ふくよか,鮮爽","リンゴ,フルーティ,旨味,甘味,ふくよか,フレッシュ",2913,https://sakenowa.com/brands/2913,2026-09-28T20:22:25.360611+00:00
sn_861,647,辻本店,炭屋彌兵衛,,岡山県,岡山縣,,,,,,,,,,,,,,,,,,861,https://sakenowa.com/brands/861,2026-09-28T20:22:25.360776+00:00
sn_1913,647,辻本店,GOZENSHU9,,岡山県,岡山縣,,,,,,,,,,0.26123645479137925,0.562999588743678,0.48931188991523594,0.43756816724706854,0.20964599548375748,0.3740902401022076,"酸味,清新,鮮味,常溫,焦糖,圓潤,丸み","酸味,さわやか,旨味,常温,キャラメル,まろやか,丸み",1913,https://sakenowa.com/brands/1913,2026-09-28T20:22:25.360785+00:00
sn_1956,647,辻本店,御前酒,,岡山県,岡山縣,,,,,,,,,,0.2687879841219986,0.5657903448672943,0.3949196974654139,0.4557928306066612,0.28036102137663743,0.4065997184709088,"優格,酸味,鮮味,氣泡感,苦味,甘甜,辛口,しっかり,輕快,濃厚,果香,清新,俐落,清爽,複雜,平衡,餘韻,醇厚,鮮爽,ふくよか","ヨーグルト,酸味,旨味,ガス,苦味,甘味,辛口,しっかり,軽快,濃厚,フルーティ,さわやか,キレ,スッキリ,複雑,バランス,余韻,コク,フレッシュ,ふくよか",1956,https://sakenowa.com/brands/1956,2026-09-28T20:22:25.360796+00:00
sn_3158,647,辻本店,9 NINE,,岡山県,岡山縣,,,,,,,,,,0.2546925953442617,0.48978969675987766,0.3274373564000188,0.4610615063847356,0.38729600434974243,0.47481217844891155,"酸味,清爽,優格","酸味,スッキリ,ヨーグルト",3158,https://sakenowa.com/brands/3158,2026-09-28T20:22:25.360802+00:00
sn_3499,647,辻本店,午前酒,,岡山県,岡山縣,,,,,,,,,,,,,,,,"ピチピチ,どっしり,平衡,俐落,清爽,苦味,果香,しっかり,酸味","ピチピチ,どっしり,バランス,キレ,スッキリ,苦味,フルーティ,しっかり,酸味",3499,https://sakenowa.com/brands/3499,2026-09-28T20:22:25.360809+00:00
sn_125739,647,辻本店,Ryok,,岡山県,岡山縣,,,,,,,,,,,,,,,,,,125739,https://sakenowa.com/brands/125739,2026-09-28T20:22:25.360816+00:00
sn_862,648,嘉美心酒造,嘉美心,,岡山県,岡山縣,,,,,,,,,,0.5363676264978798,0.5612430867020927,0.2190537007831,0.25603551992434476,0.1907470372757113,0.4973859903083068,"水蜜桃,荔枝,果香,氣泡感,甘甜,麝香葡萄,酸味,鮮味,ワイン,苦味,鮮爽,清新,清爽,しっかり,優しい,辛口,多汁,華麗,餘韻,平衡","桃,ライチ,フルーティ,ガス,甘味,マスカット,酸味,旨味,ワイン,苦味,フレッシュ,さわやか,スッキリ,しっかり,優しい,辛口,ジューシー,華やか,余韻,バランス",862,https://sakenowa.com/brands/862,2026-09-28T20:22:25.360996+00:00
sn_1807,648,嘉美心酒造,桃花源,,岡山県,岡山縣,,,,,,,,,,,,,,,,水蜜桃,桃,1807,https://sakenowa.com/brands/1807,2026-09-28T20:22:25.361003+00:00
sn_2566,648,嘉美心酒造,冬の月,,岡山県,岡山縣,,,,,,,,,,0.5727824793430134,0.5950462861733529,0.1511993587973453,0.22550340594573157,0.16391869526734523,0.46610919087373537,"水蜜桃,氣泡感,苦味,果香,鮮味,甘甜,酸味,鮮爽,清新,純淨,優しい,しっかり,餘韻,多汁,ピリリ,清爽,平衡,俐落,濃厚,華麗","桃,ガス,苦味,フルーティ,旨味,甘味,酸味,フレッシュ,さわやか,綺麗,優しい,しっかり,余韻,ジューシー,ピリリ,スッキリ,バランス,キレ,濃厚,華やか",2566,https://sakenowa.com/brands/2566,2026-09-28T20:22:25.361012+00:00
sn_3545,648,嘉美心酒造,神心,,岡山県,岡山縣,,,,,,,,,,0.4362639938478298,0.5920458520263667,0.266320429681732,0.30884645878119943,0.22653562533312388,0.491451259900405,"氣泡感,鮮味,苦味,甘甜,清新,果香,鳳梨,酸味,哈密瓜,鮮爽,平衡,水蜜桃,しっかり,餘韻,清爽,華麗,多汁,奶油感,俐落,辛口","ガス,旨味,苦味,甘味,さわやか,フルーティ,パイナップル,酸味,メロン,フレッシュ,バランス,桃,しっかり,余韻,スッキリ,華やか,ジューシー,クリーミー,キレ,辛口",3545,https://sakenowa.com/brands/3545,2026-09-28T20:22:25.361021+00:00
sn_863,651,天宝一,天寶一,,広島県,廣島縣,,,,,,,,,,0.3242911461996462,0.5506854255152545,0.31911846791608517,0.3673041941634853,0.4038001121277968,0.43792387061221594,"辛口,鮮味,酸味,鮮爽,俐落,清爽,甘甜,氣泡感,しっかり,果香,華麗,平衡,苦味,餘韻,清新,辛香,多汁,香蕉,純淨,冷酒","辛口,旨味,酸味,フレッシュ,キレ,スッキリ,甘味,ガス,しっかり,フルーティ,華やか,バランス,苦味,余韻,さわやか,スパイシー,ジューシー,バナナ,綺麗,冷酒",863,https://sakenowa.com/brands/863,2026-09-28T20:22:25.361188+00:00
sn_864,652,旭鳳酒造,旭鳳,,広島県,廣島縣,,,,,,,,,,0.3241700973793163,0.5786209514826955,0.33861430137750087,0.3709946448098421,0.34811115346712934,0.43201099028517276,"酸味,鮮味,果香,辛口,しっかり,爽快,甘甜,輕快,鮮爽,セメダイン,穀物,苦味,清爽,俐落,餘韻,ワイン,清新,穩重,芳醇,平衡","酸味,旨味,フルーティ,辛口,しっかり,爽快,甘味,軽快,フレッシュ,セメダイン,穀物,苦味,スッキリ,キレ,余韻,ワイン,さわやか,穏やか,芳醇,バランス",864,https://sakenowa.com/brands/864,2026-09-28T20:22:25.361356+00:00
sn_865,653,賀茂泉酒造,賀茂泉,,広島県,廣島縣,,,,,,,,,,0.29111659261323425,0.5969222623281406,0.3791087114224817,0.44687595457848717,0.2923642262496773,0.3606058341110048,"鮮味,鮮爽,果香,酸味,しっかり,甘甜,醇厚,辛口,濃厚,苦味,清爽,哈密瓜,熱燗,氣泡感,蘋果,餘韻,清新,俐落,柔らかい,常溫","旨味,フレッシュ,フルーティ,酸味,しっかり,甘味,コク,辛口,濃厚,苦味,スッキリ,メロン,熱燗,ガス,リンゴ,余韻,さわやか,キレ,柔らかい,常温",865,https://sakenowa.com/brands/865,2026-09-28T20:22:25.361523+00:00
sn_2389,653,賀茂泉酒造,造賀,,広島県,廣島縣,,,,,,,,,,,,,,,,,,2389,https://sakenowa.com/brands/2389,2026-09-28T20:22:25.361528+00:00
sn_8397,653,賀茂泉酒造,NAO,,広島県,廣島縣,,,,,,,,,,,,,,,,,,8397,https://sakenowa.com/brands/8397,2026-09-28T20:22:25.361535+00:00
sn_866,655,美和桜酒造,美和桜,,広島県,廣島縣,,,,,,,,,,0.33562072466783766,0.5125808790972002,0.32538482959020604,0.48499376306686715,0.3668817691854445,0.38590556028065615,"辛口,鮮味,酸味,櫻花,華麗,しっかり,果香,熱燗,平衡,甘甜,優しい,するする,控えめ,清爽,穀物,純淨,苦味","辛口,旨味,酸味,桜,華やか,しっかり,フルーティ,熱燗,バランス,甘味,優しい,するする,控えめ,スッキリ,穀物,綺麗,苦味",866,https://sakenowa.com/brands/866,2026-09-28T20:22:25.361701+00:00
sn_2723,655,美和桜酒造,御結,,広島県,廣島縣,,,,,,,,,,,,,,,,,,2723,https://sakenowa.com/brands/2723,2026-09-28T20:22:25.361706+00:00
sn_3115,655,美和桜酒造,拈華微笑,,広島県,廣島縣,,,,,,,,,,,,,,,,清淡,淡い,3115,https://sakenowa.com/brands/3115,2026-09-28T20:22:25.361714+00:00
sn_867,657,藤井酒造,龍勢,,広島県,廣島縣,,,,,,,,,,0.3240606383204639,0.5576578984202156,0.34313259884330505,0.38535648786603166,0.33422461073159265,0.453934662118673,"酸味,辛口,鮮味,清新,甘甜,苦味,熱燗,氣泡感,しっかり,果香,濃厚,優格,平衡,清爽,柑橘,水蜜桃,輕快,餘韻,圓潤,常溫","酸味,辛口,旨味,さわやか,甘味,苦味,熱燗,ガス,しっかり,フルーティ,濃厚,ヨーグルト,バランス,スッキリ,柑橘,桃,軽快,余韻,まろやか,常温",867,https://sakenowa.com/brands/867,2026-09-28T20:22:25.361892+00:00
sn_2289,657,藤井酒造,宝寿,,広島県,廣島縣,,,,,,,,,,,,,,,,,,2289,https://sakenowa.com/brands/2289,2026-09-28T20:22:25.361897+00:00
sn_3320,657,藤井酒造,夜の帝王,,広島県,廣島縣,,,,,,,,,,0.23088130919713737,0.5152600688750655,0.3477647603768085,0.4868324221458529,0.4164076322276986,0.3871168176357925,"熱燗,酸味,清爽,辛口,甘甜,餘韻,セメダイン,鮮味,優しい,苦味,ツン,しっかり,滑順,さっぱり,冷酒,醇厚","熱燗,酸味,スッキリ,辛口,甘味,余韻,セメダイン,旨味,優しい,苦味,ツン,しっかり,なめらか,さっぱり,冷酒,コク",3320,https://sakenowa.com/brands/3320,2026-09-28T20:22:25.361905+00:00
sn_4148,657,藤井酒造,ロイファー・1,,広島県,廣島縣,,,,,,,,,,,,,,,,,,4148,https://sakenowa.com/brands/4148,2026-09-28T20:22:25.361910+00:00
sn_123965,657,藤井酒造,多島海,,広島県,廣島縣,,,,,,,,,,,,,,,,,,123965,https://sakenowa.com/brands/123965,2026-09-28T20:22:25.361915+00:00
sn_868,658,中国醸造,一代,,広島県,廣島縣,,,,,,,,,,,,,,,,"氣泡感,鮮味,甘甜","ガス,旨味,甘味",868,https://sakenowa.com/brands/868,2026-09-28T20:22:25.362082+00:00
sn_1953,658,中国醸造,一代弥山,,広島県,廣島縣,,,,,,,,,,0.40032641249146983,0.460796470629173,0.2823133622659679,0.35240634255370296,0.33965194872408033,0.5551133803641815,"氣泡感,辛口,鮮味,果香,シャンパン,甘甜,清新,清爽,酸味,辛香,しっかり,苦味,ほのか,優しい,滑順","ガス,辛口,旨味,フルーティ,シャンパン,甘味,さわやか,スッキリ,酸味,スパイシー,しっかり,苦味,ほのか,優しい,なめらか",1953,https://sakenowa.com/brands/1953,2026-09-28T20:22:25.362091+00:00
sn_3020,658,中国醸造,はこさけ一代,,広島県,廣島縣,,,,,,,,,,,,,,,,,,3020,https://sakenowa.com/brands/3020,2026-09-28T20:22:25.362095+00:00
sn_3752,658,中国醸造,桜弥山,,広島県,廣島縣,,,,,,,,,,,,,,,,"梨子,辛口,清爽,常溫,俐落,餘韻,清新,酸味,甘甜","梨,辛口,スッキリ,常温,キレ,余韻,さわやか,酸味,甘味",3752,https://sakenowa.com/brands/3752,2026-09-28T20:22:25.362102+00:00
sn_869,659,賀茂鶴酒造,賀茂鶴,,広島県,廣島縣,,,,,,,,,,0.3481947196951031,0.5345007083897175,0.30433750687600913,0.47491615240749757,0.30795147471891215,0.4243449648773268,"櫻花,辛口,鮮味,清爽,甘甜,果香,しっかり,常溫,熱燗,冷酒,清新,圓潤,さっぱり,穩重,酸味,柔らかい,ふくよか,苦味,輕快,餘韻","桜,辛口,旨味,スッキリ,甘味,フルーティ,しっかり,常温,熱燗,冷酒,さわやか,まろやか,さっぱり,穏やか,酸味,柔らかい,ふくよか,苦味,軽快,余韻",869,https://sakenowa.com/brands/869,2026-09-28T20:22:25.362268+00:00
sn_2849,659,賀茂鶴酒造,南洲翁,,広島県,廣島縣,,,,,,,,,,,,,,,,"どっしり,圓潤","どっしり,まろやか",2849,https://sakenowa.com/brands/2849,2026-09-28T20:22:25.362276+00:00
sn_870,660,相原酒造,金泉,,広島県,廣島縣,,,,,,,,,,,,,,,,,,870,https://sakenowa.com/brands/870,2026-09-28T20:22:25.362438+00:00
sn_871,660,相原酒造,雨後の月,,広島県,廣島縣,,,,,,,,,,0.4170161320532744,0.5360173577056458,0.2425380050139911,0.349544506821799,0.3387211279820225,0.49299583079242004,"果香,辛口,鮮味,甘甜,哈密瓜,酸味,清爽,清新,氣泡感,苦味,餘韻,俐落,平衡,高雅,純淨,しっかり,華麗,輕快,麝香葡萄,鮮爽","フルーティ,辛口,旨味,甘味,メロン,酸味,スッキリ,さわやか,ガス,苦味,余韻,キレ,バランス,上品,綺麗,しっかり,華やか,軽快,マスカット,フレッシュ",871,https://sakenowa.com/brands/871,2026-09-28T20:22:25.362447+00:00
sn_3757,660,相原酒造,雨後の月 十三夜,,広島県,廣島縣,,,,,,,,,,0.4165395075373118,0.5317640074798685,0.29661239342370754,0.27588576748339383,0.18074428202956944,0.5890343919421837,"氣泡感,ピチピチ","ガス,ピチピチ",3757,https://sakenowa.com/brands/3757,2026-09-28T20:22:25.362453+00:00
sn_61442,660,相原酒造,UGO,,広島県,廣島縣,,,,,,,,,,0.5800504262387665,0.5079799360760353,0.12998482614085652,0.2122593333552256,0.2008608077249111,0.5506384874500102,"果香,麝香葡萄,苦味,氣泡感,甘甜,輕快,酸味,櫻花,清新,純淨,餘韻,多汁,トロピカル,蘋果,清爽,ブドウ,鳳梨,柑橘,平衡,高雅","フルーティ,マスカット,苦味,ガス,甘味,軽快,酸味,桜,さわやか,綺麗,余韻,ジューシー,トロピカル,リンゴ,スッキリ,ブドウ,パイナップル,柑橘,バランス,上品",61442,https://sakenowa.com/brands/61442,2026-09-28T20:22:25.362463+00:00
sn_872,661,今田酒造本店,富久長,,広島県,廣島縣,,,,,,,,,,0.4170736746067482,0.4539532424730423,0.21317734878863337,0.35536004284289724,0.3695563946283535,0.5582819473184423,"檸檬,酸味,辛口,清新,鮮味,柑橘,苦味,甘甜,清爽,果香,柔らかい,氣泡感,鮮爽,俐落,輕快,さっぱり,優しい,平衡,しっかり,餘韻","レモン,酸味,辛口,さわやか,旨味,柑橘,苦味,甘味,スッキリ,フルーティ,柔らかい,ガス,フレッシュ,キレ,軽快,さっぱり,優しい,バランス,しっかり,余韻",872,https://sakenowa.com/brands/872,2026-09-28T20:22:25.362630+00:00
sn_3255,661,今田酒造本店,海風土,,広島県,廣島縣,,,,,,,,,,0.5465732804794415,0.4130210759029678,0.20173430538914475,0.1568694250687257,0.24551641763615528,0.6364653817017641,"檸檬,酸味,ワイン,清新,柑橘,爽快,さっぱり,輕快,氣泡感,スイスイ,清爽,果香,ジュース,甘酸っぱい,鮮味","レモン,酸味,ワイン,さわやか,柑橘,爽快,さっぱり,軽快,ガス,スイスイ,スッキリ,フルーティ,ジュース,甘酸っぱい,旨味",3255,https://sakenowa.com/brands/3255,2026-09-28T20:22:25.362639+00:00
sn_3657,661,今田酒造本店,美穂,,広島県,廣島縣,,,,,,,,,,,,,,,,,,3657,https://sakenowa.com/brands/3657,2026-09-28T20:22:25.362643+00:00
sn_4183,661,今田酒造本店,温州みかん酒,,広島県,廣島縣,,,,,,,,,,,,,,,,,,4183,https://sakenowa.com/brands/4183,2026-09-28T20:22:25.362647+00:00
sn_873,662,中尾醸造,幻,,広島県,廣島縣,,,,,,,,,,0.3892561165994895,0.48379047467562714,0.2544212790066618,0.419902590005407,0.4961183823968264,0.3567136535743167,"蘋果,果香,鮮味,甘甜,辛口,清爽,平衡,酸味,清新,苦味,純淨,華麗,高雅,するする,しっかり,芳香,俐落,餘韻,冷酒,輕快","リンゴ,フルーティ,旨味,甘味,辛口,スッキリ,バランス,酸味,さわやか,苦味,綺麗,華やか,上品,するする,しっかり,芳香,キレ,余韻,冷酒,軽快",873,https://sakenowa.com/brands/873,2026-09-28T20:22:25.362816+00:00
sn_874,662,中尾醸造,誠鏡,,広島県,廣島縣,,,,,,,,,,0.28414360463730914,0.5471275805185617,0.3753658009101091,0.42938005495122755,0.35513436548655214,0.4105200225899807,"辛口,鮮味,酸味,甘甜,清爽,しっかり,氣泡感,熱燗,苦味,果香,鮮爽,俐落,常溫,さっぱり,冷酒,圓潤,高雅,清新,平衡,深み","辛口,旨味,酸味,甘味,スッキリ,しっかり,ガス,熱燗,苦味,フルーティ,フレッシュ,キレ,常温,さっぱり,冷酒,まろやか,上品,さわやか,バランス,深み",874,https://sakenowa.com/brands/874,2026-09-28T20:22:25.362826+00:00
sn_2658,662,中尾醸造,三十六石蔵,,広島県,廣島縣,,,,,,,,,,,,,,,,,,2658,https://sakenowa.com/brands/2658,2026-09-28T20:22:25.362831+00:00
sn_875,665,酔心山根本店,酔心,,広島県,廣島縣,,,,,,,,,,0.24940839086723285,0.5376498085715601,0.35273895159491214,0.4976034691595441,0.37932511202271985,0.3644264216615508,"辛口,鮮味,甘甜,清爽,柔らかい,冷酒,濃厚,しっかり,圓潤,果香,優しい,苦味,酸味,華麗,鮮爽,滑順,餘韻,醇厚,常溫,俐落","辛口,旨味,甘味,スッキリ,柔らかい,冷酒,濃厚,しっかり,まろやか,フルーティ,優しい,苦味,酸味,華やか,フレッシュ,なめらか,余韻,コク,常温,キレ",875,https://sakenowa.com/brands/875,2026-09-28T20:22:25.363010+00:00
sn_1986,665,酔心山根本店,橅のしずく,,広島県,廣島縣,,,,,,,,,,,,,,,,,,1986,https://sakenowa.com/brands/1986,2026-09-28T20:22:25.363017+00:00
sn_876,666,白牡丹酒造,白牡丹,,広島県,廣島縣,,,,,,,,,,0.3119980817419855,0.5949375632342847,0.3507732848784365,0.48930848820812645,0.28987744127599496,0.3197074723313858,"甘甜,華麗,熱燗,鮮味,辛口,酸味,果香,清爽,しっかり,柔らかい,優しい,圓潤,餘韻,冷酒,濃厚,清新,柑橘,鮮爽,ワイン,ほのか","甘味,華やか,熱燗,旨味,辛口,酸味,フルーティ,スッキリ,しっかり,柔らかい,優しい,まろやか,余韻,冷酒,濃厚,さわやか,柑橘,フレッシュ,ワイン,ほのか",876,https://sakenowa.com/brands/876,2026-09-28T20:22:25.363183+00:00
sn_122589,666,白牡丹酒造,藝陽男山,,広島県,廣島縣,,,,,,,,,,,,,,,,,,122589,https://sakenowa.com/brands/122589,2026-09-28T20:22:25.363191+00:00
sn_877,667,金光酒造,賀茂金秀,,広島県,廣島縣,,,,,,,,,,0.4130389959086041,0.448239567839687,0.20495231046595824,0.34874712228880106,0.37422845422518936,0.5699150259993796,"氣泡感,鮮味,酸味,辛口,鮮爽,清新,蘋果,櫻花,甘甜,平衡,苦味,清爽,輕快,果香,俐落,ピリリ,純淨,多汁,穩重,しっかり","ガス,旨味,酸味,辛口,フレッシュ,さわやか,リンゴ,桜,甘味,バランス,苦味,スッキリ,軽快,フルーティ,キレ,ピリリ,綺麗,ジューシー,穏やか,しっかり",877,https://sakenowa.com/brands/877,2026-09-28T20:22:25.363364+00:00
sn_1485,667,金光酒造,神のいたずら,,広島県,廣島縣,,,,,,,,,,,,,,,,"氣泡感,果香,濃厚,酸味,甘甜","ガス,フルーティ,濃厚,酸味,甘味",1485,https://sakenowa.com/brands/1485,2026-09-28T20:22:25.363373+00:00
sn_2796,667,金光酒造,桜吹雪,,広島県,廣島縣,,,,,,,,,,0.4052434171812647,0.5143093909500394,0.23783588819578608,0.39516789938520264,0.3587011308978376,0.4794512941749886,"氣泡感,甘甜,果香,清新","ガス,甘味,フルーティ,さわやか",2796,https://sakenowa.com/brands/2796,2026-09-28T20:22:25.363379+00:00
sn_878,668,山岡酒造,こわっぱ,,広島県,廣島縣,,,,,,,,,,,,,,,,,,878,https://sakenowa.com/brands/878,2026-09-28T20:22:25.363540+00:00
sn_879,668,山岡酒造,瑞冠,,広島県,廣島縣,,,,,,,,,,0.2365886206149528,0.555292534204107,0.3766167762233022,0.4043212506774313,0.40787869040021635,0.404963121886307,"辛口,鮮味,俐落,酸味,清新,醇厚,レーズン,清爽,柔らかい,熱燗,さっぱり,しっかり,純淨,甘甜,常溫,芳醇,濃厚,穀物,餘韻,苦味","辛口,旨味,キレ,酸味,さわやか,コク,レーズン,スッキリ,柔らかい,熱燗,さっぱり,しっかり,綺麗,甘味,常温,芳醇,濃厚,穀物,余韻,苦味",879,https://sakenowa.com/brands/879,2026-09-28T20:22:25.363548+00:00
sn_3680,668,山岡酒造,杜太,,広島県,廣島縣,,,,,,,,,,,,,,,,,,3680,https://sakenowa.com/brands/3680,2026-09-28T20:22:25.363556+00:00
sn_3882,668,山岡酒造,燗なら俺にまかせろ。,,広島県,廣島縣,,,,,,,,,,,,,,,,,,3882,https://sakenowa.com/brands/3882,2026-09-28T20:22:25.363560+00:00
sn_880,669,竹鶴酒造,竹鶴,,広島県,廣島縣,,,,,,,,,,0.07231666351930718,0.6228873658645107,0.6527732885462874,0.3437920247228473,0.19672797379511006,0.15418758525804624,"熱燗,紹興酒,鮮味,酸味,カラメル,燗酒,常溫,濃厚,辛口,どっしり,燗冷まし,しっかり,力道強勁,香ばしい,圓潤,醇厚,俐落,じっくり,堅果,ツン","熱燗,紹興酒,旨味,酸味,カラメル,燗酒,常温,濃厚,辛口,どっしり,燗冷まし,しっかり,力強い,香ばしい,まろやか,コク,キレ,じっくり,ナッツ,ツン",880,https://sakenowa.com/brands/880,2026-09-28T20:22:25.363732+00:00
sn_881,672,八百新酒造,雁木,,山口県,山口縣,,,,,,,,,,0.35817995857589296,0.5107202326244673,0.30093769550455834,0.3892024223306914,0.32712245172648974,0.511684317441291,"氣泡感,鮮味,果香,酸味,甘甜,辛口,しっかり,鮮爽,清新,平衡,苦味,清爽,俐落,餘韻,純淨,穩重,輕快,華麗,穩定,濃厚","ガス,旨味,フルーティ,酸味,甘味,辛口,しっかり,フレッシュ,さわやか,バランス,苦味,スッキリ,キレ,余韻,綺麗,穏やか,軽快,華やか,安定,濃厚",881,https://sakenowa.com/brands/881,2026-09-28T20:22:25.363911+00:00
sn_882,674,村重酒造,金冠黒松,,山口県,山口縣,,,,,,,,,,0.31135666735628525,0.6001478440106183,0.4169080904751058,0.4079400381962606,0.24594793840177648,0.3770434616207324,"鮮味,酸味","旨味,酸味",882,https://sakenowa.com/brands/882,2026-09-28T20:22:25.364078+00:00
sn_1087,674,村重酒造,協会八號酵母,,山口県,山口縣,,,,,,,,,,,,,,,,,,1087,https://sakenowa.com/brands/1087,2026-09-28T20:22:25.364088+00:00
sn_1502,674,村重酒造,臥龍錦松,,山口県,山口縣,,,,,,,,,,,,,,,,,,1502,https://sakenowa.com/brands/1502,2026-09-28T20:22:25.364093+00:00
sn_1718,674,村重酒造,錦,,山口県,山口縣,,,,,,,,,,,,,,,,"芳醇,辛口,酸味","芳醇,辛口,酸味",1718,https://sakenowa.com/brands/1718,2026-09-28T20:22:25.364099+00:00
sn_883,675,岩崎酒造,長陽福娘,,山口県,山口縣,,,,,,,,,,0.39195197082241356,0.4199460570629567,0.2045169143386184,0.2933086840158362,0.42789654883528105,0.5992214555995689,"氣泡感,辛口,鮮味,酸味,清新,鮮爽,甘甜,苦味,輕快,俐落,蘋果,果香,清爽,ピリリ,しっかり,平衡,さっぱり,多汁,プチプチ,華麗","ガス,辛口,旨味,酸味,さわやか,フレッシュ,甘味,苦味,軽快,キレ,リンゴ,フルーティ,スッキリ,ピリリ,しっかり,バランス,さっぱり,ジューシー,プチプチ,華やか",883,https://sakenowa.com/brands/883,2026-09-28T20:22:25.364264+00:00
sn_884,676,澄川酒造場,東洋美人,,山口県,山口縣,,,,,,,,,,0.48234062826546925,0.626316802320548,0.23800198710070916,0.35091780123802413,0.2026547178039502,0.3927054847052964,"果香,甘甜,華麗,鮮味,多汁,哈密瓜,酸味,高雅,苦味,純淨,平衡,穩定,清爽,鳳梨,餘韻,清新,水蜜桃,しっかり,麝香葡萄,辛口","フルーティ,甘味,華やか,旨味,ジューシー,メロン,酸味,上品,苦味,綺麗,バランス,安定,スッキリ,パイナップル,余韻,さわやか,桃,しっかり,マスカット,辛口",884,https://sakenowa.com/brands/884,2026-09-28T20:22:25.364433+00:00
sn_2319,676,澄川酒造場,環起,,山口県,山口縣,,,,,,,,,,,,,,,,,,2319,https://sakenowa.com/brands/2319,2026-09-28T20:22:25.364440+00:00
sn_885,677,酒井酒造,五橋,,山口県,山口縣,,,,,,,,,,0.43605176515601957,0.550246343210856,0.2756865862876272,0.32087967299817627,0.25417200577681176,0.5133396078274605,"氣泡感,酸味,甘甜,鮮味,甘酸っぱい,果香,鮮爽,水蜜桃,辛口,ジュース,清爽,いちご,平衡,清新,輕快,しっかり,柳橙,苦味,ワイン,華麗","ガス,酸味,甘味,旨味,甘酸っぱい,フルーティ,フレッシュ,桃,辛口,ジュース,スッキリ,いちご,バランス,さわやか,軽快,しっかり,オレンジ,苦味,ワイン,華やか",885,https://sakenowa.com/brands/885,2026-09-28T20:22:25.364608+00:00
sn_1879,677,酒井酒造,錦上花,,山口県,山口縣,,,,,,,,,,,,,,,,,,1879,https://sakenowa.com/brands/1879,2026-09-28T20:22:25.364613+00:00
sn_2589,677,酒井酒造,ねね,,山口県,山口縣,,,,,,,,,,,,,,,,"ジュース,シャンパン,氣泡感","ジュース,シャンパン,ガス",2589,https://sakenowa.com/brands/2589,2026-09-28T20:22:25.364620+00:00
sn_8396,677,酒井酒造,のの,,山口県,山口縣,,,,,,,,,,,,,,,,"氣泡感,優しい,酸味,甘甜","ガス,優しい,酸味,甘味",8396,https://sakenowa.com/brands/8396,2026-09-28T20:22:25.364626+00:00
sn_886,678,中村酒造,宝船,,山口県,山口縣,,,,,,,,,,,,,,,,,,886,https://sakenowa.com/brands/886,2026-09-28T20:22:25.364790+00:00
sn_887,679,獺祭,獺祭,,山口県,山口縣,,,,,,,,,,0.49586492048126807,0.5201254227519595,0.24652813610740854,0.40578916605688653,0.21043267528985574,0.46245501968496217,"穩定,果香,甘甜,華麗,氣泡感,鮮味,高雅,純淨,清爽,平衡,餘韻,苦味,シャンパン,清新,鮮爽,酸味,しっかり,哈密瓜,蜂蜜,辛口","安定,フルーティ,甘味,華やか,ガス,旨味,上品,綺麗,スッキリ,バランス,余韻,苦味,シャンパン,さわやか,フレッシュ,酸味,しっかり,メロン,ハチミツ,辛口",887,https://sakenowa.com/brands/887,2026-09-28T20:22:25.364966+00:00
sn_888,681,金光酒造,山頭火,,山口県,山口縣,,,,,,,,,,0.22521280316482548,0.6123369112974062,0.3288638656099376,0.42155681297305647,0.3824605002351172,0.377074365935138,ほのか,ほのか,888,https://sakenowa.com/brands/888,2026-09-28T20:22:25.365128+00:00
sn_889,682,永山酒造,山猿,,山口県,山口縣,,,,,,,,,,0.2435512243828921,0.5969330168838218,0.46076794210099453,0.47419729690929124,0.2577430590370373,0.2841691698790341,"鮮味,濃厚,しっかり,酸味,辛口,甘甜,俐落,常溫,華麗,果香,複雜,鮮爽,清爽,柔らかい,冷酒,優しい,苦味,ふくよか,輕快,醇厚","旨味,濃厚,しっかり,酸味,辛口,甘味,キレ,常温,華やか,フルーティ,複雑,フレッシュ,スッキリ,柔らかい,冷酒,優しい,苦味,ふくよか,軽快,コク",889,https://sakenowa.com/brands/889,2026-09-28T20:22:25.365294+00:00
sn_122591,682,永山酒造,男山,,山口県,山口縣,,,,,,,,,,,,,,,,,,122591,https://sakenowa.com/brands/122591,2026-09-28T20:22:25.365298+00:00
sn_890,683,本家松浦酒造場,鳴門鯛,,徳島県,德島縣,,,,,,,,,,0.44936110340667773,0.5530237859221194,0.29453412287530634,0.3551952098594498,0.2775863503861663,0.4497456196382158,"トロピカル,果香,ワイン,酸味,甘甜,鮮味,辛口,清爽,清新,華麗,氣泡感,しっかり,苦味,鳳梨,平衡,圓潤,蘋果,鮮爽,純淨,起司","トロピカル,フルーティ,ワイン,酸味,甘味,旨味,辛口,スッキリ,さわやか,華やか,ガス,しっかり,苦味,パイナップル,バランス,まろやか,リンゴ,フレッシュ,綺麗,チーズ",890,https://sakenowa.com/brands/890,2026-09-28T20:22:25.365466+00:00
sn_891,684,司菊酒造,司菊,,徳島県,德島縣,,,,,,,,,,,,,,,,俐落,キレ,891,https://sakenowa.com/brands/891,2026-09-28T20:22:25.365629+00:00
sn_892,685,芳水酒造,芳水,,徳島県,德島縣,,,,,,,,,,0.2664719406922954,0.555624943030426,0.3987330219566059,0.4151581382740717,0.3778496979933308,0.38230737719618463,"鮮味,辛口,酸味,甘甜,清爽,鮮爽,醇厚,清新,ピリリ,しっかり,柔らかい,果香,蘋果,ほのか,焦糖,控えめ,苦味,ツン,穩重,平衡","旨味,辛口,酸味,甘味,スッキリ,フレッシュ,コク,さわやか,ピリリ,しっかり,柔らかい,フルーティ,リンゴ,ほのか,キャラメル,控えめ,苦味,ツン,穏やか,バランス",892,https://sakenowa.com/brands/892,2026-09-28T20:22:25.365795+00:00
sn_893,687,真野武酒造,阿波踊,,徳島県,德島縣,,,,,,,,,,,,,,,,,,893,https://sakenowa.com/brands/893,2026-09-28T20:22:25.365966+00:00
sn_894,688,太閤酒造場,瓢太閤,,徳島県,德島縣,,,,,,,,,,0.3432732309406367,0.49940027997101166,0.24983016058292115,0.49241750285421554,0.38431748390613757,0.4244676838045948,"清爽,鮮味","スッキリ,旨味",894,https://sakenowa.com/brands/894,2026-09-28T20:22:25.366130+00:00
sn_895,688,太閤酒造場,阿波太閤,,徳島県,德島縣,,,,,,,,,,,,,,,,,,895,https://sakenowa.com/brands/895,2026-09-28T20:22:25.366135+00:00
sn_1825,688,太閤酒造場,笹がすみ,,徳島県,德島縣,,,,,,,,,,,,,,,,,,1825,https://sakenowa.com/brands/1825,2026-09-28T20:22:25.366141+00:00
sn_896,689,三芳菊酒造,三芳菊,,徳島県,德島縣,,,,,,,,,,0.4795429733812104,0.648322568449025,0.3380579207455993,0.2376216388252005,0.15895111186376343,0.39205066884374573,"鳳梨,酸味,果香,トロピカル,ワイン,甘甜,ジュース,甘酸っぱい,鮮味,ブドウ,苦味,多汁,鮮爽,蘋果,起司,優格,しっかり,堅果,濃厚,餘韻","パイナップル,酸味,フルーティ,トロピカル,ワイン,甘味,ジュース,甘酸っぱい,旨味,ブドウ,苦味,ジューシー,フレッシュ,リンゴ,チーズ,ヨーグルト,しっかり,ナッツ,濃厚,余韻",896,https://sakenowa.com/brands/896,2026-09-28T20:22:25.366310+00:00
sn_1579,689,三芳菊酒造,鶯雅,,徳島県,德島縣,,,,,,,,,,,,,,,,酸味,酸味,1579,https://sakenowa.com/brands/1579,2026-09-28T20:22:25.366315+00:00
sn_2702,689,三芳菊酒造,大地の夢,,徳島県,德島縣,,,,,,,,,,,,,,,,若い,若い,2702,https://sakenowa.com/brands/2702,2026-09-28T20:22:25.366320+00:00
sn_3297,689,三芳菊酒造,胡春,,徳島県,德島縣,,,,,,,,,,,,,,,,,,3297,https://sakenowa.com/brands/3297,2026-09-28T20:22:25.366325+00:00
sn_897,691,西野金陵,月中天,,香川県,香川縣,,,,,,,,,,0.3651153874102138,0.6193576679980367,0.327427358210485,0.33531368704904463,0.3582125622258282,0.3675957692966673,"酸味,蘋果,多汁,甘酸っぱい,清新,甘甜,鮮味,苦味","酸味,リンゴ,ジューシー,甘酸っぱい,さわやか,甘味,旨味,苦味",897,https://sakenowa.com/brands/897,2026-09-28T20:22:25.366492+00:00
sn_899,691,西野金陵,金陵,,香川県,香川縣,,,,,,,,,,0.40669541396833575,0.5763697832638661,0.29200567541995476,0.37415694898779633,0.2981799669235304,0.4338486874126163,"麝香葡萄,酸味,果香,鮮味,清新,辛口,甘甜,清爽,ワイン,しっかり,醇厚,苦味,華麗,圓潤,濃厚,鮮爽,蘋果,穩重,優しい,トロピカル","マスカット,酸味,フルーティ,旨味,さわやか,辛口,甘味,スッキリ,ワイン,しっかり,コク,苦味,華やか,まろやか,濃厚,フレッシュ,リンゴ,穏やか,優しい,トロピカル",899,https://sakenowa.com/brands/899,2026-09-28T20:22:25.366500+00:00
sn_1684,691,西野金陵,金戎,,香川県,香川縣,,,,,,,,,,,,,,,,"焦糖,甘酸っぱい","キャラメル,甘酸っぱい",1684,https://sakenowa.com/brands/1684,2026-09-28T20:22:25.366505+00:00
sn_2035,691,西野金陵,楠神,,香川県,香川縣,,,,,,,,,,,,,,,,,,2035,https://sakenowa.com/brands/2035,2026-09-28T20:22:25.366510+00:00
sn_900,692,川鶴酒造,悪乃代官,,香川県,香川縣,,,,,,,,,,,,,,,,"多汁,苦味,酸味,辛口","ジューシー,苦味,酸味,辛口",900,https://sakenowa.com/brands/900,2026-09-28T20:22:25.366672+00:00
sn_1965,692,川鶴酒造,川鶴,,香川県,香川縣,,,,,,,,,,0.3770647434888215,0.5447540173016779,0.3219398388180298,0.33047546849645976,0.21804711884723665,0.548325996755286,"氣泡感,カルピス,酸味,清新,鮮味,鮮爽,果香,甘甜,優格,麝香葡萄,清爽,輕快,苦味,平衡,レーズン,しっかり,ラム,甘酸っぱい,ジュース,俐落","ガス,カルピス,酸味,さわやか,旨味,フレッシュ,フルーティ,甘味,ヨーグルト,マスカット,スッキリ,軽快,苦味,バランス,レーズン,しっかり,ラム,甘酸っぱい,ジュース,キレ",1965,https://sakenowa.com/brands/1965,2026-09-28T20:22:25.366684+00:00
sn_3332,692,川鶴酒造,炙りいりこ酒,,香川県,香川縣,,,,,,,,,,,,,,,,"ツン,鮮味","ツン,旨味",3332,https://sakenowa.com/brands/3332,2026-09-28T20:22:25.366689+00:00
sn_70449,692,川鶴酒造,讃岐くらうでぃ,,香川県,香川縣,,,,,,,,,,0.27551679440613447,0.509610565178226,0.1558183880255646,0.24118466349019718,0.02158079255793375,0.7625433924057721,"カルピス,優格,ジュース,ヤクルト,奶油感,甘酸っぱい,ゴクゴク,酸味,辛香,清新,檸檬,甘甜,辛香料,グイグイ,さっぱり,輕快,氣泡感,するする,スイスイ,濃厚","カルピス,ヨーグルト,ジュース,ヤクルト,クリーミー,甘酸っぱい,ゴクゴク,酸味,スパイシー,さわやか,レモン,甘味,スパイス,グイグイ,さっぱり,軽快,ガス,するする,スイスイ,濃厚",70449,https://sakenowa.com/brands/70449,2026-09-28T20:22:25.366698+00:00
sn_901,693,丸尾本店,悦凱陣,,香川県,香川縣,,,,,,,,,,0.12586609273153104,0.6137797093797147,0.5821064643347783,0.3966339820278733,0.254956029539398,0.2150887410724515,"鮮味,酸味,しっかり,堅果,辛口,常溫,熱燗,濃厚,どっしり,複雜,冷酒,穀物,甘甜,苦味,醇厚,俐落,平衡,清爽,ふくよか,餘韻","旨味,酸味,しっかり,ナッツ,辛口,常温,熱燗,濃厚,どっしり,複雑,冷酒,穀物,甘味,苦味,コク,キレ,バランス,スッキリ,ふくよか,余韻",901,https://sakenowa.com/brands/901,2026-09-28T20:22:25.366878+00:00
sn_79103,693,丸尾本店,誉凱陣,,香川県,香川縣,,,,,,,,,,,,,,,,,,79103,https://sakenowa.com/brands/79103,2026-09-28T20:22:25.366886+00:00
sn_902,694,雪雀酒造,雪雀,,愛媛県,愛媛縣,,,,,,,,,,0.29747384435517105,0.47069684506157683,0.28749825003795626,0.4822954924909471,0.4333302671328926,0.4323360795818417,"辛口,清爽,圓潤,花香,巧克力,酸味,鮮味,果香,ふんわり","辛口,スッキリ,まろやか,花,チョコレート,酸味,旨味,フルーティ,ふんわり",902,https://sakenowa.com/brands/902,2026-09-28T20:22:25.367055+00:00
sn_903,695,首藤酒造,媛番長,,愛媛県,愛媛縣,,,,,,,,,,,,,,,,,,903,https://sakenowa.com/brands/903,2026-09-28T20:22:25.367218+00:00
sn_904,695,首藤酒造,寿喜心,,愛媛県,愛媛縣,,,,,,,,,,0.38126822880403183,0.45493767874056223,0.2652123325880458,0.5067519488348002,0.2668429962867691,0.4993254875277493,"花香,鮮味,優格,巧克力,酸味","花,旨味,ヨーグルト,チョコレート,酸味",904,https://sakenowa.com/brands/904,2026-09-28T20:22:25.367224+00:00
sn_1088,695,首藤酒造,寿㐂心,,愛媛県,愛媛縣,,,,,,,,,,0.38595134309580575,0.648844443501252,0.3025958336061577,0.3970092933600812,0.21751961293842137,0.3654408972147716,"哈密瓜,果香,穩重,酸味,甘甜,柔らかい,鮮味,鳳梨","メロン,フルーティ,穏やか,酸味,甘味,柔らかい,旨味,パイナップル",1088,https://sakenowa.com/brands/1088,2026-09-28T20:22:25.367232+00:00
sn_905,696,後藤酒造,久米の井,,愛媛県,愛媛縣,,,,,,,,,,,,,,,,,,905,https://sakenowa.com/brands/905,2026-09-28T20:22:25.367394+00:00
sn_906,698,成龍酒造,伊予賀儀屋,,愛媛県,愛媛縣,,,,,,,,,,0.3057950226118087,0.5283711300842652,0.3411082749850488,0.44275204499844173,0.3321487408743077,0.452334321449693,"鮮味,酸味,辛口,甘甜,しっかり,苦味,清爽,清新,清涼,濃厚,鮮爽,果香,穩重,餘韻,優しい,輕快,控えめ,平衡,俐落,さっぱり","旨味,酸味,辛口,甘味,しっかり,苦味,スッキリ,さわやか,清涼,濃厚,フレッシュ,フルーティ,穏やか,余韻,優しい,軽快,控えめ,バランス,キレ,さっぱり",906,https://sakenowa.com/brands/906,2026-09-28T20:22:25.367558+00:00
sn_907,698,成龍酒造,御代栄,,愛媛県,愛媛縣,,,,,,,,,,,,,,,,,,907,https://sakenowa.com/brands/907,2026-09-28T20:22:25.367566+00:00
sn_1934,698,成龍酒造,花火,,愛媛県,愛媛縣,,,,,,,,,,,,,,,,清涼,清涼,1934,https://sakenowa.com/brands/1934,2026-09-28T20:22:25.367571+00:00
sn_3219,698,成龍酒造,Aisansan Jyunmai,,愛媛県,愛媛縣,,,,,,,,,,,,,,,,,,3219,https://sakenowa.com/brands/3219,2026-09-28T20:22:25.367575+00:00
sn_908,700,宇都宮酒造,千鳥,,愛媛県,愛媛縣,,,,,,,,,,,,,,,,,,908,https://sakenowa.com/brands/908,2026-09-28T20:22:25.367744+00:00
sn_909,700,宇都宮酒造,花神,,愛媛県,愛媛縣,,,,,,,,,,,,,,,,,,909,https://sakenowa.com/brands/909,2026-09-28T20:22:25.367749+00:00
sn_910,700,宇都宮酒造,媛の愛,,愛媛県,愛媛縣,,,,,,,,,,,,,,,,,,910,https://sakenowa.com/brands/910,2026-09-28T20:22:25.367753+00:00
sn_911,701,中城本家酒造,城川郷,,愛媛県,愛媛縣,,,,,,,,,,0.2982928812720782,0.5687205754992342,0.27831053988116566,0.5558034077651691,0.311754264555178,0.3225110196963215,"鮮味,清爽,柔らかい,辛口","旨味,スッキリ,柔らかい,辛口",911,https://sakenowa.com/brands/911,2026-09-28T20:22:25.367927+00:00
sn_3815,701,中城本家酒造,尾根越えて,,愛媛県,愛媛縣,,,,,,,,,,,,,,,,,,3815,https://sakenowa.com/brands/3815,2026-09-28T20:22:25.367932+00:00
sn_912,702,武田酒造,日本心,,愛媛県,愛媛縣,,,,,,,,,,0.3415634732505305,0.6150979902516778,0.29367052402357663,0.4594769709533362,0.3151821818792235,0.32907079001105255,セメダイン,セメダイン,912,https://sakenowa.com/brands/912,2026-09-28T20:22:25.368095+00:00
sn_2005,702,武田酒造,媛一会,,愛媛県,愛媛縣,,,,,,,,,,0.3257392946130069,0.6292111466752798,0.35439002514175505,0.44136620588610986,0.18819772643524965,0.37705761229675455,"鮮味,酸味,花香,焦糖,苦味,甘甜,複雜","旨味,酸味,花,キャラメル,苦味,甘味,複雑",2005,https://sakenowa.com/brands/2005,2026-09-28T20:22:25.368104+00:00
sn_913,703,石鎚酒造,石鎚正宗,,愛媛県,愛媛縣,,,,,,,,,,,,,,,,,,913,https://sakenowa.com/brands/913,2026-09-28T20:22:25.368265+00:00
sn_914,703,石鎚酒造,石鎚,,愛媛県,愛媛縣,,,,,,,,,,0.40960457925430527,0.47682353782635334,0.23945332842947348,0.4140874633370133,0.40167481535147326,0.46337287507167263,"鮮味,清爽,辛口,華麗,蘋果,酸味,穩重,甘甜,哈密瓜,苦味,果香,花香,清新,俐落,しっかり,純淨,平衡,さっぱり,冷酒,餘韻","旨味,スッキリ,辛口,華やか,リンゴ,酸味,穏やか,甘味,メロン,苦味,フルーティ,花,さわやか,キレ,しっかり,綺麗,バランス,さっぱり,冷酒,余韻",914,https://sakenowa.com/brands/914,2026-09-28T20:22:25.368274+00:00
sn_915,704,近藤酒造,華姫桜,,愛媛県,愛媛縣,,,,,,,,,,0.3134829923635741,0.5343246344291603,0.3329049757163061,0.5012604877434695,0.3297189497195447,0.38134395669430565,"鮮味,華麗,苦味","旨味,華やか,苦味",915,https://sakenowa.com/brands/915,2026-09-28T20:22:25.368438+00:00
sn_916,705,協和酒造,初雪盃,,愛媛県,愛媛縣,,,,,,,,,,0.3974863689677194,0.6044685027958735,0.36527796399217116,0.37702493750426913,0.1749261883115988,0.4128528185406805,"酸味,鮮味,甘甜,氣泡感,純淨,果香,柳橙,しっかり,清爽,トロピカル,濃厚,多汁,苦味,鳳梨,清新","酸味,旨味,甘味,ガス,綺麗,フルーティ,オレンジ,しっかり,スッキリ,トロピカル,濃厚,ジューシー,苦味,パイナップル,さわやか",916,https://sakenowa.com/brands/916,2026-09-28T20:22:25.368603+00:00
sn_917,706,八木酒造部,山丹正宗,,愛媛県,愛媛縣,,,,,,,,,,0.39011516527584683,0.521080685574923,0.2532485435970408,0.43577945246502153,0.359275477908968,0.4395084207283328,"果香,辛口,鮮味,酸味,華麗,清爽,甘甜,ワイン,冷酒,俐落,餘韻,優格,清新,柔らかい,蘋果,鮮爽,しっかり,穩重,輕快,純淨","フルーティ,辛口,旨味,酸味,華やか,スッキリ,甘味,ワイン,冷酒,キレ,余韻,ヨーグルト,さわやか,柔らかい,リンゴ,フレッシュ,しっかり,穏やか,軽快,綺麗",917,https://sakenowa.com/brands/917,2026-09-28T20:22:25.368770+00:00
sn_918,707,酒六酒造,龍燈普照,,愛媛県,愛媛縣,,,,,,,,,,,,,,,,,,918,https://sakenowa.com/brands/918,2026-09-28T20:22:25.368942+00:00
sn_919,707,酒六酒造,伊予の燗酒,,愛媛県,愛媛縣,,,,,,,,,,,,,,,,,,919,https://sakenowa.com/brands/919,2026-09-28T20:22:25.368947+00:00
sn_920,707,酒六酒造,長谷川,,愛媛県,愛媛縣,,,,,,,,,,,,,,,,辛口,辛口,920,https://sakenowa.com/brands/920,2026-09-28T20:22:25.368952+00:00
sn_921,707,酒六酒造,女のひとりごと,,愛媛県,愛媛縣,,,,,,,,,,,,,,,,"マイルド,ちびちび,鮮味","マイルド,ちびちび,旨味",921,https://sakenowa.com/brands/921,2026-09-28T20:22:25.368957+00:00
sn_923,707,酒六酒造,京ひな,,愛媛県,愛媛縣,,,,,,,,,,0.39025272488698853,0.4564848514018483,0.22084701568648563,0.33966804934408396,0.45204183430260814,0.5204178927711887,"辛口,清爽,俐落,甘甜,鮮味,酸味,果香,純淨,清新,平衡,餘韻,しっかり,高雅,優しい,華麗,荔枝,甘酸っぱい,氣泡感,心地よい,穩重","辛口,スッキリ,キレ,甘味,旨味,酸味,フルーティ,綺麗,さわやか,バランス,余韻,しっかり,上品,優しい,華やか,ライチ,甘酸っぱい,ガス,心地よい,穏やか",923,https://sakenowa.com/brands/923,2026-09-28T20:22:25.368966+00:00
sn_924,707,酒六酒造,滄洲,,愛媛県,愛媛縣,,,,,,,,,,,,,,,,,,924,https://sakenowa.com/brands/924,2026-09-28T20:22:25.368970+00:00
sn_3981,707,酒六酒造,一刀両断,,愛媛県,愛媛縣,,,,,,,,,,,,,,,,辛口,辛口,3981,https://sakenowa.com/brands/3981,2026-09-28T20:22:25.368975+00:00
sn_925,708,亀岡酒造,千代の亀,,愛媛県,愛媛縣,,,,,,,,,,0.3254999050440612,0.5206140603673877,0.34065916089615905,0.44104949152852774,0.29841585130665976,0.4726367249515876,,,925,https://sakenowa.com/brands/925,2026-09-28T20:22:25.369140+00:00
sn_926,709,栄光酒造,酒仙栄光,,愛媛県,愛媛縣,,,,,,,,,,0.35010834814110264,0.5368035698546844,0.31981440888126733,0.39805676166708853,0.3745661360537101,0.4338615447789827,"辛口,鮮味,鮮爽,果香,清爽,酸味,華麗,昔ながら,苦味","辛口,旨味,フレッシュ,フルーティ,スッキリ,酸味,華やか,昔ながら,苦味",926,https://sakenowa.com/brands/926,2026-09-28T20:22:25.369306+00:00
sn_55593,709,栄光酒造,夢月夜,,愛媛県,愛媛縣,,,,,,,,,,,,,,,,"あっさり,清爽","あっさり,スッキリ",55593,https://sakenowa.com/brands/55593,2026-09-28T20:22:25.369312+00:00
sn_928,711,水口酒造,道後蔵酒,,愛媛県,愛媛縣,,,,,,,,,,,,,,,,,,928,https://sakenowa.com/brands/928,2026-09-28T20:22:25.369473+00:00
sn_2060,711,水口酒造,仁喜多津 大吟醸酒,,愛媛県,愛媛縣,,,,,,,,,,,,,,,,,,2060,https://sakenowa.com/brands/2060,2026-09-28T20:22:25.369478+00:00
sn_2487,711,水口酒造,伊予の薄墨桜,,愛媛県,愛媛縣,,,,,,,,,,,,,,,,,,2487,https://sakenowa.com/brands/2487,2026-09-28T20:22:25.369482+00:00
sn_929,713,梅錦山川,梅錦,,愛媛県,愛媛縣,,,,,,,,,,0.24844593240702528,0.5576193606539457,0.3844826072728539,0.4732813049674263,0.3684813884968324,0.3460269710567855,"甘甜,辛口,鮮味,花香,清爽,酸味,濃厚,果香,常溫,穩重,しっかり,ふんわり,俐落,柔らかい,醇厚,控えめ,苦味,熱燗,平衡,高雅","甘味,辛口,旨味,花,スッキリ,酸味,濃厚,フルーティ,常温,穏やか,しっかり,ふんわり,キレ,柔らかい,コク,控えめ,苦味,熱燗,バランス,上品",929,https://sakenowa.com/brands/929,2026-09-28T20:22:25.369655+00:00
sn_1968,713,梅錦山川,光久,,愛媛県,愛媛縣,,,,,,,,,,,,,,,,,,1968,https://sakenowa.com/brands/1968,2026-09-28T20:22:25.369661+00:00
sn_2269,713,梅錦山川,愛海,,愛媛県,愛媛縣,,,,,,,,,,,,,,,,"さらり,果香,餘韻,酸味,苦味,鮮味,清爽,甘甜","さらり,フルーティ,余韻,酸味,苦味,旨味,スッキリ,甘味",2269,https://sakenowa.com/brands/2269,2026-09-28T20:22:25.369668+00:00
sn_2871,713,梅錦山川,山川流,,愛媛県,愛媛縣,,,,,,,,,,,,,,,,熱燗,熱燗,2871,https://sakenowa.com/brands/2871,2026-09-28T20:22:25.369672+00:00
sn_930,714,アリサワ,糀おしろい,,高知県,高知縣,,,,,,,,,,,,,,,,,,930,https://sakenowa.com/brands/930,2026-09-28T20:22:25.369836+00:00
sn_931,714,アリサワ,文佳人,,高知県,高知縣,,,,,,,,,,0.4548265866809073,0.42537301442260345,0.16733383848663175,0.22298184009478675,0.2957720571179036,0.6685715745997125,"ラムネ,氣泡感,清新,酸味,果香,辛口,哈密瓜,鮮味,麝香葡萄,苦味,清爽,多汁,セメダイン,甘甜,香蕉,さっぱり,しっかり,輕快,鮮爽,俐落","ラムネ,ガス,さわやか,酸味,フルーティ,辛口,メロン,旨味,マスカット,苦味,スッキリ,ジューシー,セメダイン,甘味,バナナ,さっぱり,しっかり,軽快,フレッシュ,キレ",931,https://sakenowa.com/brands/931,2026-09-28T20:22:25.369846+00:00
sn_1557,714,アリサワ,おしろい花,,高知県,高知縣,,,,,,,,,,,,,,,,"ヤクルト,優格,甘甜","ヤクルト,ヨーグルト,甘味",1557,https://sakenowa.com/brands/1557,2026-09-28T20:22:25.369854+00:00
sn_69950,714,アリサワ,鏡野,,高知県,高知縣,,,,,,,,,,0.5288307719939576,0.5174855784927005,0.12761568210798363,0.07303772575070021,0.20671165292636884,0.6230543407168253,"ラムネ,多汁,清新,荔枝","ラムネ,ジューシー,さわやか,ライチ",69950,https://sakenowa.com/brands/69950,2026-09-28T20:22:25.369874+00:00
sn_932,716,亀泉酒造,亀泉,,高知県,高知縣,,,,,,,,,,0.62338952666739,0.5981702399112765,0.11396059890072698,0.1261335578527849,0.14248149939794147,0.45208427525937395,"鳳梨,ジュース,果香,甘甜,酸味,華麗,氣泡感,多汁,哈密瓜,蘋果,清新,苦味,鮮味,鮮爽,平衡,甘酸っぱい,清爽,アミノ酸,穩定,トロピカル","パイナップル,ジュース,フルーティ,甘味,酸味,華やか,ガス,ジューシー,メロン,リンゴ,さわやか,苦味,旨味,フレッシュ,バランス,甘酸っぱい,スッキリ,アミノ酸,安定,トロピカル",932,https://sakenowa.com/brands/932,2026-09-28T20:22:25.370042+00:00
sn_933,717,酔鯨酒造,酔鯨,,高知県,高知縣,,,,,,,,,,0.2971836597809862,0.4276026274106243,0.24452106512343744,0.3495897174664369,0.5337236166951177,0.511833414818952,"辛口,清爽,鮮味,酸味,俐落,鮮爽,しっかり,清新,さっぱり,果香,苦味,控えめ,キリリ,甘甜,平衡,穩定,輕快,柑橘,華麗,スイスイ","辛口,スッキリ,旨味,酸味,キレ,フレッシュ,しっかり,さわやか,さっぱり,フルーティ,苦味,控えめ,キリリ,甘味,バランス,安定,軽快,柑橘,華やか,スイスイ",933,https://sakenowa.com/brands/933,2026-09-28T20:22:25.370209+00:00
sn_934,719,司牡丹酒造,司牡丹,,高知県,高知縣,,,,,,,,,,0.31409997527163086,0.5108946136393328,0.24844953510578685,0.30280065529067024,0.5251423171742133,0.45949759266271994,"辛口,鮮味,果香,清爽,俐落,酸味,甘甜,鮮爽,しっかり,苦味,鳳梨,華麗,清新,平衡,哈密瓜,餘韻,輕快,冷酒,醇厚,さらり","辛口,旨味,フルーティ,スッキリ,キレ,酸味,甘味,フレッシュ,しっかり,苦味,パイナップル,華やか,さわやか,バランス,メロン,余韻,軽快,冷酒,コク,さらり",934,https://sakenowa.com/brands/934,2026-09-28T20:22:25.370374+00:00
sn_2132,719,司牡丹酒造,仁淀ブルー,,高知県,高知縣,,,,,,,,,,,,,,,,純淨,綺麗,2132,https://sakenowa.com/brands/2132,2026-09-28T20:22:25.370386+00:00
sn_76068,719,司牡丹酒造,船中八策,,高知県,高知縣,,,,,,,,,,0.15744255329566012,0.27702503976647874,0.16375842244082572,0.25055332797702806,0.7860268148303268,0.43707782492497055,"辛口,俐落,鮮味,清爽,キリリ,酸味,しっかり,さっぱり,甘甜,清新,華麗,果香,銳利,穩重,冷酒,穩定,鮮爽,常溫,ツン,餘韻","辛口,キレ,旨味,スッキリ,キリリ,酸味,しっかり,さっぱり,甘味,さわやか,華やか,フルーティ,シャープ,穏やか,冷酒,安定,フレッシュ,常温,ツン,余韻",76068,https://sakenowa.com/brands/76068,2026-09-28T20:22:25.370395+00:00
sn_935,720,西岡酒造店,久礼,,高知県,高知縣,,,,,,,,,,0.37487294618371086,0.5316581792594822,0.2770626162268056,0.2731781358680742,0.4513577246931608,0.47084612324946595,"辛口,哈密瓜,鮮味,果香,俐落,酸味,鳳梨,鮮爽,苦味,しっかり,甘甜,氣泡感,華麗,清爽,濃厚,キリリ,清新,ツン,ピリリ,花香","辛口,メロン,旨味,フルーティ,キレ,酸味,パイナップル,フレッシュ,苦味,しっかり,甘味,ガス,華やか,スッキリ,濃厚,キリリ,さわやか,ツン,ピリリ,花",935,https://sakenowa.com/brands/935,2026-09-28T20:22:25.370561+00:00
sn_2068,720,西岡酒造店,九礼,,高知県,高知縣,,,,,,,,,,,,,,,,"熱燗,ピリリ,花香,辛口,甘甜,しっかり,酸味,鮮味,清爽","熱燗,ピリリ,花,辛口,甘味,しっかり,酸味,旨味,スッキリ",2068,https://sakenowa.com/brands/2068,2026-09-28T20:22:25.370567+00:00
sn_3418,720,西岡酒造店,純平,,高知県,高知縣,,,,,,,,,,,,,,,,,,3418,https://sakenowa.com/brands/3418,2026-09-28T20:22:25.370572+00:00
sn_936,721,仙頭酒造場,土佐しらぎく,,高知県,高知縣,,,,,,,,,,0.4021972552650529,0.4942729998196336,0.21503632261289715,0.37963686163161026,0.33896158707068746,0.5372819048178552,"氣泡感,辛口,甘甜,鮮味,果香,酸味,清新,鮮爽,清爽,哈密瓜,多汁,俐落,ラムネ,優しい,輕快,平衡,しっかり,苦味,穩重,ほのか","ガス,辛口,甘味,旨味,フルーティ,酸味,さわやか,フレッシュ,スッキリ,メロン,ジューシー,キレ,ラムネ,優しい,軽快,バランス,しっかり,苦味,穏やか,ほのか",936,https://sakenowa.com/brands/936,2026-09-28T20:22:25.370743+00:00
sn_3015,721,仙頭酒造場,洒落衛門,,高知県,高知縣,,,,,,,,,,,,,,,,哈密瓜,メロン,3015,https://sakenowa.com/brands/3015,2026-09-28T20:22:25.370748+00:00
sn_3552,721,仙頭酒造場,美潮,,高知県,高知縣,,,,,,,,,,0.39871857609691536,0.5532395157078107,0.2537524604209443,0.36199308639712446,0.37213106337804236,0.4483733948783803,とろみ,とろみ,3552,https://sakenowa.com/brands/3552,2026-09-28T20:22:25.370756+00:00
sn_937,722,南酒造場,玉の井,,高知県,高知縣,,,,,,,,,,,,,,,,,,937,https://sakenowa.com/brands/937,2026-09-28T20:22:25.370929+00:00
sn_1003,722,南酒造場,南,,高知県,高知縣,,,,,,,,,,0.3116647247784467,0.46198554569311223,0.2734840114540895,0.3431682847227286,0.5301201837756678,0.4645955977971639,"辛口,鮮味,酸味,清爽,俐落,果香,しっかり,甘甜,苦味,キリリ,華麗,鮮爽,平衡,純淨,清新,輕快,穩重,餘韻,穩定,どっしり","辛口,旨味,酸味,スッキリ,キレ,フルーティ,しっかり,甘味,苦味,キリリ,華やか,フレッシュ,バランス,綺麗,さわやか,軽快,穏やか,余韻,安定,どっしり",1003,https://sakenowa.com/brands/1003,2026-09-28T20:22:25.370939+00:00
sn_938,724,有光酒造場,安芸虎,,高知県,高知縣,,,,,,,,,,0.4411900956892502,0.5516176578638569,0.2652655218347106,0.33654320623254724,0.28597487537558924,0.48544876446118956,"酸味,鮮味,果香,しっかり,華麗,甘甜,平衡,辛口,柑橘,氣泡感,苦味,香蕉,葡萄柚,哈密瓜,清爽,鮮爽,清新,飴,輕快,俐落","酸味,旨味,フルーティ,しっかり,華やか,甘味,バランス,辛口,柑橘,ガス,苦味,バナナ,グレープフルーツ,メロン,スッキリ,フレッシュ,さわやか,飴,軽快,キレ",938,https://sakenowa.com/brands/938,2026-09-28T20:22:25.371104+00:00
sn_939,724,有光酒造場,赤野,,高知県,高知縣,,,,,,,,,,,,,,,,,,939,https://sakenowa.com/brands/939,2026-09-28T20:22:25.371109+00:00
sn_940,725,土佐鶴酒造,土佐鶴,,高知県,高知縣,,,,,,,,,,0.2374700872285078,0.36497522832303486,0.2316773302867035,0.32055754849516377,0.6433502958510516,0.4899692948997868,"辛口,清爽,鮮味,熱燗,しっかり,華麗,キリリ,輕快,酸味,甘甜,清新,香蕉,冷酒,あっさり,果香,苦味,さっぱり,哈密瓜,圓潤,常溫","辛口,スッキリ,旨味,熱燗,しっかり,華やか,キリリ,軽快,酸味,甘味,さわやか,バナナ,冷酒,あっさり,フルーティ,苦味,さっぱり,メロン,まろやか,常温",940,https://sakenowa.com/brands/940,2026-09-28T20:22:25.371274+00:00
sn_941,726,菊水酒造,菊水,,高知県,高知縣,,,,,,,,,,,,,,,,,,941,https://sakenowa.com/brands/941,2026-09-28T20:22:25.371436+00:00
sn_942,726,菊水酒造,龍馬,,高知県,高知縣,,,,,,,,,,,,,,,,"蘋果,丸み,氣泡感,清爽,しっかり,酸味,辛口","リンゴ,丸み,ガス,スッキリ,しっかり,酸味,辛口",942,https://sakenowa.com/brands/942,2026-09-28T20:22:25.371443+00:00
sn_944,726,菊水酒造,四万十川,,高知県,高知縣,,,,,,,,,,0.2678830689222032,0.32875692358641245,0.1813685034594504,0.3002216326292501,0.5448778877616427,0.6326437158950821,"清爽,辛口,ラムネ,さらり,清新,キリリ,ほのか,さっぱり,鮮味","スッキリ,辛口,ラムネ,さらり,さわやか,キリリ,ほのか,さっぱり,旨味",944,https://sakenowa.com/brands/944,2026-09-28T20:22:25.371452+00:00
sn_2483,726,菊水酒造,ヨーグルトのお酒,,高知県,高知縣,,,,,,,,,,,,,,,,優格,ヨーグルト,2483,https://sakenowa.com/brands/2483,2026-09-28T20:22:25.371457+00:00
sn_3107,726,菊水酒造,ゆず酒,,高知県,高知縣,,,,,,,,,,,,,,,,"砂糖,甘甜","砂糖,甘味",3107,https://sakenowa.com/brands/3107,2026-09-28T20:22:25.371462+00:00
sn_945,727,濵川商店,美丈夫,,高知県,高知縣,,,,,,,,,,0.4835932143931828,0.45316137388105215,0.16219713780327552,0.2628965593216,0.35891851288141086,0.5801184024933125,"鳳梨,果香,辛口,氣泡感,清爽,酸味,鮮味,清新,甘甜,俐落,華麗,柑橘,純淨,平衡,鮮爽,さっぱり,輕快,蘋果,苦味,哈密瓜","パイナップル,フルーティ,辛口,ガス,スッキリ,酸味,旨味,さわやか,甘味,キレ,華やか,柑橘,綺麗,バランス,フレッシュ,さっぱり,軽快,リンゴ,苦味,メロン",945,https://sakenowa.com/brands/945,2026-09-28T20:22:25.371638+00:00
sn_2577,727,濵川商店,慎太郎,,高知県,高知縣,,,,,,,,,,0.3033411397050168,0.5834311506507429,0.3494979839950537,0.27925466775121066,0.3919663085419127,0.46240961073856585,,,2577,https://sakenowa.com/brands/2577,2026-09-28T20:22:25.371644+00:00
sn_946,729,若波酒造,蜻蛉,,福岡県,福岡縣,,,,,,,,,,0.38011345520091944,0.5539609727031728,0.2794961364229902,0.3659815615388764,0.32206014769459645,0.48255328151624327,"酸味,清新,鮮味,甘甜,果香,清爽,平衡,ピリリ,華麗,香蕉,滑順,俐落,苦味,カラメル,水蜜桃,冷酒,輕快,しっかり,麝香葡萄,氣泡感","酸味,さわやか,旨味,甘味,フルーティ,スッキリ,バランス,ピリリ,華やか,バナナ,なめらか,キレ,苦味,カラメル,桃,冷酒,軽快,しっかり,マスカット,ガス",946,https://sakenowa.com/brands/946,2026-09-28T20:22:25.371813+00:00
sn_947,729,若波酒造,蒲公英,,福岡県,福岡縣,,,,,,,,,,,,,,,,"常溫,辛口,清爽","常温,辛口,スッキリ",947,https://sakenowa.com/brands/947,2026-09-28T20:22:25.371819+00:00
sn_1447,729,若波酒造,若波,,福岡県,福岡縣,,,,,,,,,,0.4459969916011203,0.5539728235131793,0.23565596284430068,0.37019983703170306,0.23991942236962924,0.49402207733970344,"香蕉,酸味,氣泡感,鮮味,果香,甘甜,苦味,麝香葡萄,平衡,清新,鮮爽,餘韻,華麗,純淨,蘋果,多汁,輕快,哈密瓜,清爽,俐落","バナナ,酸味,ガス,旨味,フルーティ,甘味,苦味,マスカット,バランス,さわやか,フレッシュ,余韻,華やか,綺麗,リンゴ,ジューシー,軽快,メロン,スッキリ,キレ",1447,https://sakenowa.com/brands/1447,2026-09-28T20:22:25.371827+00:00
sn_2161,729,若波酒造,Type-FY2,,福岡県,福岡縣,,,,,,,,,,0.5224454645152845,0.4932098933455693,0.24255706417708725,0.18495129435937122,0.29302973309542846,0.5521661005241704,"酸味,清新,蘋果,葡萄柚,ワイン,果香,柑橘,甘甜,蜜,甘酸っぱい,水蜜桃,輕快,若い,ジュース,氣泡感,餘韻,清爽","酸味,さわやか,リンゴ,グレープフルーツ,ワイン,フルーティ,柑橘,甘味,蜜,甘酸っぱい,桃,軽快,若い,ジュース,ガス,余韻,スッキリ",2161,https://sakenowa.com/brands/2161,2026-09-28T20:22:25.371836+00:00
sn_2288,729,若波酒造,Wakanami Sparkling,,福岡県,福岡縣,,,,,,,,,,0.4515030903518749,0.22190612046907068,0.08983219899797328,0.22985601745907505,0.23186654650732774,0.7951332749752585,"氣泡感,爽快","ガス,爽快",2288,https://sakenowa.com/brands/2288,2026-09-28T20:22:25.371844+00:00
sn_948,730,白糸酒造,白糸,,福岡県,福岡縣,,,,,,,,,,0.38006167091152765,0.5048021303074188,0.239123534005949,0.43926212242769064,0.3311716520196646,0.4908380544786861,"清爽,鮮味,甘甜,果香,氣泡感,輕快,酸味,苦味,蘋果,辛口,清新,餘韻,圓潤,さらり,華麗,しっかり,平衡,するする,冷酒,優しい","スッキリ,旨味,甘味,フルーティ,ガス,軽快,酸味,苦味,リンゴ,辛口,さわやか,余韻,まろやか,さらり,華やか,しっかり,バランス,するする,冷酒,優しい",948,https://sakenowa.com/brands/948,2026-09-28T20:22:25.372023+00:00
sn_1253,730,白糸酒造,田中六五,,福岡県,福岡縣,,,,,,,,,,0.37450173960200095,0.4887358370606102,0.24376398846809572,0.4891872757823401,0.24433308312587457,0.5123104529840504,"氣泡感,鮮味,酸味,平衡,甘甜,果香,清爽,苦味,穩重,清新,輕快,優しい,柔らかい,鮮爽,純淨,控えめ,優格,麝香葡萄,ブドウ,辛口","ガス,旨味,酸味,バランス,甘味,フルーティ,スッキリ,苦味,穏やか,さわやか,軽快,優しい,柔らかい,フレッシュ,綺麗,控えめ,ヨーグルト,マスカット,ブドウ,辛口",1253,https://sakenowa.com/brands/1253,2026-09-28T20:22:25.372033+00:00
sn_62277,730,白糸酒造,田中仙禽,,福岡県,福岡縣,,,,,,,,,,0.428239683461161,0.6208348247632369,0.272708331757874,0.3671684148678978,0.18236698827230124,0.4344360670708736,"酸味,蜂蜜,甘酸っぱい,檸檬,いちご,穩重","酸味,ハチミツ,甘酸っぱい,レモン,いちご,穏やか",62277,https://sakenowa.com/brands/62277,2026-09-28T20:22:25.372039+00:00
sn_949,731,瑞穂菊酒造,一鳥万宝,,福岡県,福岡縣,,,,,,,,,,,,,,,,"濃厚,輕快,冷酒,俐落,圓潤,甘甜,鮮味,清爽","濃厚,軽快,冷酒,キレ,まろやか,甘味,旨味,スッキリ",949,https://sakenowa.com/brands/949,2026-09-28T20:22:25.372203+00:00
sn_950,733,溝上酒造,皿倉,,福岡県,福岡縣,,,,,,,,,,,,,,,,"ふんわり,平衡,しっかり,鮮味","ふんわり,バランス,しっかり,旨味",950,https://sakenowa.com/brands/950,2026-09-28T20:22:25.372366+00:00
sn_951,733,溝上酒造,天心,,福岡県,福岡縣,,,,,,,,,,0.3601773734810925,0.4529315841056327,0.28969277077329875,0.36287674173515116,0.44024023953327823,0.5056800768439222,"鮮爽,華麗,辛口,ピリリ,甘甜,冷酒,しっかり,清爽,俐落,氣泡感,醤油,餘韻,鮮味,純淨,さっぱり,清新,果香","フレッシュ,華やか,辛口,ピリリ,甘味,冷酒,しっかり,スッキリ,キレ,ガス,醤油,余韻,旨味,綺麗,さっぱり,さわやか,フルーティ",951,https://sakenowa.com/brands/951,2026-09-28T20:22:25.372378+00:00
sn_2036,733,溝上酒造,溝上酒造,,福岡県,福岡縣,,,,,,,,,,,,,,,,,,2036,https://sakenowa.com/brands/2036,2026-09-28T20:22:25.372383+00:00
sn_2037,733,溝上酒造,夢天心,,福岡県,福岡縣,,,,,,,,,,,,,,,,,,2037,https://sakenowa.com/brands/2037,2026-09-28T20:22:25.372387+00:00
sn_952,735,池亀酒造,池亀,,福岡県,福岡縣,,,,,,,,,,0.3994387219024665,0.5406743807947718,0.30642811017135013,0.35521443610827164,0.36225103266652603,0.44364245559487125,"清新,冷酒,辛口,華麗,鮮味,いちご,紹興酒,甘甜,清爽,果香,苦味,しっかり,酸味,優しい,哈密瓜,純淨,鮮爽,濃厚,餘韻,ほのか","さわやか,冷酒,辛口,華やか,旨味,いちご,紹興酒,甘味,スッキリ,フルーティ,苦味,しっかり,酸味,優しい,メロン,綺麗,フレッシュ,濃厚,余韻,ほのか",952,https://sakenowa.com/brands/952,2026-09-28T20:22:25.372552+00:00
sn_1123,735,池亀酒造,黒兜,,福岡県,福岡縣,,,,,,,,,,0.4400454970005816,0.6657557282769038,0.2634623080769813,0.2403585393287208,0.28319131653746754,0.3946483673706125,"いちご,酸味,果香,蘋果,甘甜,ワイン,西洋梨,輕快,平衡,鮮味,清爽,清新,甘酸っぱい","いちご,酸味,フルーティ,リンゴ,甘味,ワイン,洋梨,軽快,バランス,旨味,スッキリ,さわやか,甘酸っぱい",1123,https://sakenowa.com/brands/1123,2026-09-28T20:22:25.372561+00:00
sn_953,736,みいの寿,美田,,福岡県,福岡縣,,,,,,,,,,0.1420493715794272,0.5388129435944982,0.4501688688967827,0.4615567047020921,0.3843561847731838,0.35508634005866996,"優格,辛口,酸味,氣泡感,穀物,清新,しっかり,鮮味,奶油感,紹興酒,カルピス,醇厚,起司,マイルド,甘甜","ヨーグルト,辛口,酸味,ガス,穀物,さわやか,しっかり,旨味,クリーミー,紹興酒,カルピス,コク,チーズ,マイルド,甘味",953,https://sakenowa.com/brands/953,2026-09-28T20:22:25.372725+00:00
sn_954,736,みいの寿,三井の寿,,福岡県,福岡縣,,,,,,,,,,0.306502777462994,0.42931206495275653,0.28761839601856504,0.35414764012530403,0.5428869851224263,0.4678418824170609,"辛口,ワイン,清爽,酸味,鮮味,清新,甘甜,しっかり,苦味,俐落,蘋果,輕快,さっぱり,果香,穩重,華麗,控えめ,氣泡感,冷酒,鮮爽","辛口,ワイン,スッキリ,酸味,旨味,さわやか,甘味,しっかり,苦味,キレ,リンゴ,軽快,さっぱり,フルーティ,穏やか,華やか,控えめ,ガス,冷酒,フレッシュ",954,https://sakenowa.com/brands/954,2026-09-28T20:22:25.372739+00:00
sn_955,736,みいの寿,栄田,,福岡県,福岡縣,,,,,,,,,,,,,,,,,,955,https://sakenowa.com/brands/955,2026-09-28T20:22:25.372743+00:00
sn_2743,736,みいの寿,古醸美田,,福岡県,福岡縣,,,,,,,,,,,,,,,,"ワイン,酸味,鮮味","ワイン,酸味,旨味",2743,https://sakenowa.com/brands/2743,2026-09-28T20:22:25.372749+00:00
sn_956,737,喜多屋,蒼田,,福岡県,福岡縣,,,,,,,,,,0.3459230476845149,0.663559415840649,0.2835122506371623,0.27636748399249733,0.37063976348220284,0.3819609011221408,"果香,辛口,酸味,じっくり","フルーティ,辛口,酸味,じっくり",956,https://sakenowa.com/brands/956,2026-09-28T20:22:25.372923+00:00
sn_957,737,喜多屋,寒山水,,福岡県,福岡縣,,,,,,,,,,0.32411482228848065,0.5226379759527274,0.3186286700330895,0.49467760642607983,0.3188234612959051,0.4170378459153922,,,957,https://sakenowa.com/brands/957,2026-09-28T20:22:25.372928+00:00
sn_1534,737,喜多屋,喜多屋,,福岡県,福岡縣,,,,,,,,,,0.4051363731036702,0.5944577596342366,0.26939194371283387,0.34866419064271725,0.3083501191894303,0.43962024296089014,"果香,辛口,清爽,鮮味,甘甜,華麗,冷酒,苦味,酸味,しっかり,常溫,餘韻,芳醇,純淨,清新,俐落,キリリ,するする,櫻花,醤油","フルーティ,辛口,スッキリ,旨味,甘味,華やか,冷酒,苦味,酸味,しっかり,常温,余韻,芳醇,綺麗,さわやか,キレ,キリリ,するする,桜,醤油",1534,https://sakenowa.com/brands/1534,2026-09-28T20:22:25.372942+00:00
sn_1872,737,喜多屋,吟の瞳,,福岡県,福岡縣,,,,,,,,,,,,,,,,,,1872,https://sakenowa.com/brands/1872,2026-09-28T20:22:25.372949+00:00
sn_958,738,旭菊酒造,綾花,,福岡県,福岡縣,,,,,,,,,,0.24734106522483504,0.5258143999070035,0.3292054217521645,0.4965751635851575,0.31363176105733953,0.45718008482359235,"鮮味,酸味,さっぱり,優しい,若い,甘甜,輕快,しっかり,辛口,熱燗,鮮爽,冷酒,華麗,穩重,清新","旨味,酸味,さっぱり,優しい,若い,甘味,軽快,しっかり,辛口,熱燗,フレッシュ,冷酒,華やか,穏やか,さわやか",958,https://sakenowa.com/brands/958,2026-09-28T20:22:25.373114+00:00
sn_959,738,旭菊酒造,旭菊,,福岡県,福岡縣,,,,,,,,,,0.11916217714852807,0.5610854627578342,0.4166586035866739,0.6336021529596383,0.21800687800076732,0.2200009090561277,"熱燗,鮮味,圓潤,穩重,常溫,優しい,しっかり,酸味,燗酒,燗冷まし,甘甜,柔らかい,辛口,俐落,ほのか,輕快,穀物,苦味,清爽,濃厚","熱燗,旨味,まろやか,穏やか,常温,優しい,しっかり,酸味,燗酒,燗冷まし,甘味,柔らかい,辛口,キレ,ほのか,軽快,穀物,苦味,スッキリ,濃厚",959,https://sakenowa.com/brands/959,2026-09-28T20:22:25.373123+00:00
sn_960,740,山口酒造場,庭のうぐいす,,福岡県,福岡縣,,,,,,,,,,0.40416560406656094,0.52488975920004,0.2430125161296082,0.3811041031420575,0.3034038151768619,0.514579060675039,"酸味,鮮爽,甘甜,清新,鮮味,果香,清爽,苦味,辛口,氣泡感,平衡,華麗,さっぱり,控えめ,哈密瓜,しっかり,多汁,餘韻,輕快,純淨","酸味,フレッシュ,甘味,さわやか,旨味,フルーティ,スッキリ,苦味,辛口,ガス,バランス,華やか,さっぱり,控えめ,メロン,しっかり,ジューシー,余韻,軽快,綺麗",960,https://sakenowa.com/brands/960,2026-09-28T20:22:25.373291+00:00
sn_2125,740,山口酒造場,鶯印のどぶろく,,福岡県,福岡縣,,,,,,,,,,0.27663937043447057,0.5859120337793574,0.29627187910090297,0.4812472786837724,0.060923993737777266,0.5070404764894808,"優格,いちご,甘酸っぱい,カルピス,酸味,氣泡感,グイグイ","ヨーグルト,いちご,甘酸っぱい,カルピス,酸味,ガス,グイグイ",2125,https://sakenowa.com/brands/2125,2026-09-28T20:22:25.373301+00:00
sn_961,742,目野酒造,国の寿,,福岡県,福岡縣,,,,,,,,,,,,,,,,,,961,https://sakenowa.com/brands/961,2026-09-28T20:22:25.373466+00:00
sn_962,743,篠崎,国菊,,福岡県,福岡縣,,,,,,,,,,,,,,,,,,962,https://sakenowa.com/brands/962,2026-09-28T20:22:25.373627+00:00
sn_3424,743,篠崎,比良松,,福岡県,福岡縣,,,,,,,,,,,,,,,,冷酒,冷酒,3424,https://sakenowa.com/brands/3424,2026-09-28T20:22:25.373633+00:00
sn_963,744,杜の蔵,独楽蔵,,福岡県,福岡縣,,,,,,,,,,0.08897607249761232,0.5691980891771459,0.5628464449683236,0.4862257522086395,0.24644724055562456,0.23269926664724622,"熱燗,紹興酒,鮮味,常溫,巧克力,しっかり,辛香,甘甜,酸味,優しい,輕快,どっしり,濃厚,俐落,柔らかい,辛口,ピリリ,氣泡感,控えめ,ふくよか","熱燗,紹興酒,旨味,常温,チョコレート,しっかり,スパイシー,甘味,酸味,優しい,軽快,どっしり,濃厚,キレ,柔らかい,辛口,ピリリ,ガス,控えめ,ふくよか",963,https://sakenowa.com/brands/963,2026-09-28T20:22:25.373798+00:00
sn_1363,744,杜の蔵,杜の蔵,,福岡県,福岡縣,,,,,,,,,,0.3199776357917683,0.4500305602327666,0.27112669263834177,0.45359800212843127,0.40005710498520275,0.5057472582275074,"輕快,鮮味,辛口,氣泡感,清爽,清新,甘甜,キリリ,熱燗,優しい,酸味,鮮爽,果香,しっかり,蘋果,ふっくら,常溫,冷酒,苦味,穩重","軽快,旨味,辛口,ガス,スッキリ,さわやか,甘味,キリリ,熱燗,優しい,酸味,フレッシュ,フルーティ,しっかり,リンゴ,ふっくら,常温,冷酒,苦味,穏やか",1363,https://sakenowa.com/brands/1363,2026-09-28T20:22:25.373810+00:00
sn_3490,744,杜の蔵,秘,,福岡県,福岡縣,,,,,,,,,,,,,,,,"平衡,苦味","バランス,苦味",3490,https://sakenowa.com/brands/3490,2026-09-28T20:22:25.373815+00:00
sn_3841,744,杜の蔵,一の矢,,福岡県,福岡縣,,,,,,,,,,,,,,,,,,3841,https://sakenowa.com/brands/3841,2026-09-28T20:22:25.373820+00:00
sn_964,745,高橋商店,繁桝,,福岡県,福岡縣,,,,,,,,,,0.3140820312105114,0.5452735363633293,0.3088394500974841,0.4536076453161058,0.34920147892047915,0.425377330738863,"辛口,鮮味,果香,清爽,甘甜,苦味,優しい,清新,しっかり,酸味,鮮爽,純淨,輕快,餘韻,冷酒,俐落,柔らかい,華麗,常溫,起司","辛口,旨味,フルーティ,スッキリ,甘味,苦味,優しい,さわやか,しっかり,酸味,フレッシュ,綺麗,軽快,余韻,冷酒,キレ,柔らかい,華やか,常温,チーズ",964,https://sakenowa.com/brands/964,2026-09-28T20:22:25.373997+00:00
sn_1994,745,高橋商店,麹屋,,福岡県,福岡縣,,,,,,,,,,,,,,,,,,1994,https://sakenowa.com/brands/1994,2026-09-28T20:22:25.374002+00:00
sn_2696,745,高橋商店,福乃酒,,福岡県,福岡縣,,,,,,,,,,,,,,,,"高雅,控えめ,輕快,醇厚,常溫,清爽,辛口,甘甜","上品,控えめ,軽快,コク,常温,スッキリ,辛口,甘味",2696,https://sakenowa.com/brands/2696,2026-09-28T20:22:25.374008+00:00
sn_3040,745,高橋商店,博多一本〆,,福岡県,福岡縣,,,,,,,,,,,,,,,,,,3040,https://sakenowa.com/brands/3040,2026-09-28T20:22:25.374016+00:00
sn_3203,745,高橋商店,志のぶ,,福岡県,福岡縣,,,,,,,,,,,,,,,,,,3203,https://sakenowa.com/brands/3203,2026-09-28T20:22:25.374020+00:00
sn_3208,745,高橋商店,しげます 大吟醸生原酒,,福岡県,福岡縣,,,,,,,,,,,,,,,,清爽,スッキリ,3208,https://sakenowa.com/brands/3208,2026-09-28T20:22:25.374025+00:00
sn_3454,745,高橋商店,可也,,福岡県,福岡縣,,,,,,,,,,,,,,,,,,3454,https://sakenowa.com/brands/3454,2026-09-28T20:22:25.374029+00:00
sn_965,746,石蔵酒造,初吉野,,福岡県,福岡縣,,,,,,,,,,,,,,,,,,965,https://sakenowa.com/brands/965,2026-09-28T20:22:25.374194+00:00
sn_1637,746,石蔵酒造,博多百年蔵,,福岡県,福岡縣,,,,,,,,,,0.3508768967468301,0.6417389590657294,0.3446341767608896,0.28467772155597926,0.3039554817188467,0.4157564863446537,いちご,いちご,1637,https://sakenowa.com/brands/1637,2026-09-28T20:22:25.374201+00:00
sn_966,748,東鶴酒造,東鶴,,佐賀県,佐賀縣,,,,,,,,,,0.4630000481272207,0.5382326721482446,0.2618043873534756,0.2972349268167624,0.17523823879915923,0.5552818804639906,"氣泡感,酸味,ワイン,甘甜,鮮爽,鮮味,多汁,清新,苦味,果香,しっかり,甘酸っぱい,優しい,柑橘,平衡,優格,荔枝,清爽,ピチピチ,哈密瓜","ガス,酸味,ワイン,甘味,フレッシュ,旨味,ジューシー,さわやか,苦味,フルーティ,しっかり,甘酸っぱい,優しい,柑橘,バランス,ヨーグルト,ライチ,スッキリ,ピチピチ,メロン",966,https://sakenowa.com/brands/966,2026-09-28T20:22:25.374367+00:00
sn_967,750,天山酒造,純天山,,佐賀県,佐賀縣,,,,,,,,,,,,,,,,,,967,https://sakenowa.com/brands/967,2026-09-28T20:22:25.374530+00:00
sn_968,750,天山酒造,七田,,佐賀県,佐賀縣,,,,,,,,,,0.4001247835067616,0.5850808911034581,0.30197826728462746,0.3625732139751764,0.2376357907233554,0.4673965447583252,"氣泡感,鮮味,哈密瓜,酸味,苦味,果香,甘甜,清新,しっかり,香蕉,平衡,鮮爽,清爽,濃厚,華麗,辛口,多汁,葡萄柚,さっぱり,餘韻","ガス,旨味,メロン,酸味,苦味,フルーティ,甘味,さわやか,しっかり,バナナ,バランス,フレッシュ,スッキリ,濃厚,華やか,辛口,ジューシー,グレープフルーツ,さっぱり,余韻",968,https://sakenowa.com/brands/968,2026-09-28T20:22:25.374541+00:00
sn_1427,750,天山酒造,岩の蔵,,佐賀県,佐賀縣,,,,,,,,,,0.47905152482328717,0.5586742492960188,0.22402924079381495,0.339993559916751,0.30690708181337223,0.44543915561532627,"華麗,蘋果,多汁,果香,平衡,甘甜,鮮爽,優格,水蜜桃,氣泡感,酸味,鮮味","華やか,リンゴ,ジューシー,フルーティ,バランス,甘味,フレッシュ,ヨーグルト,桃,ガス,酸味,旨味",1427,https://sakenowa.com/brands/1427,2026-09-28T20:22:25.374549+00:00
sn_1703,750,天山酒造,遊花,,佐賀県,佐賀縣,,,,,,,,,,,,,,,,"清新,冷酒,圓潤,濃厚,辛口,甘甜","さわやか,冷酒,まろやか,濃厚,辛口,甘味",1703,https://sakenowa.com/brands/1703,2026-09-28T20:22:25.374557+00:00
sn_18829,750,天山酒造,re:echo,,佐賀県,佐賀縣,,,,,,,,,,,,,,,,ワイン,ワイン,18829,https://sakenowa.com/brands/18829,2026-09-28T20:22:25.374563+00:00
sn_969,751,光武酒造場,金波,,佐賀県,佐賀縣,,,,,,,,,,,,,,,,,,969,https://sakenowa.com/brands/969,2026-09-28T20:22:25.374725+00:00
sn_3090,751,光武酒造場,光武,,佐賀県,佐賀縣,,,,,,,,,,0.4159652483835227,0.5845649602426903,0.25653738236632784,0.3202585785839267,0.28680421466624567,0.4843790624453224,"果香,鮮味,酸味,清爽,甘甜,苦味,清新,華麗,鮮爽,辛口,ジュース,しっかり,純淨,味噌,哈密瓜,麝香葡萄,ピリリ,氣泡感,輕快,葡萄柚","フルーティ,旨味,酸味,スッキリ,甘味,苦味,さわやか,華やか,フレッシュ,辛口,ジュース,しっかり,綺麗,味噌,メロン,マスカット,ピリリ,ガス,軽快,グレープフルーツ",3090,https://sakenowa.com/brands/3090,2026-09-28T20:22:25.374735+00:00
sn_3935,751,光武酒造場,魔界への誘い,,佐賀県,佐賀縣,,,,,,,,,,,,,,,,,,3935,https://sakenowa.com/brands/3935,2026-09-28T20:22:25.374743+00:00
sn_970,752,五町田酒造,東一,,佐賀県,佐賀縣,,,,,,,,,,0.35083965609418105,0.5594938100553876,0.28994180262080627,0.4717254890414896,0.2852353147479207,0.419437529941757,"鮮味,ワイン,酸味,果香,甘甜,苦味,清爽,平衡,しっかり,清新,穩重,辛口,輕快,圓潤,俐落,氣泡感,純淨,餘韻,控えめ,華麗","旨味,ワイン,酸味,フルーティ,甘味,苦味,スッキリ,バランス,しっかり,さわやか,穏やか,辛口,軽快,まろやか,キレ,ガス,綺麗,余韻,控えめ,華やか",970,https://sakenowa.com/brands/970,2026-09-28T20:22:25.374928+00:00
sn_4226,752,五町田酒造,日本一,,佐賀県,佐賀縣,,,,,,,,,,,,,,,,,,4226,https://sakenowa.com/brands/4226,2026-09-28T20:22:25.374933+00:00
sn_972,754,幸姫酒造,幸姫,,佐賀県,佐賀縣,,,,,,,,,,0.268373246512436,0.5869913967133027,0.3711066210191755,0.4771165836701866,0.32150819485310483,0.3386576779077353,"甘甜,果香,辛口,栗,清爽,鮮味","甘味,フルーティ,辛口,栗,スッキリ,旨味",972,https://sakenowa.com/brands/972,2026-09-28T20:22:25.375256+00:00
sn_973,756,天吹酒造,天吹,,佐賀県,佐賀縣,,,,,,,,,,0.4386200421000917,0.5961030653094505,0.2137786140185626,0.4268109984187511,0.28859864263268376,0.375653422032137,"香蕉,いちご,花香,辛口,華麗,酸味,清爽,甘甜,鮮味,蘋果,果香,しっかり,苦味,清新,穩重,俐落,冷酒,純淨,ほのか,濃厚","バナナ,いちご,花,辛口,華やか,酸味,スッキリ,甘味,旨味,リンゴ,フルーティ,しっかり,苦味,さわやか,穏やか,キレ,冷酒,綺麗,ほのか,濃厚",973,https://sakenowa.com/brands/973,2026-09-28T20:22:25.375422+00:00
sn_1239,756,天吹酒造,日下無双,,佐賀県,佐賀縣,,,,,,,,,,0.2953361304373039,0.526462097886731,0.36360599434302954,0.4407706168375784,0.3430352220603112,0.43755343694626875,"氣泡感,酸味,鮮味,苦味,甘甜,しっかり,優格,俐落,辛口,穀物,鮮爽,果香,蜂蜜,力道強勁,平衡,キリリ,清爽,鳳梨,穩重","ガス,酸味,旨味,苦味,甘味,しっかり,ヨーグルト,キレ,辛口,穀物,フレッシュ,フルーティ,ハチミツ,力強い,バランス,キリリ,スッキリ,パイナップル,穏やか",1239,https://sakenowa.com/brands/1239,2026-09-28T20:22:25.375431+00:00
sn_974,757,古伊万里酒造,古伊万里,,佐賀県,佐賀縣,,,,,,,,,,0.42762729669226324,0.5201585799947851,0.26747020893727064,0.3497557187627789,0.28986202189489,0.5183440744990403,"酸味,氣泡感,鮮味,果香,甘甜,平衡,苦味,清爽,鮮爽,清新,しっかり,ピリリ,鳳梨,麝香葡萄,俐落,多汁,ワイン,輕快,華麗,辛口","酸味,ガス,旨味,フルーティ,甘味,バランス,苦味,スッキリ,フレッシュ,さわやか,しっかり,ピリリ,パイナップル,マスカット,キレ,ジューシー,ワイン,軽快,華やか,辛口",974,https://sakenowa.com/brands/974,2026-09-28T20:22:25.375601+00:00
sn_1430,757,古伊万里酒造,古伊万里 前,,佐賀県,佐賀縣,,,,,,,,,,0.423349004932766,0.5592783646139661,0.22291278934890596,0.35319133812233866,0.28392286899522134,0.5029283272780815,"氣泡感,果香,酸味,甘甜,鮮味,清爽,平衡,多汁,俐落,清新,苦味,輕快,華麗,鮮爽,辛口,冷酒,麝香葡萄,純淨,穩重,しっかり","ガス,フルーティ,酸味,甘味,旨味,スッキリ,バランス,ジューシー,キレ,さわやか,苦味,軽快,華やか,フレッシュ,辛口,冷酒,マスカット,綺麗,穏やか,しっかり",1430,https://sakenowa.com/brands/1430,2026-09-28T20:22:25.375609+00:00
sn_975,758,富久千代酒造,鍋島,,佐賀県,佐賀縣,,,,,,,,,,0.4793165406709112,0.529813914638345,0.21940126560553946,0.3202480622378823,0.25142663416327604,0.5250159812917684,"氣泡感,果香,鮮味,苦味,柳橙,甘甜,酸味,穩定,華麗,平衡,鮮爽,多汁,清爽,清新,しっかり,俐落,純淨,控えめ,餘韻,ピリリ","ガス,フルーティ,旨味,苦味,オレンジ,甘味,酸味,安定,華やか,バランス,フレッシュ,ジューシー,スッキリ,さわやか,しっかり,キレ,綺麗,控えめ,余韻,ピリリ",975,https://sakenowa.com/brands/975,2026-09-28T20:22:25.375775+00:00
sn_2207,759,吉田屋,萬勝,,長崎県,長崎縣,,,,,,,,,,0.5872626315646221,0.4576188758827463,0.17438113242939332,0.3937824235239682,0.21921037630912416,0.4606310893744053,花香,花,2207,https://sakenowa.com/brands/2207,2026-09-28T20:22:25.375948+00:00
sn_979,760,杵の川,雲仙,,長崎県,長崎縣,,,,,,,,,,,,,,,,,,979,https://sakenowa.com/brands/979,2026-09-28T20:22:25.376110+00:00
sn_980,760,杵の川,美禄天,,長崎県,長崎縣,,,,,,,,,,,,,,,,,,980,https://sakenowa.com/brands/980,2026-09-28T20:22:25.376114+00:00
sn_2386,760,杵の川,杵の川,,長崎県,長崎縣,,,,,,,,,,0.2340460233997111,0.49614874622841904,0.3819261230520385,0.5396027272321015,0.3614308405396451,0.3624747733948844,"コーヒー,清爽,鮮味,穩重,甘甜,酸味,果香,丸み,蘋果","コーヒー,スッキリ,旨味,穏やか,甘味,酸味,フルーティ,丸み,リンゴ",2386,https://sakenowa.com/brands/2386,2026-09-28T20:22:25.376125+00:00
sn_981,761,今里酒造,六十餘洲,,長崎県,長崎縣,,,,,,,,,,0.2743828527747938,0.5764685679004671,0.3177772399014753,0.4920132522796207,0.3322191359193372,0.3727855569047573,"甘甜,鮮味,平衡,酸味,しっかり,果香,苦味,清爽,香蕉,俐落,渋み,辛口,冷酒,鮮爽,穩重,輕快,清新,華麗,ふくよか,圓潤","甘味,旨味,バランス,酸味,しっかり,フルーティ,苦味,スッキリ,バナナ,キレ,渋み,辛口,冷酒,フレッシュ,穏やか,軽快,さわやか,華やか,ふくよか,まろやか",981,https://sakenowa.com/brands/981,2026-09-28T20:22:25.376290+00:00
sn_982,762,重家酒造,確蔵,,長崎県,長崎縣,,,,,,,,,,,,,,,,"ほのか,高雅,果香,控えめ,純淨,平衡,清新,苦味,酸味","ほのか,上品,フルーティ,控えめ,綺麗,バランス,さわやか,苦味,酸味",982,https://sakenowa.com/brands/982,2026-09-28T20:22:25.376459+00:00
sn_3567,762,重家酒造,横山五十,,長崎県,長崎縣,,,,,,,,,,0.5102178955593896,0.6465411631614474,0.21980272484907282,0.24123051092344855,0.1898412539128542,0.42322231090777873,"麝香葡萄,果香,多汁,甘甜,ワイン,苦味,酸味,鮮味,華麗,鮮爽,氣泡感,餘韻,哈密瓜,平衡,しっかり,清新,高雅,清爽,純淨,俐落","マスカット,フルーティ,ジューシー,甘味,ワイン,苦味,酸味,旨味,華やか,フレッシュ,ガス,余韻,メロン,バランス,しっかり,さわやか,上品,スッキリ,綺麗,キレ",3567,https://sakenowa.com/brands/3567,2026-09-28T20:22:25.376468+00:00
sn_42112,762,重家酒造,よこやま,,長崎県,長崎縣,,,,,,,,,,0.5076699869145466,0.5763921921662359,0.21207447308391314,0.2837861929427063,0.23869573700552735,0.47702975262832276,"果香,多汁,甘甜,氣泡感,麝香葡萄,鮮爽,華麗,苦味,酸味,ワイン,鮮味,清新,哈密瓜,鳳梨,辛口,清爽,平衡,俐落,餘韻,高雅","フルーティ,ジューシー,甘味,ガス,マスカット,フレッシュ,華やか,苦味,酸味,ワイン,旨味,さわやか,メロン,パイナップル,辛口,スッキリ,バランス,キレ,余韻,上品",42112,https://sakenowa.com/brands/42112,2026-09-28T20:22:25.376477+00:00
sn_983,763,福田酒造,福鶴,,長崎県,長崎縣,,,,,,,,,,0.14061348181752173,0.49256617707821243,0.5169714333292936,0.6136522294135118,0.16303280152043967,0.2592261445444648,"穀物,氣泡感,穩重","穀物,ガス,穏やか",983,https://sakenowa.com/brands/983,2026-09-28T20:22:25.376642+00:00
sn_1524,763,福田酒造,福海,,長崎県,長崎縣,,,,,,,,,,0.4166974644271858,0.4659945185548589,0.22852275987328483,0.3547837406230457,0.2560194756065114,0.6046256738977952,"氣泡感,鮮味,酸味,鮮爽,甘甜,苦味,清新,清爽,辛口,輕快,果香,純淨,平衡,穩重,ピチピチ,しっかり,餘韻,優しい,控えめ,麝香葡萄","ガス,旨味,酸味,フレッシュ,甘味,苦味,さわやか,スッキリ,辛口,軽快,フルーティ,綺麗,バランス,穏やか,ピチピチ,しっかり,余韻,優しい,控えめ,マスカット",1524,https://sakenowa.com/brands/1524,2026-09-28T20:22:25.376651+00:00
sn_120274,763,福田酒造,長崎美人,,長崎県,長崎縣,,,,,,,,,,,,,,,,果香,フルーティ,120274,https://sakenowa.com/brands/120274,2026-09-28T20:22:25.376657+00:00
sn_984,764,熊本県酒造研究所,香露,,熊本県,熊本縣,,,,,,,,,,0.35800460688027974,0.5842151674448595,0.3594880732421932,0.39163682360271806,0.23832357086625616,0.4371683185506663,"鮮爽,鮮味,甘甜,酸味,輕快,冷酒,果香,華麗,清爽,常溫,氣泡感,しっかり,清新,平衡,控えめ,哈密瓜,辛口,さらり,餘韻,苦味","フレッシュ,旨味,甘味,酸味,軽快,冷酒,フルーティ,華やか,スッキリ,常温,ガス,しっかり,さわやか,バランス,控えめ,メロン,辛口,さらり,余韻,苦味",984,https://sakenowa.com/brands/984,2026-09-28T20:22:25.376825+00:00
sn_985,765,山村酒造,れいざん,,熊本県,熊本縣,,,,,,,,,,0.23886875641358638,0.49528048265400737,0.32952837311698646,0.4278609111964975,0.4308965335872105,0.46937536155505816,"清爽,辛口,鮮味,俐落,爽快,常溫,甘甜,柔らかい,冷酒,しっかり,酸味,華麗,キリリ,清新,ほのか,昔ながら,豐潤,輕快,醇厚,濃厚","スッキリ,辛口,旨味,キレ,爽快,常温,甘味,柔らかい,冷酒,しっかり,酸味,華やか,キリリ,さわやか,ほのか,昔ながら,豊か,軽快,コク,濃厚",985,https://sakenowa.com/brands/985,2026-09-28T20:22:25.377006+00:00
sn_986,766,瑞鷹酒造,瑞鷹,,熊本県,熊本縣,,,,,,,,,,0.275085750938919,0.6140962471742911,0.4219686013473878,0.4151288637404395,0.29525570659913236,0.33113172986588146,"辛口,甘甜,鮮味,芳醇,熱燗,しっかり,華麗,清爽,醤油,冷酒,濃厚,常溫,豐潤,さっぱり,圓潤,ワイン,酸味,優しい,巧克力,俐落","辛口,甘味,旨味,芳醇,熱燗,しっかり,華やか,スッキリ,醤油,冷酒,濃厚,常温,豊か,さっぱり,まろやか,ワイン,酸味,優しい,チョコレート,キレ",986,https://sakenowa.com/brands/986,2026-09-28T20:22:25.377177+00:00
sn_1816,766,瑞鷹酒造,春酒,,熊本県,熊本縣,,,,,,,,,,,,,,,,,,1816,https://sakenowa.com/brands/1816,2026-09-28T20:22:25.377181+00:00
sn_3041,766,瑞鷹酒造,祟薫,,熊本県,熊本縣,,,,,,,,,,,,,,,,"柔らかい,鮮味","柔らかい,旨味",3041,https://sakenowa.com/brands/3041,2026-09-28T20:22:25.377187+00:00
sn_3504,766,瑞鷹酒造,華しずく,,熊本県,熊本縣,,,,,,,,,,,,,,,,"華麗,しっかり,清爽","華やか,しっかり,スッキリ",3504,https://sakenowa.com/brands/3504,2026-09-28T20:22:25.377192+00:00
sn_3525,766,瑞鷹酒造,夏酒,,熊本県,熊本縣,,,,,,,,,,,,,,,,"巧克力,グイグイ,薄い,清爽,輕快,さっぱり,甘甜","チョコレート,グイグイ,薄い,スッキリ,軽快,さっぱり,甘味",3525,https://sakenowa.com/brands/3525,2026-09-28T20:22:25.377198+00:00
sn_3809,766,瑞鷹酒造,崇薫,,熊本県,熊本縣,,,,,,,,,,0.3701356581268439,0.5251163351397347,0.21618465653897942,0.41636342230542733,0.3786893684059439,0.47302482625330045,"苦味,甘甜","苦味,甘味",3809,https://sakenowa.com/brands/3809,2026-09-28T20:22:25.377206+00:00
sn_1127,767,中野酒造,ちえびじん,,大分県,大分縣,,,,,,,,,,0.43999388841710585,0.5957413738329983,0.32190138736582363,0.3409174603867424,0.20936818065789503,0.43337898034235817,"氣泡感,甘甜,いちご,酸味,果香,鮮味,苦味,ワイン,華麗,平衡,しっかり,優しい,純淨,甘酸っぱい,起司,清爽,多汁,鮮爽,清新,濃厚","ガス,甘味,いちご,酸味,フルーティ,旨味,苦味,ワイン,華やか,バランス,しっかり,優しい,綺麗,甘酸っぱい,チーズ,スッキリ,ジューシー,フレッシュ,さわやか,濃厚",1127,https://sakenowa.com/brands/1127,2026-09-28T20:22:25.377373+00:00
sn_120275,767,中野酒造,智恵美人,,大分県,大分縣,,,,,,,,,,,,,,,,,,120275,https://sakenowa.com/brands/120275,2026-09-28T20:22:25.377377+00:00
sn_988,768,佐藤酒造,千羽鶴,,大分県,大分縣,,,,,,,,,,,,,,,,,,988,https://sakenowa.com/brands/988,2026-09-28T20:22:25.377540+00:00
sn_989,769,老松酒造,山水,,大分県,大分縣,,,,,,,,,,,,,,,,,,989,https://sakenowa.com/brands/989,2026-09-28T20:22:25.377701+00:00
sn_990,770,倉光酒造,倉光,,大分県,大分縣,,,,,,,,,,,,,,,,,,990,https://sakenowa.com/brands/990,2026-09-28T20:22:25.377875+00:00
sn_991,771,久家本店,一の井手,,大分県,大分縣,,,,,,,,,,,,,,,,,,991,https://sakenowa.com/brands/991,2026-09-28T20:22:25.378038+00:00
sn_992,771,久家本店,なごり雪,,大分県,大分縣,,,,,,,,,,,,,,,,"冷酒,常溫,鮮味,酸味,清爽","冷酒,常温,旨味,酸味,スッキリ",992,https://sakenowa.com/brands/992,2026-09-28T20:22:25.378044+00:00
sn_1713,771,久家本店,USUKI,,大分県,大分縣,,,,,,,,,,,,,,,,,,1713,https://sakenowa.com/brands/1713,2026-09-28T20:22:25.378049+00:00
sn_993,772,井上酒造,角の井,,大分県,大分縣,,,,,,,,,,0.34918979957136037,0.6162159154603766,0.34187717325050315,0.4759517310123961,0.2242234407651589,0.32350923661717257,酸味,酸味,993,https://sakenowa.com/brands/993,2026-09-28T20:22:25.378211+00:00
sn_3660,772,井上酒造,角ノ井,,大分県,大分縣,,,,,,,,,,,,,,,,"香蕉,哈密瓜,餘韻,果香,酸味,辛口,甘甜","バナナ,メロン,余韻,フルーティ,酸味,辛口,甘味",3660,https://sakenowa.com/brands/3660,2026-09-28T20:22:25.378217+00:00
sn_994,773,萱島酒造,西の関,,大分県,大分縣,,,,,,,,,,0.14827207837289155,0.6201177813486779,0.48131686517722627,0.4828223181257842,0.248837736440696,0.25839077647791314,"甘甜,鮮味,常溫,熱燗,濃厚,しっかり,冷酒,昔ながら,辛口,芳醇,酸味,圓潤,醤油,鮮爽,清爽,苦味,蜜,ふんわり,ピリリ,優しい","甘味,旨味,常温,熱燗,濃厚,しっかり,冷酒,昔ながら,辛口,芳醇,酸味,まろやか,醤油,フレッシュ,スッキリ,苦味,蜜,ふんわり,ピリリ,優しい",994,https://sakenowa.com/brands/994,2026-09-28T20:22:25.378389+00:00
sn_995,774,藤居酒造,龍梅,,大分県,大分縣,,,,,,,,,,,,,,,,,,995,https://sakenowa.com/brands/995,2026-09-28T20:22:25.378551+00:00
sn_996,776,三和酒類,和香牡丹,,大分県,大分縣,,,,,,,,,,0.47520782188659294,0.5466524991217073,0.2603254449160469,0.32869994996009283,0.3032217725174296,0.4556227974088595,"蘋果,果香,酸味,甘甜,輕快,華麗,純淨,苦味,氣泡感,多汁,餘韻,ワイン,鮮味,花香,清爽,さっぱり,ふくよか,ほのか,平衡,味噌","リンゴ,フルーティ,酸味,甘味,軽快,華やか,綺麗,苦味,ガス,ジューシー,余韻,ワイン,旨味,花,スッキリ,さっぱり,ふくよか,ほのか,バランス,味噌",996,https://sakenowa.com/brands/996,2026-09-28T20:22:25.378721+00:00
sn_997,777,浜嶋酒造,鷹来屋,,大分県,大分縣,,,,,,,,,,0.1800048239291828,0.481628725247168,0.4103022579747853,0.4836580391265613,0.44536082037890257,0.3674407875283925,"辛口,鮮味,清爽,しっかり,酸味,冷酒,巧克力,甘甜,穩重,穀物,清新,熱燗,俐落,果香,銳利,常溫,平衡,苦味,柔らかい,渋み","辛口,旨味,スッキリ,しっかり,酸味,冷酒,チョコレート,甘味,穏やか,穀物,さわやか,熱燗,キレ,フルーティ,シャープ,常温,バランス,苦味,柔らかい,渋み",997,https://sakenowa.com/brands/997,2026-09-28T20:22:25.378909+00:00
sn_3379,777,浜嶋酒造,華鷹,,大分県,大分縣,,,,,,,,,,,,,,,,華麗,華やか,3379,https://sakenowa.com/brands/3379,2026-09-28T20:22:25.378914+00:00
sn_998,778,小松酒造場,豊潤,,大分県,大分縣,,,,,,,,,,0.3431964745571725,0.5388426804950366,0.2813811182156994,0.3407121823492531,0.3633551190882522,0.5143711481715376,"酸味,鮮味,氣泡感,鮮爽,辛口,清新,苦味,優格,哈密瓜,俐落,甘甜,しっかり,清爽,甘酸っぱい,冷酒,柑橘,アミノ酸,控えめ,心地よい,麝香葡萄","酸味,旨味,ガス,フレッシュ,辛口,さわやか,苦味,ヨーグルト,メロン,キレ,甘味,しっかり,スッキリ,甘酸っぱい,冷酒,柑橘,アミノ酸,控えめ,心地よい,マスカット",998,https://sakenowa.com/brands/998,2026-09-28T20:22:25.379092+00:00
sn_2846,778,小松酒造場,華鷹,,大分県,大分縣,,,,,,,,,,,,,,,,,,2846,https://sakenowa.com/brands/2846,2026-09-28T20:22:25.379097+00:00
sn_999,779,クンチョウ酒造,薫長,,大分県,大分縣,,,,,,,,,,0.33036007174871884,0.6168978766768862,0.31203777243871605,0.38526642187236976,0.2759727594163678,0.4339821212388725,"いちご,鮮味,辛口,酸味,昔ながら,甘甜,芳醇,氣泡感,濃厚,清爽,哈密瓜,優格,華麗,とろみ,さっぱり,苦味,圓潤,グイグイ,ほのか,穩重","いちご,旨味,辛口,酸味,昔ながら,甘味,芳醇,ガス,濃厚,スッキリ,メロン,ヨーグルト,華やか,とろみ,さっぱり,苦味,まろやか,グイグイ,ほのか,穏やか",999,https://sakenowa.com/brands/999,2026-09-28T20:22:25.379263+00:00
sn_1000,781,八鹿酒造,八鹿,,大分県,大分縣,,,,,,,,,,0.3204549854909271,0.5899164057869747,0.40194968630100236,0.3900086772848375,0.32921254148933404,0.35672961793013186,"華麗,甘甜,辛口,清爽,鮮味,水蜜桃,果香,熱燗,氣泡感,濃厚,苦味,俐落,しっかり,冷酒,ふくよか,酸味,レーズン,醤油,醇厚,圓潤","華やか,甘味,辛口,スッキリ,旨味,桃,フルーティ,熱燗,ガス,濃厚,苦味,キレ,しっかり,冷酒,ふくよか,酸味,レーズン,醤油,コク,まろやか",1000,https://sakenowa.com/brands/1000,2026-09-28T20:22:25.379434+00:00
sn_2469,781,八鹿酒造,樹里愛,,大分県,大分縣,,,,,,,,,,,,,,,,"華麗,清新,しっかり,酸味,甘甜","華やか,さわやか,しっかり,酸味,甘味",2469,https://sakenowa.com/brands/2469,2026-09-28T20:22:25.379440+00:00
sn_3006,781,八鹿酒造,源,,大分県,大分縣,,,,,,,,,,,,,,,,"まったり,さらり,濃厚,酸味","まったり,さらり,濃厚,酸味",3006,https://sakenowa.com/brands/3006,2026-09-28T20:22:25.379449+00:00
sn_3543,781,八鹿酒造,ゆふいんの森,,大分県,大分縣,,,,,,,,,,,,,,,,,,3543,https://sakenowa.com/brands/3543,2026-09-28T20:22:25.379453+00:00
sn_3763,781,八鹿酒造,八鹿 秋の純米酒 ひやおろし,,大分県,大分縣,,,,,,,,,,,,,,,,"柔らかい,甘甜","柔らかい,甘味",3763,https://sakenowa.com/brands/3763,2026-09-28T20:22:25.379458+00:00
sn_3769,781,八鹿酒造,にごり酒,,大分県,大分縣,,,,,,,,,,,,,,,,,,3769,https://sakenowa.com/brands/3769,2026-09-28T20:22:25.379463+00:00
sn_1001,782,千徳酒造,千徳,,宮崎県,宮崎縣,,,,,,,,,,0.27381166572809956,0.576315686457532,0.3777818208466094,0.5134542679585069,0.2577847495166451,0.34652566243186345,"華麗,鮮味,甘甜,冷酒,清爽,常溫,酸味,辛口,さらり,しっかり,苦味,控えめ,穀物,濃厚,昔ながら,あっさり,輕快,さっぱり,果香,熱燗","華やか,旨味,甘味,冷酒,スッキリ,常温,酸味,辛口,さらり,しっかり,苦味,控えめ,穀物,濃厚,昔ながら,あっさり,軽快,さっぱり,フルーティ,熱燗",1001,https://sakenowa.com/brands/1001,2026-09-28T20:22:25.379629+00:00
sn_1075,782,千徳酒造,蔵の真心,,宮崎県,宮崎縣,,,,,,,,,,,,,,,,"まったり,柑橘,鮮味,蘋果,氣泡感,柔らかい,穩重,俐落,圓潤,酸味","まったり,柑橘,旨味,リンゴ,ガス,柔らかい,穏やか,キレ,まろやか,酸味",1075,https://sakenowa.com/brands/1075,2026-09-28T20:22:25.379639+00:00
sn_2210,782,千徳酒造,金雫,,宮崎県,宮崎縣,,,,,,,,,,,,,,,,"味噌,起司,ツン,芳醇,華麗,さっぱり,清爽,苦味,甘甜,しっかり","味噌,チーズ,ツン,芳醇,華やか,さっぱり,スッキリ,苦味,甘味,しっかり",2210,https://sakenowa.com/brands/2210,2026-09-28T20:22:25.379646+00:00
sn_3486,782,千徳酒造,夢の中まで,,宮崎県,宮崎縣,,,,,,,,,,0.44851071691553024,0.5100679161217998,0.28344399568804735,0.5162293910712358,0.22856227076103477,0.37362395967370265,"華麗,果香","華やか,フルーティ",3486,https://sakenowa.com/brands/3486,2026-09-28T20:22:25.379655+00:00
sn_1002,783,濱田酒造,薩州正宗,,鹿児島県,鹿兒島縣,,,,,,,,,,0.2114526989380245,0.6348250296794885,0.4382154239920324,0.4414987483626501,0.27755522075742256,0.2971432896840462,"甘甜,酸味,清爽,鮮味,純淨,辛口,渋み,冷酒,常溫,果香,濃厚,苦味,熱燗,華麗,しっかり,餘韻,さっぱり","甘味,酸味,スッキリ,旨味,綺麗,辛口,渋み,冷酒,常温,フルーティ,濃厚,苦味,熱燗,華やか,しっかり,余韻,さっぱり",1002,https://sakenowa.com/brands/1002,2026-09-28T20:22:25.379823+00:00
sn_2611,783,濱田酒造,蔵弥一,,鹿児島県,鹿兒島縣,,,,,,,,,,,,,,,,,,2611,https://sakenowa.com/brands/2611,2026-09-28T20:22:25.379828+00:00
sn_1013,831,養老酒造,養老酒造,,山梨県,山梨縣,,,,,,,,,,,,,,,,,,1013,https://sakenowa.com/brands/1013,2026-09-28T20:22:25.380007+00:00
sn_1021,832,宝剣酒造,宝剣,,広島県,廣島縣,,,,,,,,,,0.22486026436798898,0.39117328313678407,0.22760631833156475,0.37029191346380014,0.6272205007332571,0.4627040417017533,"辛口,俐落,鮮味,清爽,苦味,しっかり,甘甜,純淨,さっぱり,酸味,平衡,穩重,柔らかい,清新,餘韻,キリリ,鮮爽,銳利,輕快,果香","辛口,キレ,旨味,スッキリ,苦味,しっかり,甘味,綺麗,さっぱり,酸味,バランス,穏やか,柔らかい,さわやか,余韻,キリリ,フレッシュ,シャープ,軽快,フルーティ",1021,https://sakenowa.com/brands/1021,2026-09-28T20:22:25.380177+00:00
sn_2709,832,宝剣酒造,呉の太陽,,広島県,廣島縣,,,,,,,,,,,,,,,,ふんわり,ふんわり,2709,https://sakenowa.com/brands/2709,2026-09-28T20:22:25.380183+00:00
sn_1027,833,中井仁平酒造場,三重錦,,三重県,三重縣,,,,,,,,,,0.1443724782542535,0.5450598975477655,0.4243259124739023,0.4351577771558484,0.4466242320294869,0.33641985666126617,"辛口,鮮味,酸味,醇厚,苦味","辛口,旨味,酸味,コク,苦味",1027,https://sakenowa.com/brands/1027,2026-09-28T20:22:25.380346+00:00
sn_1029,834,藤市酒造,菊鷹,,愛知県,愛知縣,,,,,,,,,,0.31267142519571534,0.6103530414314229,0.3961565548417091,0.43003603700962356,0.18267324308312954,0.3930206379720909,"酸味,多汁,鮮味,葡萄柚,氣泡感,鮮爽,清新,苦味,甘甜,昔ながら,果香,優格,常溫,濃厚,しっかり,ラムネ,どっしり,辛口,柑橘,醇厚","酸味,ジューシー,旨味,グレープフルーツ,ガス,フレッシュ,さわやか,苦味,甘味,昔ながら,フルーティ,ヨーグルト,常温,濃厚,しっかり,ラムネ,どっしり,辛口,柑橘,コク",1029,https://sakenowa.com/brands/1029,2026-09-28T20:22:25.380516+00:00
sn_81363,834,藤市酒造,尾州壽,,愛知県,愛知縣,,,,,,,,,,0.24473672110255157,0.6268888636481637,0.42783163173910077,0.49957475577996546,0.1453760254023918,0.30555729329691284,"哈密瓜,酸味,香蕉,厚み,燗冷まし,複雜,鮮味,甘甜,心地よい,氣泡感,ほのか,苦味,しっかり,滑順,穩重,餘韻,柔らかい,常溫","メロン,酸味,バナナ,厚み,燗冷まし,複雑,旨味,甘味,心地よい,ガス,ほのか,苦味,しっかり,なめらか,穏やか,余韻,柔らかい,常温",81363,https://sakenowa.com/brands/81363,2026-09-28T20:22:25.380527+00:00
sn_648,835,清水清三郎商店,鈴鹿川,,三重県,三重縣,,,,,,,,,,0.45179148165308314,0.5462582584753118,0.22029722452488745,0.4020909247433296,0.265500553943822,0.465604820759451,"果香,甘甜,平衡,華麗,苦味,鮮味,純淨,俐落,清爽,西洋梨,輕快,しっかり,控えめ,酸味,香蕉,滑順,鮮爽,清新,餘韻,哈密瓜","フルーティ,甘味,バランス,華やか,苦味,旨味,綺麗,キレ,スッキリ,洋梨,軽快,しっかり,控えめ,酸味,バナナ,なめらか,フレッシュ,さわやか,余韻,メロン",648,https://sakenowa.com/brands/648,2026-09-28T20:22:25.380696+00:00
sn_1033,835,清水清三郎商店,作,,三重県,三重縣,,,,,,,,,,0.5218799075505594,0.5479976191473174,0.20950152364281643,0.34499876987145045,0.22997930837213867,0.45992874404964984,"果香,華麗,甘甜,穩定,鮮味,鮮爽,苦味,酸味,平衡,荔枝,清爽,氣泡感,清新,西洋梨,高雅,純淨,餘韻,哈密瓜,俐落,しっかり","フルーティ,華やか,甘味,安定,旨味,フレッシュ,苦味,酸味,バランス,ライチ,スッキリ,ガス,さわやか,洋梨,上品,綺麗,余韻,メロン,キレ,しっかり",1033,https://sakenowa.com/brands/1033,2026-09-28T20:22:25.380705+00:00
sn_2349,835,清水清三郎商店,Noname Irodori 紺碧,,三重県,三重縣,,,,,,,,,,,,,,,,,,2349,https://sakenowa.com/brands/2349,2026-09-28T20:22:25.380710+00:00
sn_2808,835,清水清三郎商店,イセノハナ,,三重県,三重縣,,,,,,,,,,,,,,,,,,2808,https://sakenowa.com/brands/2808,2026-09-28T20:22:25.380715+00:00
sn_1034,836,小野酒造,老亀,,広島県,廣島縣,,,,,,,,,,0.3107526918497518,0.5646802743893156,0.39238886928904737,0.3994609321549954,0.334303423084575,0.3990891034313028,"巧克力,常溫,辛口,味噌,鮮味,苦味,カルピス,ワイン,酸味,果物","チョコレート,常温,辛口,味噌,旨味,苦味,カルピス,ワイン,酸味,果物",1034,https://sakenowa.com/brands/1034,2026-09-28T20:22:25.380891+00:00
sn_1035,837,大雪渓酒造,大雪渓,,長野県,長野縣,,,,,,,,,,0.40098412958200846,0.48233337700591267,0.23770495691138754,0.34409617863374814,0.37024129923157606,0.5427538990206819,"氣泡感,果香,鮮味,辛口,酸味,清爽,甘甜,清新,蘋果,鮮爽,ピチピチ,純淨,苦味,しっかり,平衡,華麗,輕快,ワイン,ピリリ,ほのか","ガス,フルーティ,旨味,辛口,酸味,スッキリ,甘味,さわやか,リンゴ,フレッシュ,ピチピチ,綺麗,苦味,しっかり,バランス,華やか,軽快,ワイン,ピリリ,ほのか",1035,https://sakenowa.com/brands/1035,2026-09-28T20:22:25.381060+00:00
sn_1042,838,中井酒造場,霧隠才蔵,,三重県,三重縣,,,,,,,,,,,,,,,,,,1042,https://sakenowa.com/brands/1042,2026-09-28T20:22:25.381222+00:00
sn_1057,839,寿酒造,とんださけ,,大阪府,大阪府,,,,,,,,,,,,,,,,,,1057,https://sakenowa.com/brands/1057,2026-09-28T20:22:25.381387+00:00
sn_3410,839,寿酒造,國乃長,,大阪府,大阪府,,,,,,,,,,0.2556392921643452,0.5918421864883463,0.3778409070895318,0.43880333343480415,0.3351434368708085,0.3697812039748538,"甘甜,鮮味,清爽,醇厚,辛口,華麗,酸味,餘韻,清新","甘味,旨味,スッキリ,コク,辛口,華やか,酸味,余韻,さわやか",3410,https://sakenowa.com/brands/3410,2026-09-28T20:22:25.381394+00:00
sn_3795,839,寿酒造,貴一本,,大阪府,大阪府,,,,,,,,,,,,,,,,"甘甜,清爽","甘味,スッキリ",3795,https://sakenowa.com/brands/3795,2026-09-28T20:22:25.381400+00:00
sn_1061,840,一宮酒造,石見銀山,,島根県,島根縣,,,,,,,,,,,,,,,,,,1061,https://sakenowa.com/brands/1061,2026-09-28T20:22:25.381564+00:00
sn_2993,840,一宮酒造,岩見辛口,,島根県,島根縣,,,,,,,,,,,,,,,,とろみ,とろみ,2993,https://sakenowa.com/brands/2993,2026-09-28T20:22:25.381569+00:00
sn_8394,840,一宮酒造,理可,,島根県,島根縣,,,,,,,,,,,,,,,,,,8394,https://sakenowa.com/brands/8394,2026-09-28T20:22:25.381574+00:00
sn_1067,841,竹野酒造,蔵舞,,京都府,京都府,,,,,,,,,,,,,,,,"華麗,常溫,俐落,酸味,苦味,甘甜,鮮味,清爽","華やか,常温,キレ,酸味,苦味,甘味,旨味,スッキリ",1067,https://sakenowa.com/brands/1067,2026-09-28T20:22:25.381737+00:00
sn_3663,841,竹野酒造,弥栄鶴,,京都府,京都府,,,,,,,,,,0.334985523959235,0.5893346893828051,0.37713512249839976,0.3563184056240681,0.2214400189816605,0.4714233063955051,"酸味,氣泡感,鮮味,ピチピチ,甘甜,苦味,鮮爽,昔ながら,しっかり,哈密瓜,辛口,荔枝,輕快,常溫,平衡,控えめ,俐落,果香,醇厚,ブドウ","酸味,ガス,旨味,ピチピチ,甘味,苦味,フレッシュ,昔ながら,しっかり,メロン,辛口,ライチ,軽快,常温,バランス,控えめ,キレ,フルーティ,コク,ブドウ",3663,https://sakenowa.com/brands/3663,2026-09-28T20:22:25.381747+00:00
sn_3845,841,竹野酒造,祝蔵舞,,京都府,京都府,,,,,,,,,,,,,,,,,,3845,https://sakenowa.com/brands/3845,2026-09-28T20:22:25.381751+00:00
sn_1089,842,山口,会州一,,福島県,福島縣,,,,,,,,,,0.38203782701991695,0.5477236134318869,0.26670685951178125,0.41845080261963696,0.3528660162009235,0.42813303248155354,"苦味,果香,辛口,鮮味","苦味,フルーティ,辛口,旨味",1089,https://sakenowa.com/brands/1089,2026-09-28T20:22:25.381928+00:00
sn_1109,843,与謝娘酒造,与謝娘,,京都府,京都府,,,,,,,,,,0.4921598960944866,0.5856274102905474,0.2980681864736035,0.35997765031481904,0.17104701445736595,0.40881969047983924,"ワイン,酸味","ワイン,酸味",1109,https://sakenowa.com/brands/1109,2026-09-28T20:22:25.382091+00:00
sn_1112,844,北庄司酒造店,荘の郷,,大阪府,大阪府,,,,,,,,,,0.3462061203174597,0.5177246641547154,0.3252958597791905,0.3548792191579982,0.3666543440831736,0.49589356697368453,"辛口,氣泡感,甘甜,鮮爽,鮮味","辛口,ガス,甘味,フレッシュ,旨味",1112,https://sakenowa.com/brands/1112,2026-09-28T20:22:25.382298+00:00
sn_3818,844,北庄司酒造店,hajime,,大阪府,大阪府,,,,,,,,,,,,,,,,"若い,甘甜,深み,あっさり,ワイン,常溫,果香,酸味,辛口,清爽","若い,甘味,深み,あっさり,ワイン,常温,フルーティ,酸味,辛口,スッキリ",3818,https://sakenowa.com/brands/3818,2026-09-28T20:22:25.382307+00:00
sn_1134,845,世嬉の一酒造,せきのいち,,岩手県,岩手縣,,,,,,,,,,,,,,,,,,1134,https://sakenowa.com/brands/1134,2026-09-28T20:22:25.382471+00:00
sn_2666,845,世嬉の一酒造,スパークリング清酒,,岩手県,岩手縣,,,,,,,,,,,,,,,,甘甜,甘味,2666,https://sakenowa.com/brands/2666,2026-09-28T20:22:25.382480+00:00
sn_1146,846,喜久盛酒造,タクシードライバー,,岩手県,岩手縣,,,,,,,,,,0.16973855404132582,0.631387194599037,0.5888034350276479,0.30763785296315704,0.2562952097027562,0.25597122020961505,"酸味,鮮味,紹興酒,ツン,熱燗,濃厚,セメダイン,しっかり,辛口,力道強勁,常溫,芳醇,醇厚,複雜,甘甜,果香,苦味,俐落,冷酒,どっしり","酸味,旨味,紹興酒,ツン,熱燗,濃厚,セメダイン,しっかり,辛口,力強い,常温,芳醇,コク,複雑,甘味,フルーティ,苦味,キレ,冷酒,どっしり",1146,https://sakenowa.com/brands/1146,2026-09-28T20:22:25.382650+00:00
sn_1303,846,喜久盛酒造,ひやおろし,,岩手県,岩手縣,,,,,,,,,,,,,,,,"さっぱり,冷酒,甘甜","さっぱり,冷酒,甘味",1303,https://sakenowa.com/brands/1303,2026-09-28T20:22:25.382657+00:00
sn_2056,846,喜久盛酒造,㐂久盛,,岩手県,岩手縣,,,,,,,,,,,,,,,,焦糖,キャラメル,2056,https://sakenowa.com/brands/2056,2026-09-28T20:22:25.382661+00:00
sn_2475,846,喜久盛酒造,人魚の涙,,岩手県,岩手縣,,,,,,,,,,,,,,,,"するする,しっかり","するする,しっかり",2475,https://sakenowa.com/brands/2475,2026-09-28T20:22:25.382667+00:00
sn_2476,846,喜久盛酒造,有末,,岩手県,岩手縣,,,,,,,,,,,,,,,,丸み,丸み,2476,https://sakenowa.com/brands/2476,2026-09-28T20:22:25.382678+00:00
sn_2514,846,喜久盛酒造,鬼剣舞,,岩手県,岩手縣,,,,,,,,,,,,,,,,じわじわ,じわじわ,2514,https://sakenowa.com/brands/2514,2026-09-28T20:22:25.382683+00:00
sn_2518,846,喜久盛酒造,展勝桜,,岩手県,岩手縣,,,,,,,,,,,,,,,,,,2518,https://sakenowa.com/brands/2518,2026-09-28T20:22:25.382687+00:00
sn_2519,846,喜久盛酒造,百姓おどり,,岩手県,岩手縣,,,,,,,,,,,,,,,,"紹興酒,氣泡感,控えめ,辛口,ほのか,酸味,しっかり,鮮味,甘甜","紹興酒,ガス,控えめ,辛口,ほのか,酸味,しっかり,旨味,甘味",2519,https://sakenowa.com/brands/2519,2026-09-28T20:22:25.382696+00:00
sn_3326,846,喜久盛酒造,シャムロック,,岩手県,岩手縣,,,,,,,,,,,,,,,,,,3326,https://sakenowa.com/brands/3326,2026-09-28T20:22:25.382700+00:00
sn_3587,846,喜久盛酒造,アウトレット,,岩手県,岩手縣,,,,,,,,,,,,,,,,,,3587,https://sakenowa.com/brands/3587,2026-09-28T20:22:25.382707+00:00
sn_3727,846,喜久盛酒造,喜久盛,,岩手県,岩手縣,,,,,,,,,,0.2846821827442076,0.6069920051607733,0.46843764579744634,0.3575217079627064,0.2505306909332006,0.37482733856351236,"酸味,鮮味,甘甜,しっかり,濃厚,氣泡感,餘韻,果香,カラメル,俐落,辛口,苦味,優格,プラム,穩重,清新,荔枝","酸味,旨味,甘味,しっかり,濃厚,ガス,余韻,フルーティ,カラメル,キレ,辛口,苦味,ヨーグルト,プラム,穏やか,さわやか,ライチ",3727,https://sakenowa.com/brands/3727,2026-09-28T20:22:25.382716+00:00
sn_3952,846,喜久盛酒造,666,,岩手県,岩手縣,,,,,,,,,,,,,,,,"高雅,優しい,平衡,甘甜,酸味","上品,優しい,バランス,甘味,酸味",3952,https://sakenowa.com/brands/3952,2026-09-28T20:22:25.382722+00:00
sn_1155,847,松瀬酒造,松の司,,滋賀県,滋賀縣,,,,,,,,,,0.3278188437485067,0.5740745564096695,0.33263441587291687,0.4861508288222211,0.2586870058360034,0.38609061033698816,"鮮味,果香,酸味,甘甜,穩重,平衡,哈密瓜,しっかり,純淨,苦味,清爽,鮮爽,辛口,清新,餘韻,輕快,蘋果,滑順,優しい,柔らかい","旨味,フルーティ,酸味,甘味,穏やか,バランス,メロン,しっかり,綺麗,苦味,スッキリ,フレッシュ,辛口,さわやか,余韻,軽快,リンゴ,なめらか,優しい,柔らかい",1155,https://sakenowa.com/brands/1155,2026-09-28T20:22:25.382905+00:00
sn_1162,848,麻原酒造,琵琶のさざ浪,,埼玉県,埼玉縣,,,,,,,,,,0.3364555446859627,0.46424238155989894,0.22081904220571094,0.3255454829842628,0.45752547498107643,0.5542618573065453,"シャンパン,辛口,鮮味,清爽,鮮爽","シャンパン,辛口,旨味,スッキリ,フレッシュ",1162,https://sakenowa.com/brands/1162,2026-09-28T20:22:25.383084+00:00
sn_2324,848,麻原酒造,琵琶のささ浪,,埼玉県,埼玉縣,,,,,,,,,,0.3586144968206239,0.6122299074383514,0.24808131900764455,0.3178229594666847,0.33469439618599234,0.47116246652834953,"アミノ酸,氣泡感,鮮爽,果香","アミノ酸,ガス,フレッシュ,フルーティ",2324,https://sakenowa.com/brands/2324,2026-09-28T20:22:25.383093+00:00
sn_2432,848,麻原酒造,東京駅ラベル,,埼玉県,埼玉縣,,,,,,,,,,,,,,,,酸味,酸味,2432,https://sakenowa.com/brands/2432,2026-09-28T20:22:25.383098+00:00
sn_2610,848,麻原酒造,武蔵野,,埼玉県,埼玉縣,,,,,,,,,,,,,,,,,,2610,https://sakenowa.com/brands/2610,2026-09-28T20:22:25.383103+00:00
sn_1166,849,松井酒造店,松の寿,,栃木県,栃木縣,,,,,,,,,,0.3754463288381423,0.52824332906238,0.30085023058425797,0.43230518282101676,0.3183308048265347,0.44862668871237726,"鮮味,酸味,派手,苦味,辛口,果香,甘甜,清爽,華麗,哈密瓜,香蕉,しっかり,俐落,清新,穩重,餘韻,氣泡感,蘋果,清涼,純淨","旨味,酸味,派手,苦味,辛口,フルーティ,甘味,スッキリ,華やか,メロン,バナナ,しっかり,キレ,さわやか,穏やか,余韻,ガス,リンゴ,清涼,綺麗",1166,https://sakenowa.com/brands/1166,2026-09-28T20:22:25.383313+00:00
sn_2667,849,松井酒造店,男の友情,,栃木県,栃木縣,,,,,,,,,,,,,,,,,,2667,https://sakenowa.com/brands/2667,2026-09-28T20:22:25.383324+00:00
sn_1173,850,小豆島酒造 (旧 森國酒造),びびび。,,香川県,香川縣,,,,,,,,,,,,,,,,,,1173,https://sakenowa.com/brands/1173,2026-09-28T20:22:25.383510+00:00
sn_2461,850,小豆島酒造 (旧 森國酒造),うとうと。,,香川県,香川縣,,,,,,,,,,,,,,,,,,2461,https://sakenowa.com/brands/2461,2026-09-28T20:22:25.383517+00:00
sn_2473,850,小豆島酒造 (旧 森國酒造),ふわふわ。,,香川県,香川縣,,,,,,,,,,,,,,,,,,2473,https://sakenowa.com/brands/2473,2026-09-28T20:22:25.383521+00:00
sn_3389,850,小豆島酒造 (旧 森國酒造),春の光,,香川県,香川縣,,,,,,,,,,,,,,,,,,3389,https://sakenowa.com/brands/3389,2026-09-28T20:22:25.383525+00:00
sn_3390,850,小豆島酒造 (旧 森國酒造),ふふふ。,,香川県,香川縣,,,,,,,,,,,,,,,,,,3390,https://sakenowa.com/brands/3390,2026-09-28T20:22:25.383530+00:00
sn_1175,851,白井酒造店,風が吹く,,福島県,福島縣,,,,,,,,,,0.34353928618777807,0.590618422663088,0.3327508745613829,0.4471625769556972,0.2937803649702765,0.36900707318893494,"鮮味,酸味,果香,苦味,甘甜,しっかり,清新,蘋果,平衡,柔らかい,純淨,華麗,清爽,鮮爽,辛口,優しい,餘韻,芳醇,穩重,俐落","旨味,酸味,フルーティ,苦味,甘味,しっかり,さわやか,リンゴ,バランス,柔らかい,綺麗,華やか,スッキリ,フレッシュ,辛口,優しい,余韻,芳醇,穏やか,キレ",1175,https://sakenowa.com/brands/1175,2026-09-28T20:22:25.383706+00:00
sn_3408,851,白井酒造店,萬代芳,,福島県,福島縣,,,,,,,,,,,,,,,,純淨,綺麗,3408,https://sakenowa.com/brands/3408,2026-09-28T20:22:25.383711+00:00
sn_1186,852,勇心酒造,勇心,,香川県,香川縣,,,,,,,,,,,,,,,,,,1186,https://sakenowa.com/brands/1186,2026-09-28T20:22:25.383887+00:00
sn_1188,853,松乃井酒造場,凌駕,,新潟県,新潟縣,,,,,,,,,,0.2516454680931691,0.370005023651767,0.2424151312273473,0.3229100542460051,0.57968451639959,0.5483618361320096,"辛口,鮮味,酸味,清爽,爽快,ピリリ,清新,しっかり,氣泡感,甘甜,マイルド,俐落,さっぱり","辛口,旨味,酸味,スッキリ,爽快,ピリリ,さわやか,しっかり,ガス,甘味,マイルド,キレ,さっぱり",1188,https://sakenowa.com/brands/1188,2026-09-28T20:22:25.384053+00:00
sn_1772,853,松乃井酒造場,松乃井,,新潟県,新潟縣,,,,,,,,,,0.23321134057397444,0.5111497448718139,0.30198985753764435,0.4319277252321309,0.508635709424799,0.3845369815288135,"辛口,鮮味,しっかり,清爽,俐落,味噌,甘甜,鮮爽","辛口,旨味,しっかり,スッキリ,キレ,味噌,甘味,フレッシュ",1772,https://sakenowa.com/brands/1772,2026-09-28T20:22:25.384061+00:00
sn_2884,853,松乃井酒造場,松の井,,新潟県,新潟縣,,,,,,,,,,,,,,,,"ピリリ,ふんわり,ちびちび,辛口,清爽,しっかり,穩重,さっぱり,圓潤,酸味","ピリリ,ふんわり,ちびちび,辛口,スッキリ,しっかり,穏やか,さっぱり,まろやか,酸味",2884,https://sakenowa.com/brands/2884,2026-09-28T20:22:25.384068+00:00
sn_3750,854,八幡川酒造,八幡川,,広島県,廣島縣,,,,,,,,,,0.3842326438847586,0.6856258971725303,0.24175167564233416,0.2709946370011865,0.30012597586748874,0.4004058405543028,"いちご,ミルク,氣泡感,酸味,甘酸っぱい,辛口,巧克力,ピリリ,苦味,ワイン,甘甜,果物","いちご,ミルク,ガス,酸味,甘酸っぱい,辛口,チョコレート,ピリリ,苦味,ワイン,甘味,果物",3750,https://sakenowa.com/brands/3750,2026-09-28T20:22:25.384237+00:00
sn_1136,855,飯沼本家,甲子,,千葉県,千葉縣,,,,,,,,,,0.508864847089425,0.4648645200653029,0.1772443666363348,0.23381804036654658,0.33773646924636336,0.5699168195596129,"氣泡感,蘋果,鮮爽,果香,酸味,多汁,甘甜,清新,華麗,鮮味,苦味,しっかり,清爽,辛口,平衡,ピチピチ,輕快,香蕉,ピリリ,餘韻","ガス,リンゴ,フレッシュ,フルーティ,酸味,ジューシー,甘味,さわやか,華やか,旨味,苦味,しっかり,スッキリ,辛口,バランス,ピチピチ,軽快,バナナ,ピリリ,余韻",1136,https://sakenowa.com/brands/1136,2026-09-28T20:22:25.384404+00:00
sn_1212,855,飯沼本家,一喜,,千葉県,千葉縣,,,,,,,,,,,,,,,,焦糖,キャラメル,1212,https://sakenowa.com/brands/1212,2026-09-28T20:22:25.384409+00:00
sn_2770,855,飯沼本家,きのえね,,千葉県,千葉縣,,,,,,,,,,0.5184428409836257,0.4497953338607694,0.18468522752748553,0.20754042730790814,0.4093229487448677,0.5330799561666938,"蘋果,氣泡感,果香,鮮爽,酸味,ピリリ,清新,鳳梨,甘甜,苦味,多汁,ジュース,ワイン,甘酸っぱい,華麗,清爽,ピチピチ,鮮味,しっかり,平衡","リンゴ,ガス,フルーティ,フレッシュ,酸味,ピリリ,さわやか,パイナップル,甘味,苦味,ジューシー,ジュース,ワイン,甘酸っぱい,華やか,スッキリ,ピチピチ,旨味,しっかり,バランス",2770,https://sakenowa.com/brands/2770,2026-09-28T20:22:25.384418+00:00
sn_1216,856,辻善兵衛商店,辻善兵衛,,栃木県,栃木縣,,,,,,,,,,0.3412256089667547,0.5650229849849489,0.29203184339808136,0.4544067917855886,0.3290861388723957,0.4052755771653051,"氣泡感,鮮味,ワイン,酸味,苦味,清爽,辛口,俐落,果香,厚み,穩重,哈密瓜,ふんわり,平衡,しっかり,甘甜,多汁,圓潤,柔らかい,清新","ガス,旨味,ワイン,酸味,苦味,スッキリ,辛口,キレ,フルーティ,厚み,穏やか,メロン,ふんわり,バランス,しっかり,甘味,ジューシー,まろやか,柔らかい,さわやか",1216,https://sakenowa.com/brands/1216,2026-09-28T20:22:25.384584+00:00
sn_1867,856,辻善兵衛商店,桜川,,栃木県,栃木縣,,,,,,,,,,,,,,,,,,1867,https://sakenowa.com/brands/1867,2026-09-28T20:22:25.384589+00:00
sn_3359,856,辻善兵衛商店,辻風,,栃木県,栃木縣,,,,,,,,,,,,,,,,,,3359,https://sakenowa.com/brands/3359,2026-09-28T20:22:25.384594+00:00
sn_1217,857,冨士酒造,栄光冨士,,山形県,山形縣,,,,,,,,,,0.4693178544794956,0.591505063717075,0.2588987336266897,0.2611041106152855,0.268081502685364,0.47200731787555644,"氣泡感,果香,甘甜,多汁,苦味,華麗,鮮味,酸味,鳳梨,鮮爽,清爽,俐落,平衡,哈密瓜,しっかり,穩定,清新,辛口,濃厚,餘韻","ガス,フルーティ,甘味,ジューシー,苦味,華やか,旨味,酸味,パイナップル,フレッシュ,スッキリ,キレ,バランス,メロン,しっかり,安定,さわやか,辛口,濃厚,余韻",1217,https://sakenowa.com/brands/1217,2026-09-28T20:22:25.384761+00:00
sn_1221,857,冨士酒造,有加藤,,山形県,山形縣,,,,,,,,,,0.5549090492714946,0.4776961755811348,0.19436395374353,0.4018817779389346,0.31003691018694324,0.4104547663742262,草本,ハーブ,1221,https://sakenowa.com/brands/1221,2026-09-28T20:22:25.384768+00:00
sn_2014,857,冨士酒造,虎穴,,山形県,山形縣,,,,,,,,,,,,,,,,"華麗,キリリ,穩重,醇厚,酸味,鮮味","華やか,キリリ,穏やか,コク,酸味,旨味",2014,https://sakenowa.com/brands/2014,2026-09-28T20:22:25.384775+00:00
sn_3230,857,冨士酒造,出羽の里,,山形県,山形縣,,,,,,,,,,,,,,,,"鮮烈,あっさり,果香,キリリ,清爽,さっぱり,甘甜","鮮烈,あっさり,フルーティ,キリリ,スッキリ,さっぱり,甘味",3230,https://sakenowa.com/brands/3230,2026-09-28T20:22:25.384781+00:00
sn_1232,859,NEXT FIVE,Shangri-la,,秋田県,秋田縣,,,,,,,,,,,,,,,,,,1232,https://sakenowa.com/brands/1232,2026-09-28T20:22:25.385116+00:00
sn_1245,861,鮎正宗酒造,初鮎,,新潟県,新潟縣,,,,,,,,,,,,,,,,,,1245,https://sakenowa.com/brands/1245,2026-09-28T20:22:25.385436+00:00
sn_1246,861,鮎正宗酒造,鮎,,新潟県,新潟縣,,,,,,,,,,,,,,,,,,1246,https://sakenowa.com/brands/1246,2026-09-28T20:22:25.385440+00:00
sn_2182,861,鮎正宗酒造,あゆカップ,,新潟県,新潟縣,,,,,,,,,,,,,,,,,,2182,https://sakenowa.com/brands/2182,2026-09-28T20:22:25.385445+00:00
sn_2232,861,鮎正宗酒造,鮎正宗,,新潟県,新潟縣,,,,,,,,,,0.3712265608725037,0.515470475992585,0.30364677585329786,0.4328913343166821,0.23284726171414502,0.5125103996821875,"カルピス,甘甜,氣泡感,酸味,鮮味,櫻花,果香,醇厚,ジュース,清爽,辛口,鮮爽,柔らかい,滑順,奶油感,蘋果,しっかり,輕快,苦味,荒々しい","カルピス,甘味,ガス,酸味,旨味,桜,フルーティ,コク,ジュース,スッキリ,辛口,フレッシュ,柔らかい,なめらか,クリーミー,リンゴ,しっかり,軽快,苦味,荒々しい",2232,https://sakenowa.com/brands/2232,2026-09-28T20:22:25.385455+00:00
sn_1247,862,大沼酒造店,乾坤一,,宮城県,宮城縣,,,,,,,,,,0.30206676635521573,0.49965049808314543,0.2924767877466793,0.4340240544292704,0.43584266520659265,0.441844620223834,"辛口,鮮味,甘甜,清爽,俐落,酸味,苦味,果香,しっかり,平衡,清新,高雅,純淨,穩重,華麗,鮮爽,さっぱり,ほのか,餘韻,柔らかい","辛口,旨味,甘味,スッキリ,キレ,酸味,苦味,フルーティ,しっかり,バランス,さわやか,上品,綺麗,穏やか,華やか,フレッシュ,さっぱり,ほのか,余韻,柔らかい",1247,https://sakenowa.com/brands/1247,2026-09-28T20:22:25.385623+00:00
sn_1255,863,野崎酒造,喜正,,東京都,東京都,,,,,,,,,,0.24363815021601126,0.5103831075049227,0.4368293798660388,0.4808553645987249,0.36773253948196516,0.3505431870134739,"どっしり,鮮味,しっかり,哈密瓜,苦味,辛口,酸味,穩重,圓潤,清爽","どっしり,旨味,しっかり,メロン,苦味,辛口,酸味,穏やか,まろやか,スッキリ",1255,https://sakenowa.com/brands/1255,2026-09-28T20:22:25.385788+00:00
sn_1256,864,酒ぬのや本金酒造,本金,,長野県,長野縣,,,,,,,,,,0.4106221860481119,0.5498333230606243,0.2854321219616768,0.33458756612860424,0.29262446192778246,0.5000233252591803,"酸味,鮮味,蘋果,清新,氣泡感,甘甜,苦味,果香,しっかり,多汁,柑橘,清爽,平衡,餘韻,輕快,ワイン,鮮爽,檸檬,辛口,純淨","酸味,旨味,リンゴ,さわやか,ガス,甘味,苦味,フルーティ,しっかり,ジューシー,柑橘,スッキリ,バランス,余韻,軽快,ワイン,フレッシュ,レモン,辛口,綺麗",1256,https://sakenowa.com/brands/1256,2026-09-28T20:22:25.385969+00:00
sn_1259,865,清水酒造店,能登誉,,石川県,石川縣,,,,,,,,,,,,,,,,,,1259,https://sakenowa.com/brands/1259,2026-09-28T20:22:25.386133+00:00
sn_1260,866,林龍平酒造場,九州菊,,福岡県,福岡縣,,,,,,,,,,0.1611444626072008,0.5528562972074964,0.47268889613472365,0.33006980657714236,0.475087904462334,0.33210388449957257,,,1260,https://sakenowa.com/brands/1260,2026-09-28T20:22:25.386295+00:00
sn_1261,866,林龍平酒造場,残心,,福岡県,福岡縣,,,,,,,,,,,,,,,,,,1261,https://sakenowa.com/brands/1261,2026-09-28T20:22:25.386300+00:00
sn_3355,866,林龍平酒造場,源じいの森,,福岡県,福岡縣,,,,,,,,,,,,,,,,"常溫,苦味,清爽,甘甜","常温,苦味,スッキリ,甘味",3355,https://sakenowa.com/brands/3355,2026-09-28T20:22:25.386309+00:00
sn_1290,867,白龍酒造,白龍,,新潟県,新潟縣,,,,,,,,,,0.32877976886065874,0.5359572890583272,0.3789697076157127,0.38180258248193966,0.348902647525208,0.43991969626610716,"ワイン,辛口,清爽,鮮味,甘甜,酸味,果香,圓潤,清新,ほのか,さっぱり,醇厚,しっかり,苦味,スイスイ,芳醇,ふくよか,濃厚,氣泡感,巧克力","ワイン,辛口,スッキリ,旨味,甘味,酸味,フルーティ,まろやか,さわやか,ほのか,さっぱり,コク,しっかり,苦味,スイスイ,芳醇,ふくよか,濃厚,ガス,チョコレート",1290,https://sakenowa.com/brands/1290,2026-09-28T20:22:25.386480+00:00
sn_1291,868,岡野酒造,日の出,,奈良県,奈良縣,,,,,,,,,,,,,,,,,,1291,https://sakenowa.com/brands/1291,2026-09-28T20:22:25.386644+00:00
sn_1292,868,岡野酒造,日乃出,,奈良県,奈良縣,,,,,,,,,,,,,,,,,,1292,https://sakenowa.com/brands/1292,2026-09-28T20:22:25.386649+00:00
sn_1293,869,蔵王酒造,藏王,,宮城県,宮城縣,,,,,,,,,,0.4155110801966316,0.5729607936394835,0.27667566796982324,0.38573570420552,0.2850409267185524,0.4387216458482464,"鮮味,甘甜,酸味,哈密瓜,清爽,麝香葡萄,華麗,果香,俐落,清新,苦味,純淨,平衡,餘韻,辛口,香蕉,穩重,ブドウ,しっかり,冷酒","旨味,甘味,酸味,メロン,スッキリ,マスカット,華やか,フルーティ,キレ,さわやか,苦味,綺麗,バランス,余韻,辛口,バナナ,穏やか,ブドウ,しっかり,冷酒",1293,https://sakenowa.com/brands/1293,2026-09-28T20:22:25.386818+00:00
sn_1300,871,吉江酒造,太刀山,,富山県,富山縣,,,,,,,,,,,,,,,,焦糖,キャラメル,1300,https://sakenowa.com/brands/1300,2026-09-28T20:22:25.387011+00:00
sn_2115,871,吉江酒造,馬酔木,,富山県,富山縣,,,,,,,,,,,,,,,,"辛口,清爽","辛口,スッキリ",2115,https://sakenowa.com/brands/2115,2026-09-28T20:22:25.387017+00:00
sn_1307,873,浪花酒造,浪花正宗,,大阪府,大阪府,,,,,,,,,,0.18555626721059507,0.5675082766497402,0.3730192310380547,0.40359493660865875,0.4458383385349374,0.3777554552153416,"甘甜,鮮味","甘味,旨味",1307,https://sakenowa.com/brands/1307,2026-09-28T20:22:25.387180+00:00
sn_1349,874,寒菊銘醸,総乃寒菊,,千葉県,千葉縣,,,,,,,,,,0.5059716340339073,0.5193966750643609,0.19869500909476878,0.24819918068281827,0.20968189343328472,0.573734052606767,"氣泡感,甘甜,多汁,果香,酸味,苦味,鮮味,鮮爽,清新,華麗,鳳梨,穩定,蘋果,純淨,平衡,甘酸っぱい,哈密瓜,輕快,清爽,しっかり","ガス,甘味,ジューシー,フルーティ,酸味,苦味,旨味,フレッシュ,さわやか,華やか,パイナップル,安定,リンゴ,綺麗,バランス,甘酸っぱい,メロン,軽快,スッキリ,しっかり",1349,https://sakenowa.com/brands/1349,2026-09-28T20:22:25.387347+00:00
sn_2618,874,寒菊銘醸,源作,,千葉県,千葉縣,,,,,,,,,,,,,,,,,,2618,https://sakenowa.com/brands/2618,2026-09-28T20:22:25.387352+00:00
sn_3037,874,寒菊銘醸,寒菊 どぶろく 銀八,,千葉県,千葉縣,,,,,,,,,,0.5057697180731117,0.6306192350535357,0.25173960350283026,0.24163068384643976,0.19972219838214864,0.4299641854693016,"氣泡感,果香,華麗,多汁","ガス,フルーティ,華やか,ジューシー",3037,https://sakenowa.com/brands/3037,2026-09-28T20:22:25.387361+00:00
sn_124469,874,寒菊銘醸,OCEAN99,,千葉県,千葉縣,,,,,,,,,,0.49952301679159217,0.4899147317789826,0.16314954074353896,0.2301304399741087,0.22170073922695432,0.6178440753621192,"氣泡感,多汁,苦味,果香,甘甜,鮮爽,カルピス,酸味,清新,蘋果,鮮味,鳳梨,華麗,平衡,ピチピチ,輕快,トロピカル,清爽,穩定,控えめ","ガス,ジューシー,苦味,フルーティ,甘味,フレッシュ,カルピス,酸味,さわやか,リンゴ,旨味,パイナップル,華やか,バランス,ピチピチ,軽快,トロピカル,スッキリ,安定,控えめ",124469,https://sakenowa.com/brands/124469,2026-09-28T20:22:25.387370+00:00
sn_124470,874,寒菊銘醸,松尾自慢,,千葉県,千葉縣,,,,,,,,,,0.49509024109959104,0.46113086082886273,0.1761557070457097,0.33945238748916273,0.22272204945806126,0.5885406651604587,"氣泡感,果香,甘甜,控えめ,鮮爽,多汁,酸味,苦味,清爽,華麗,平衡,鮮味,清新,穩重,しっかり,鳳梨,優しい,哈密瓜,穩定,麝香葡萄","ガス,フルーティ,甘味,控えめ,フレッシュ,ジューシー,酸味,苦味,スッキリ,華やか,バランス,旨味,さわやか,穏やか,しっかり,パイナップル,優しい,メロン,安定,マスカット",124470,https://sakenowa.com/brands/124470,2026-09-28T20:22:25.387378+00:00
sn_124471,874,寒菊銘醸,寒菊 Occasional,,千葉県,千葉縣,,,,,,,,,,0.5314167465416783,0.5354603534089447,0.1934228179735588,0.24083960288753015,0.18825244626002713,0.5477438882064187,"氣泡感,鳳梨,多汁,苦味,甘甜,果香,華麗,酸味,鮮味,鮮爽,平衡,純淨,蘋果,ピチピチ,餘韻,高雅,清新,俐落,しっかり,控えめ","ガス,パイナップル,ジューシー,苦味,甘味,フルーティ,華やか,酸味,旨味,フレッシュ,バランス,綺麗,リンゴ,ピチピチ,余韻,上品,さわやか,キレ,しっかり,控えめ",124471,https://sakenowa.com/brands/124471,2026-09-28T20:22:25.387388+00:00
sn_1367,875,五十嵐酒造,五十嵐,,埼玉県,埼玉縣,,,,,,,,,,0.43576002227825184,0.4769768818772441,0.2460787245201594,0.2377127056972927,0.3165323023852948,0.6044431235227903,"氣泡感,酸味,鮮爽,苦味,果香,鮮味,鳳梨,清新,甘甜,辛口,俐落,爽快,餘韻,多汁,優格,ラムネ,ピリリ,平衡,濃厚,清爽","ガス,酸味,フレッシュ,苦味,フルーティ,旨味,パイナップル,さわやか,甘味,辛口,キレ,爽快,余韻,ジューシー,ヨーグルト,ラムネ,ピリリ,バランス,濃厚,スッキリ",1367,https://sakenowa.com/brands/1367,2026-09-28T20:22:25.387557+00:00
sn_3185,875,五十嵐酒造,天覧山,,埼玉県,埼玉縣,,,,,,,,,,0.3833242901973331,0.547279045621849,0.3255580608613712,0.33328910858701377,0.30276078460098427,0.4947871877698559,"鮮爽,氣泡感,酸味,苦味,辛口,鮮味,華麗,果香,清爽,甘甜,平衡,清新,濃厚,輕快,常溫,しっかり,蘋果,起司,ピチピチ,鳳梨","フレッシュ,ガス,酸味,苦味,辛口,旨味,華やか,フルーティ,スッキリ,甘味,バランス,さわやか,濃厚,軽快,常温,しっかり,リンゴ,チーズ,ピチピチ,パイナップル",3185,https://sakenowa.com/brands/3185,2026-09-28T20:22:25.387571+00:00
sn_20824,875,五十嵐酒造,風翠,,埼玉県,埼玉縣,,,,,,,,,,,,,,,,"氣泡感,甘辛い","ガス,甘辛い",20824,https://sakenowa.com/brands/20824,2026-09-28T20:22:25.387576+00:00
sn_1384,876,白神酒造,白神,,青森県,青森縣,,,,,,,,,,0.21908170533477356,0.558285214099683,0.4042699727217388,0.4257491288135491,0.3851829944334249,0.38374256393400935,鮮味,旨味,1384,https://sakenowa.com/brands/1384,2026-09-28T20:22:25.387743+00:00
sn_1408,877,高橋酒造,深山,,広島県,廣島縣,,,,,,,,,,,,,,,,"キリリ,辛口","キリリ,辛口",1408,https://sakenowa.com/brands/1408,2026-09-28T20:22:25.387918+00:00
sn_1432,878,梅津酒造,うまいがな,,鳥取県,鳥取縣,,,,,,,,,,,,,,,,"濃厚,鮮味,甘甜","濃厚,旨味,甘味",1432,https://sakenowa.com/brands/1432,2026-09-28T20:22:25.388081+00:00
sn_1839,878,梅津酒造,梅津,,鳥取県,鳥取縣,,,,,,,,,,,,,,,,,,1839,https://sakenowa.com/brands/1839,2026-09-28T20:22:25.388088+00:00
sn_2825,878,梅津酒造,冨玲,,鳥取県,鳥取縣,,,,,,,,,,0.14551053106093162,0.6098171364718187,0.6378152741802421,0.35267581799485936,0.14314161901060451,0.2350992678566641,"紹興酒,醤油,酸味,熱燗,常溫,氣泡感,鮮味,濃厚,醇厚,燗冷まし,渋み,味噌,複雜,燗酒,起司,苦味,穀物,櫻花,しっかり,冷酒","紹興酒,醤油,酸味,熱燗,常温,ガス,旨味,濃厚,コク,燗冷まし,渋み,味噌,複雑,燗酒,チーズ,苦味,穀物,桜,しっかり,冷酒",2825,https://sakenowa.com/brands/2825,2026-09-28T20:22:25.388098+00:00
sn_2904,878,梅津酒造,梅津の生酛,,鳥取県,鳥取縣,,,,,,,,,,0.16088231091716937,0.6318113310171797,0.6568337012854019,0.27762258925069816,0.130430386144312,0.2222935563527524,"燗冷まし,紹興酒,焦糖,熱燗,常溫,濃厚,酸味,優格,セメダイン,渋み,鮮味","燗冷まし,紹興酒,キャラメル,熱燗,常温,濃厚,酸味,ヨーグルト,セメダイン,渋み,旨味",2904,https://sakenowa.com/brands/2904,2026-09-28T20:22:25.388106+00:00
sn_1452,879,大納川,大納川,,秋田県,秋田縣,,,,,,,,,,0.4065992900885897,0.567789079478923,0.2683686642604449,0.41173806150474657,0.242617944142668,0.46030331353933934,"鮮爽,鮮味,香蕉,氣泡感,酸味,甘甜,平衡,果香,華麗,清爽,苦味,しっかり,蘋果,多汁,俐落,辛口,清新,優しい,プチプチ,餘韻","フレッシュ,旨味,バナナ,ガス,酸味,甘味,バランス,フルーティ,華やか,スッキリ,苦味,しっかり,リンゴ,ジューシー,キレ,辛口,さわやか,優しい,プチプチ,余韻",1452,https://sakenowa.com/brands/1452,2026-09-28T20:22:25.388272+00:00
sn_32457,879,大納川,天花,,秋田県,秋田縣,,,,,,,,,,0.46621724721331104,0.5254418076807513,0.27349075241885257,0.3418548355039835,0.2753009777334019,0.48897836003751133,"氣泡感,果香,多汁,鮮爽,香蕉,酸味,甘甜,苦味,鮮味,清新,水蜜桃,蘋果,華麗,しっかり,清爽,鳳梨,ピリリ,輕快,起司,高雅","ガス,フルーティ,ジューシー,フレッシュ,バナナ,酸味,甘味,苦味,旨味,さわやか,桃,リンゴ,華やか,しっかり,スッキリ,パイナップル,ピリリ,軽快,チーズ,上品",32457,https://sakenowa.com/brands/32457,2026-09-28T20:22:25.388281+00:00
sn_1458,880,多胡本家酒造場,加茂五葉,,岡山県,岡山縣,,,,,,,,,,,,,,,,,,1458,https://sakenowa.com/brands/1458,2026-09-28T20:22:25.388443+00:00
sn_1462,881,飯沼銘醸,Suginamiki,,栃木県,栃木縣,,,,,,,,,,,,,,,,,,1462,https://sakenowa.com/brands/1462,2026-09-28T20:22:25.388607+00:00
sn_1633,881,飯沼銘醸,姿,,栃木県,栃木縣,,,,,,,,,,0.3840287372366994,0.6335336783687113,0.352777395909029,0.3372225481126686,0.2366886908357907,0.3961874972276116,"果香,甘甜,鮮味,苦味,多汁,濃厚,酸味,華麗,鮮爽,しっかり,氣泡感,辛口,哈密瓜,平衡,鳳梨,清爽,餘韻,清新,俐落,純淨","フルーティ,甘味,旨味,苦味,ジューシー,濃厚,酸味,華やか,フレッシュ,しっかり,ガス,辛口,メロン,バランス,パイナップル,スッキリ,余韻,さわやか,キレ,綺麗",1633,https://sakenowa.com/brands/1633,2026-09-28T20:22:25.388617+00:00
sn_1464,882,久保本家酒造,睡龍,,奈良県,奈良縣,,,,,,,,,,0.17653187380397542,0.5912354879589018,0.48779311536322173,0.39597348259670395,0.33144581813329255,0.3386497344391242,"鮮味,熱燗,辛口,酸味,常溫,俐落,しっかり,清爽,燗冷まし,穀物,濃厚,冷酒,紹興酒,圓潤,香ばしい,甘甜,燗酒,苦味,爽快,どっしり","旨味,熱燗,辛口,酸味,常温,キレ,しっかり,スッキリ,燗冷まし,穀物,濃厚,冷酒,紹興酒,まろやか,香ばしい,甘味,燗酒,苦味,爽快,どっしり",1464,https://sakenowa.com/brands/1464,2026-09-28T20:22:25.388783+00:00
sn_1721,882,久保本家酒造,初霞,,奈良県,奈良縣,,,,,,,,,,0.11938626181778465,0.6048707028123806,0.47423648933861695,0.3897564865154299,0.3923337998608698,0.29856687065730236,"紹興酒,辛口,鮮味,燗酒","紹興酒,辛口,旨味,燗酒",1721,https://sakenowa.com/brands/1721,2026-09-28T20:22:25.388789+00:00
sn_2674,882,久保本家酒造,生酛のどぶ,,奈良県,奈良縣,,,,,,,,,,0.20135554250660126,0.5372723342031508,0.3760853626803341,0.400801958860568,0.3905473814414152,0.4649566829309553,"優格,氣泡感,辛口,熱燗,酸味,鮮味,カルピス,常溫,俐落,奶油感,ミルク,清爽,甘甜,味噌,爽快,純淨,燗酒,さっぱり,冷酒,滑順","ヨーグルト,ガス,辛口,熱燗,酸味,旨味,カルピス,常温,キレ,クリーミー,ミルク,スッキリ,甘味,味噌,爽快,綺麗,燗酒,さっぱり,冷酒,なめらか",2674,https://sakenowa.com/brands/2674,2026-09-28T20:22:25.388798+00:00
sn_1469,883,松崎酒造店,廣戸川,,福島県,福島縣,,,,,,,,,,0.34460872423467676,0.5673884136186983,0.28760179582898754,0.519635490749965,0.19673902781326613,0.4097232407329132,"氣泡感,鮮味,平衡,苦味,穩定,甘甜,酸味,優しい,水蜜桃,哈密瓜,果香,穩重,常溫,香蕉,純淨,しっかり,カルピス,派手,俐落,控えめ","ガス,旨味,バランス,苦味,安定,甘味,酸味,優しい,桃,メロン,フルーティ,穏やか,常温,バナナ,綺麗,しっかり,カルピス,派手,キレ,控えめ",1469,https://sakenowa.com/brands/1469,2026-09-28T20:22:25.388979+00:00
sn_3381,883,松崎酒造店,石背,,福島県,福島縣,,,,,,,,,,,,,,,,,,3381,https://sakenowa.com/brands/3381,2026-09-28T20:22:25.388983+00:00
sn_1477,884,若宮酒造,綾部の四季,,京都府,京都府,,,,,,,,,,,,,,,,"焦糖,ピリリ,鮮味,辛口,甘甜","キャラメル,ピリリ,旨味,辛口,甘味",1477,https://sakenowa.com/brands/1477,2026-09-28T20:22:25.389155+00:00
sn_3104,884,若宮酒造,Ryon,,京都府,京都府,,,,,,,,,,,,,,,,"輕快,酸味,甘甜","軽快,酸味,甘味",3104,https://sakenowa.com/brands/3104,2026-09-28T20:22:25.389161+00:00
sn_1479,885,松尾酒造場,宮の松,,佐賀県,佐賀縣,,,,,,,,,,0.39387201677240774,0.5452840436506682,0.30524031538182594,0.39582381255491544,0.19258904491968837,0.5104816012361554,"氣泡感,鮮味,冷酒,優格,甘甜,苦味,しっかり,酸味,多汁,複雜,果香,清新,華麗,柑橘,ミルク,甘酸っぱい,優しい,カルピス,平衡,西洋梨","ガス,旨味,冷酒,ヨーグルト,甘味,苦味,しっかり,酸味,ジューシー,複雑,フルーティ,さわやか,華やか,柑橘,ミルク,甘酸っぱい,優しい,カルピス,バランス,洋梨",1479,https://sakenowa.com/brands/1479,2026-09-28T20:22:25.389328+00:00
sn_1482,886,亀齢酒造,亀齢,,広島県,廣島縣,,,,,,,,,,0.26572864423492765,0.539821642829011,0.3446225639091833,0.402944523953582,0.444229158589639,0.39938995391181076,"辛口,鮮味,甘甜,純淨,清爽,酸味,しっかり,果香,俐落,苦味,濃厚,餘韻,常溫,鮮爽,冷酒,清新,ツン,穩定,柔らかい,穩重","辛口,旨味,甘味,綺麗,スッキリ,酸味,しっかり,フルーティ,キレ,苦味,濃厚,余韻,常温,フレッシュ,冷酒,さわやか,ツン,安定,柔らかい,穏やか",1482,https://sakenowa.com/brands/1482,2026-09-28T20:22:25.389504+00:00
sn_2295,886,亀齢酒造,吉田屋,,広島県,廣島縣,,,,,,,,,,,,,,,,,,2295,https://sakenowa.com/brands/2295,2026-09-28T20:22:25.389509+00:00
sn_4033,886,亀齢酒造,亀齢萬年,,広島県,廣島縣,,,,,,,,,,0.2429017636988344,0.5443760592042917,0.32537171633116363,0.41671871466344634,0.4393673739542019,0.4148355205653777,"鮮味,俐落","旨味,キレ",4033,https://sakenowa.com/brands/4033,2026-09-28T20:22:25.389515+00:00
sn_1248,887,豊島屋酒造,金婚,,東京都,東京都,,,,,,,,,,0.37255378173761317,0.5395665423653091,0.3105199493986785,0.34325324570283955,0.27472013949459695,0.5294856384916645,"鮮爽,清新,氣泡感,酸味,しっかり","フレッシュ,さわやか,ガス,酸味,しっかり",1248,https://sakenowa.com/brands/1248,2026-09-28T20:22:25.389679+00:00
sn_1483,887,豊島屋酒造,屋守,,東京都,東京都,,,,,,,,,,0.4196183294061526,0.5634990940746905,0.24183420799149344,0.3080374606547293,0.2652770298687694,0.531645055188055,"氣泡感,苦味,多汁,鮮爽,鮮味,果香,甘甜,清新,酸味,ラムネ,平衡,しっかり,鳳梨,清爽,俐落,華麗,濃厚,ピリリ,哈密瓜,控えめ","ガス,苦味,ジューシー,フレッシュ,旨味,フルーティ,甘味,さわやか,酸味,ラムネ,バランス,しっかり,パイナップル,スッキリ,キレ,華やか,濃厚,ピリリ,メロン,控えめ",1483,https://sakenowa.com/brands/1483,2026-09-28T20:22:25.389688+00:00
sn_1708,887,豊島屋酒造,十右衛門,,東京都,東京都,,,,,,,,,,0.3394684951166568,0.6275136595228299,0.3721555625233998,0.31662114420378873,0.2589143025156024,0.4303515077402804,"鮮爽,鮮味,氣泡感,哈密瓜","フレッシュ,旨味,ガス,メロン",1708,https://sakenowa.com/brands/1708,2026-09-28T20:22:25.389696+00:00
sn_3058,887,豊島屋酒造,ぎんから,,東京都,東京都,,,,,,,,,,,,,,,,"キリリ,鮮味","キリリ,旨味",3058,https://sakenowa.com/brands/3058,2026-09-28T20:22:25.389702+00:00
sn_56188,887,豊島屋酒造,NEON,,東京都,東京都,,,,,,,,,,,,,,,,餘韻,余韻,56188,https://sakenowa.com/brands/56188,2026-09-28T20:22:25.389707+00:00
sn_1484,888,瀧口酒造,秋楽,,山口県,山口縣,,,,,,,,,,,,,,,,甘甜,甘味,1484,https://sakenowa.com/brands/1484,2026-09-28T20:22:25.389883+00:00
sn_1488,889,若林酒造,開春,,島根県,島根縣,,,,,,,,,,0.23473292545657798,0.5837320945648979,0.43749674834491237,0.35423220872954486,0.40802229432763054,0.3475503421078833,"辛口,酸味,鮮味,常溫,鳳梨,冷酒,清爽,しっかり,甘甜,香蕉,俐落,餘韻,辛香料,複雜,苦味,紹興酒,熱燗,多汁,純淨,清新","辛口,酸味,旨味,常温,パイナップル,冷酒,スッキリ,しっかり,甘味,バナナ,キレ,余韻,スパイス,複雑,苦味,紹興酒,熱燗,ジューシー,綺麗,さわやか",1488,https://sakenowa.com/brands/1488,2026-09-28T20:22:25.390051+00:00
sn_2304,889,若林酒造,石のかんばせ,,島根県,島根縣,,,,,,,,,,,,,,,,,,2304,https://sakenowa.com/brands/2304,2026-09-28T20:22:25.390056+00:00
sn_2399,889,若林酒造,寛文の雫,,島根県,島根縣,,,,,,,,,,,,,,,,,,2399,https://sakenowa.com/brands/2399,2026-09-28T20:22:25.390063+00:00
sn_1489,890,玉櫻酒造,玉櫻,,島根県,島根縣,,,,,,,,,,0.157772908352288,0.6464909863360084,0.4804122727654945,0.4624153444595097,0.20135093484128308,0.26831140937273223,"熱燗,常溫,燗酒,鮮味,酸味,氣泡感,甘甜,しっかり,辛口,渋み,濃厚,焦糖,冷酒,複雜,清爽,紹興酒,穩重,優格,優しい,苦味","熱燗,常温,燗酒,旨味,酸味,ガス,甘味,しっかり,辛口,渋み,濃厚,キャラメル,冷酒,複雑,スッキリ,紹興酒,穏やか,ヨーグルト,優しい,苦味",1489,https://sakenowa.com/brands/1489,2026-09-28T20:22:25.390285+00:00
sn_1491,891,竹村酒造店,京の夢,,茨城県,茨城縣,,,,,,,,,,,,,,,,,,1491,https://sakenowa.com/brands/1491,2026-09-28T20:22:25.390449+00:00
sn_3576,891,竹村酒造店,上澄,,茨城県,茨城縣,,,,,,,,,,,,,,,,"芳醇,華麗,圓潤,清新,鮮味,清爽","芳醇,華やか,まろやか,さわやか,旨味,スッキリ",3576,https://sakenowa.com/brands/3576,2026-09-28T20:22:25.390456+00:00
sn_1495,892,利守酒造,酒一筋,,岡山県,岡山縣,,,,,,,,,,0.24100457666565664,0.5682215847454913,0.4118402990951081,0.45844250240047957,0.31209212531534514,0.3766398412352565,"鮮味,酸味,辛口,清爽,俐落,優格,しっかり,平衡,醇厚,甘甜,どっしり,香蕉,鮮爽,柔らかい,果香,清新,ふくよか,苦味,キリリ,とろみ","旨味,酸味,辛口,スッキリ,キレ,ヨーグルト,しっかり,バランス,コク,甘味,どっしり,バナナ,フレッシュ,柔らかい,フルーティ,さわやか,ふくよか,苦味,キリリ,とろみ",1495,https://sakenowa.com/brands/1495,2026-09-28T20:22:25.390622+00:00
sn_2767,892,利守酒造,赤磐雄町,,岡山県,岡山縣,,,,,,,,,,,,,,,,,,2767,https://sakenowa.com/brands/2767,2026-09-28T20:22:25.390630+00:00
sn_1732,893,小布施ワイナリー,ソガペール エ フィス,,長野県,長野縣,,,,,,,,,,0.43016929368805323,0.6212346053142056,0.422123075112494,0.3309465229778127,0.19181515086661513,0.3232884164527241,"ワイン,酸味,ブドウ,甘甜,鮮味,苦味,複雜,優格,餘韻,麝香葡萄,果香,平衡,氣泡感,しっかり,渋み,甘酸っぱい,高雅,純淨,鮮爽,清新","ワイン,酸味,ブドウ,甘味,旨味,苦味,複雑,ヨーグルト,余韻,マスカット,フルーティ,バランス,ガス,しっかり,渋み,甘酸っぱい,上品,綺麗,フレッシュ,さわやか",1732,https://sakenowa.com/brands/1732,2026-09-28T20:22:25.390796+00:00
sn_1497,894,オガタマ酒造,無瀬の浜亀,,鹿児島県,鹿兒島縣,,,,,,,,,,,,,,,,,,1497,https://sakenowa.com/brands/1497,2026-09-28T20:22:25.390969+00:00
sn_2133,895,白藤酒造店,寧音,,石川県,石川縣,,,,,,,,,,0.31854808044069094,0.23264731445283768,0.15828918820273635,0.7092882700622706,0.323191490700837,0.4602220015538096,"優しい,さらり,草本","優しい,さらり,ハーブ",2133,https://sakenowa.com/brands/2133,2026-09-28T20:22:25.391132+00:00
sn_2273,895,白藤酒造店,夏越酒,,石川県,石川縣,,,,,,,,,,,,,,,,,,2273,https://sakenowa.com/brands/2273,2026-09-28T20:22:25.391137+00:00
sn_2533,895,白藤酒造店,輪島物語,,石川県,石川縣,,,,,,,,,,0.19744813129361496,0.6096165221506802,0.35850992846752444,0.5795699635062426,0.22691001034698902,0.2710407112695092,鮮味,旨味,2533,https://sakenowa.com/brands/2533,2026-09-28T20:22:25.391145+00:00
sn_3627,895,白藤酒造店,奥能登の白菊,,石川県,石川縣,,,,,,,,,,0.32422646955525475,0.5612611910406539,0.3288546187777224,0.5364986602572742,0.20367085640483137,0.37736597802848276,"鮮味,優しい,甘甜,氣泡感,酸味,穩重,香蕉,高雅,熱燗,苦味,哈密瓜,常溫,純淨,しっかり,清新,果香,俐落,平衡,華麗,柔らかい","旨味,優しい,甘味,ガス,酸味,穏やか,バナナ,上品,熱燗,苦味,メロン,常温,綺麗,しっかり,さわやか,フルーティ,キレ,バランス,華やか,柔らかい",3627,https://sakenowa.com/brands/3627,2026-09-28T20:22:25.391155+00:00
sn_1529,896,湯川酒造店,燦水木,,長野県,長野縣,,,,,,,,,,,,,,,,,,1529,https://sakenowa.com/brands/1529,2026-09-28T20:22:25.391319+00:00
sn_1748,896,湯川酒造店,木祖地,,長野県,長野縣,,,,,,,,,,,,,,,,,,1748,https://sakenowa.com/brands/1748,2026-09-28T20:22:25.391324+00:00
sn_2898,896,湯川酒造店,木曽路,,長野県,長野縣,,,,,,,,,,0.3380331528616192,0.5554356033488475,0.29405772272892344,0.31896579258936525,0.41934398474433887,0.46169944706377153,"氣泡感,甘甜,鮮味,酸味,鮮爽,蘋果,果香,苦味,清新,辛口,しっかり,芳醇,俐落,ピリリ,輕快,清爽,さっぱり,多汁,純淨,味噌","ガス,甘味,旨味,酸味,フレッシュ,リンゴ,フルーティ,苦味,さわやか,辛口,しっかり,芳醇,キレ,ピリリ,軽快,スッキリ,さっぱり,ジューシー,綺麗,味噌",2898,https://sakenowa.com/brands/2898,2026-09-28T20:22:25.391334+00:00
sn_3835,896,湯川酒造店,木曽路 三割麹,,長野県,長野縣,,,,,,,,,,,,,,,,,,3835,https://sakenowa.com/brands/3835,2026-09-28T20:22:25.391341+00:00
sn_1540,897,畑酒造,19歳の酒,,滋賀県,滋賀縣,,,,,,,,,,,,,,,,,,1540,https://sakenowa.com/brands/1540,2026-09-28T20:22:25.391503+00:00
sn_3668,897,畑酒造,大治郎,,滋賀県,滋賀縣,,,,,,,,,,0.1803982279443577,0.6038126560224324,0.5556754394675905,0.33667736544634275,0.3000026086569093,0.30122806666931,"酸味,鮮味,しっかり,力道強勁,辛口,複雜,苦味,甘甜,平衡,俐落,濃厚,熱燗,醇厚,常溫,餘韻,果香,渋み,どっしり,ツン,氣泡感","酸味,旨味,しっかり,力強い,辛口,複雑,苦味,甘味,バランス,キレ,濃厚,熱燗,コク,常温,余韻,フルーティ,渋み,どっしり,ツン,ガス",3668,https://sakenowa.com/brands/3668,2026-09-28T20:22:25.391512+00:00
sn_1542,898,赤武酒造,浜娘,,岩手県,岩手縣,,,,,,,,,,0.42188273311203645,0.48627261697115837,0.26921519476776196,0.35884997462600543,0.31716976649953127,0.5326416387418873,"鮮爽,鮮味,こってり,甘甜,氣泡感,清新,哈密瓜,酸味,清爽,苦味,果香,ピリリ,輕快,平衡,俐落,辛口,芳醇,ピチピチ,穩重,蘋果","フレッシュ,旨味,こってり,甘味,ガス,さわやか,メロン,酸味,スッキリ,苦味,フルーティ,ピリリ,軽快,バランス,キレ,辛口,芳醇,ピチピチ,穏やか,リンゴ",1542,https://sakenowa.com/brands/1542,2026-09-28T20:22:25.391681+00:00
sn_2602,898,赤武酒造,AKABU,,岩手県,岩手縣,,,,,,,,,,0.4774301015457869,0.5038485251652022,0.20263078893463285,0.30966370437465385,0.22881070354903732,0.5734910438157862,"氣泡感,酸味,果香,甘甜,鮮味,清新,苦味,鮮爽,平衡,ラムネ,輕快,穩定,清爽,蘋果,多汁,純淨,華麗,麝香葡萄,哈密瓜,俐落","ガス,酸味,フルーティ,甘味,旨味,さわやか,苦味,フレッシュ,バランス,ラムネ,軽快,安定,スッキリ,リンゴ,ジューシー,綺麗,華やか,マスカット,メロン,キレ",2602,https://sakenowa.com/brands/2602,2026-09-28T20:22:25.391690+00:00
sn_1546,899,前田酒造場,十酒,,和歌山県,和歌山縣,,,,,,,,,,,,,,,,,,1546,https://sakenowa.com/brands/1546,2026-09-28T20:22:25.391854+00:00
sn_1552,900,美寿々酒造,美寿々,,長野県,長野縣,,,,,,,,,,0.3214000652107152,0.5443008209047719,0.29856884300196285,0.3164813492172739,0.43074783667950833,0.4749643325839805,"鮮味,辛口,酸味,苦味,清新,果香,鮮爽,蘋果,清爽,甘甜,しっかり,俐落,餘韻,輕快,濃厚,氣泡感,平衡,柔らかい,芳醇,多汁","旨味,辛口,酸味,苦味,さわやか,フルーティ,フレッシュ,リンゴ,スッキリ,甘味,しっかり,キレ,余韻,軽快,濃厚,ガス,バランス,柔らかい,芳醇,ジューシー",1552,https://sakenowa.com/brands/1552,2026-09-28T20:22:25.392050+00:00
sn_1556,901,田中酒造店,君萬代,,茨城県,茨城縣,,,,,,,,,,,,,,,,,,1556,https://sakenowa.com/brands/1556,2026-09-28T20:22:25.392213+00:00
sn_1562,902,碓氷勝三郎商店,北の勝,,北海道,北海道,,,,,,,,,,0.24305953962057134,0.5700950635853042,0.354440230902895,0.42593852783218794,0.39938499137791794,0.38646319431844367,"辛口,鮮味,俐落,熱燗,花香,常溫,甘甜,清爽,しっかり,果香,醤油,冷酒,燗酒,餘韻,穩定,鮮爽,平衡,酸味,さっぱり,あっさり","辛口,旨味,キレ,熱燗,花,常温,甘味,スッキリ,しっかり,フルーティ,醤油,冷酒,燗酒,余韻,安定,フレッシュ,バランス,酸味,さっぱり,あっさり",1562,https://sakenowa.com/brands/1562,2026-09-28T20:22:25.392379+00:00
sn_1564,903,結城酒造,結ゆい,,茨城県,茨城縣,,,,,,,,,,0.4103196988537993,0.5935301949767753,0.3004120565317993,0.3775591948795215,0.24942150276250039,0.42936024151674457,"苦味,鮮味,甘甜,果香,酸味,多汁,鮮爽,しっかり,氣泡感,華麗,清爽,哈密瓜,清新,俐落,濃厚,平衡,いちご,辛口,醇厚,柔らかい","苦味,旨味,甘味,フルーティ,酸味,ジューシー,フレッシュ,しっかり,ガス,華やか,スッキリ,メロン,さわやか,キレ,濃厚,バランス,いちご,辛口,コク,柔らかい",1564,https://sakenowa.com/brands/1564,2026-09-28T20:22:25.392545+00:00
sn_1984,903,結城酒造,富久福,,茨城県,茨城縣,,,,,,,,,,0.2622672549970497,0.6267571227326454,0.5289592949713827,0.4159270147205537,0.11516559416870056,0.26895178874475645,"氣泡感,鮮味,穀物,濃厚,酸味","ガス,旨味,穀物,濃厚,酸味",1984,https://sakenowa.com/brands/1984,2026-09-28T20:22:25.392552+00:00
sn_2195,903,結城酒造,銅鑼美,,茨城県,茨城縣,,,,,,,,,,,,,,,,"哈密瓜,優格,芳醇,酸味","メロン,ヨーグルト,芳醇,酸味",2195,https://sakenowa.com/brands/2195,2026-09-28T20:22:25.392561+00:00
sn_3586,903,結城酒造,呑美多,,茨城県,茨城縣,,,,,,,,,,,,,,,,"焦糖,醇厚,常溫,鮮味","キャラメル,コク,常温,旨味",3586,https://sakenowa.com/brands/3586,2026-09-28T20:22:25.392566+00:00
sn_1566,904,矢野酒造,竹の園,,佐賀県,佐賀縣,,,,,,,,,,0.3133930223570295,0.5883199098225751,0.3379785715350471,0.3559034894110092,0.3424200171173305,0.44442797001296763,"辛口,鮮味,鳳梨,酸味,起司,苦味,多汁,果香,清爽,清新,甘甜,清涼,常溫,冷酒,しっかり,哈密瓜,醇厚,ラム,ほのか,輕快","辛口,旨味,パイナップル,酸味,チーズ,苦味,ジューシー,フルーティ,スッキリ,さわやか,甘味,清涼,常温,冷酒,しっかり,メロン,コク,ラム,ほのか,軽快",1566,https://sakenowa.com/brands/1566,2026-09-28T20:22:25.392736+00:00
sn_1920,904,矢野酒造,パンダ出没注意,,佐賀県,佐賀縣,,,,,,,,,,,,,,,,,,1920,https://sakenowa.com/brands/1920,2026-09-28T20:22:25.392741+00:00
sn_2427,904,矢野酒造,ぱんだ祭り,,佐賀県,佐賀縣,,,,,,,,,,,,,,,,,,2427,https://sakenowa.com/brands/2427,2026-09-28T20:22:25.392745+00:00
sn_2513,904,矢野酒造,肥前蔵心,,佐賀県,佐賀縣,,,,,,,,,,0.32881622873882893,0.545248458691913,0.3234362713659722,0.33492524870445506,0.4556033033926927,0.41258173989510183,"辛口,蘋果,鮮味,酸味,清新,甘甜,果香,苦味,鮮爽,清爽,俐落,冷酒,平衡,氣泡感,華麗,餘韻,ピリリ,コーヒー,多汁,哈密瓜","辛口,リンゴ,旨味,酸味,さわやか,甘味,フルーティ,苦味,フレッシュ,スッキリ,キレ,冷酒,バランス,ガス,華やか,余韻,ピリリ,コーヒー,ジューシー,メロン",2513,https://sakenowa.com/brands/2513,2026-09-28T20:22:25.392756+00:00
sn_3267,904,矢野酒造,たけのそのパンダフェスティバル,,佐賀県,佐賀縣,,,,,,,,,,,,,,,,,,3267,https://sakenowa.com/brands/3267,2026-09-28T20:22:25.392761+00:00
sn_1567,906,猪又酒造,月不見の池,,新潟県,新潟縣,,,,,,,,,,0.354426759363627,0.5284106410629655,0.2981120628018667,0.30056476773618673,0.3968638875467422,0.508382670660024,"辛口,酸味,ジュース,甘酸っぱい,甘甜,鮮味,清爽,苦味,氣泡感,葡萄柚,餘韻,清新,俐落,果香,柑橘,濃厚,しっかり,鮮爽,輕快,哈密瓜","辛口,酸味,ジュース,甘酸っぱい,甘味,旨味,スッキリ,苦味,ガス,グレープフルーツ,余韻,さわやか,キレ,フルーティ,柑橘,濃厚,しっかり,フレッシュ,軽快,メロン",1567,https://sakenowa.com/brands/1567,2026-09-28T20:22:25.392955+00:00
sn_2196,906,猪又酒造,大地の虎,,新潟県,新潟縣,,,,,,,,,,,,,,,,,,2196,https://sakenowa.com/brands/2196,2026-09-28T20:22:25.392961+00:00
sn_2208,907,鈴木酒造店長井蔵,壽,,山形県,山形縣,,,,,,,,,,,,,,,,プラム,プラム,2208,https://sakenowa.com/brands/2208,2026-09-28T20:22:25.393134+00:00
sn_3615,908,北島酒造,みずかがみ,,滋賀県,滋賀縣,,,,,,,,,,,,,,,,,,3615,https://sakenowa.com/brands/3615,2026-09-28T20:22:25.393298+00:00
sn_4059,908,北島酒造,しぼったそのまま一番酒,,滋賀県,滋賀縣,,,,,,,,,,,,,,,,,,4059,https://sakenowa.com/brands/4059,2026-09-28T20:22:25.393303+00:00
sn_2061,909,朝日酒造,勝保,,新潟県,新潟縣,,,,,,,,,,,,,,,,,,2061,https://sakenowa.com/brands/2061,2026-09-28T20:22:25.393467+00:00
sn_2088,909,朝日酒造,得月,,新潟県,新潟縣,,,,,,,,,,,,,,,,,,2088,https://sakenowa.com/brands/2088,2026-09-28T20:22:25.393472+00:00
sn_1583,910,菊正宗酒造,菊正宗,,兵庫県,兵庫縣,,,,,,,,,,0.3698856484989366,0.59840268881958,0.2986682657888044,0.39468729065221253,0.3055219093477594,0.4083802169116928,"果香,辛口,鮮味,甘甜,熱燗,常溫,鮮爽,清新,清爽,しっかり,酸味,苦味,冷酒,華麗,穩定,ワイン,餘韻,ジュース,哈密瓜,香蕉","フルーティ,辛口,旨味,甘味,熱燗,常温,フレッシュ,さわやか,スッキリ,しっかり,酸味,苦味,冷酒,華やか,安定,ワイン,余韻,ジュース,メロン,バナナ",1583,https://sakenowa.com/brands/1583,2026-09-28T20:22:25.393637+00:00
sn_2431,910,菊正宗酒造,キクマサピン,,兵庫県,兵庫縣,,,,,,,,,,,,,,,,,,2431,https://sakenowa.com/brands/2431,2026-09-28T20:22:25.393647+00:00
sn_3205,910,菊正宗酒造,すだち冷酒,,兵庫県,兵庫縣,,,,,,,,,,,,,,,,,,3205,https://sakenowa.com/brands/3205,2026-09-28T20:22:25.393651+00:00
sn_1585,911,三宅本店,千福,,広島県,廣島縣,,,,,,,,,,0.2713250404559831,0.594482735437235,0.3987122258518768,0.463222646571268,0.27580683644379056,0.3512220512998039,"辛口,果香,甘甜,熱燗,鮮味,濃厚,酸味,清爽,華麗,常溫,冷酒,苦味,清新,しっかり,餘韻,奶油感,優格,ほのか,蘋果,滑順","辛口,フルーティ,甘味,熱燗,旨味,濃厚,酸味,スッキリ,華やか,常温,冷酒,苦味,さわやか,しっかり,余韻,クリーミー,ヨーグルト,ほのか,リンゴ,なめらか",1585,https://sakenowa.com/brands/1585,2026-09-28T20:22:25.393819+00:00
sn_1586,912,農口酒造,農口,,石川県,石川縣,,,,,,,,,,0.22516828826433116,0.6544603020071532,0.5709391198586808,0.31429828363181567,0.2067852299028701,0.23122701847302343,"鮮味,酸味,煙燻,西洋梨,しっかり","旨味,酸味,スモーキー,洋梨,しっかり",1586,https://sakenowa.com/brands/1586,2026-09-28T20:22:25.394007+00:00
sn_1588,913,よしのや,西之門,,長野県,長野縣,,,,,,,,,,0.44076625437000144,0.5887363199399196,0.3048126649443659,0.2797269978078509,0.27537185960202554,0.4605725127691432,"果香,氣泡感,甘甜,酸味,鮮味,蘋果,苦味,清新,鳳梨,多汁,濃厚,しっかり,清爽,哈密瓜,鮮爽,華麗,平衡,味噌,ピリリ,俐落","フルーティ,ガス,甘味,酸味,旨味,リンゴ,苦味,さわやか,パイナップル,ジューシー,濃厚,しっかり,スッキリ,メロン,フレッシュ,華やか,バランス,味噌,ピリリ,キレ",1588,https://sakenowa.com/brands/1588,2026-09-28T20:22:25.394172+00:00
sn_1596,913,よしのや,雲山,,長野県,長野縣,,,,,,,,,,0.26795208792563824,0.6425116674465947,0.40816510803298256,0.4365376730976239,0.19892509607010603,0.34444933803931455,"鮮爽,鮮味,濃厚,果香,甘甜","フレッシュ,旨味,濃厚,フルーティ,甘味",1596,https://sakenowa.com/brands/1596,2026-09-28T20:22:25.394178+00:00
sn_3051,914,池本酒造,琵琶の長寿,,滋賀県,滋賀縣,,,,,,,,,,0.3201761205859922,0.574826550997282,0.39738806061005344,0.36034216373029276,0.26274528085935206,0.45854428334018627,"酸味,鮮味","酸味,旨味",3051,https://sakenowa.com/brands/3051,2026-09-28T20:22:25.394345+00:00
sn_543,915,大塚酒造,竹雀,,岐阜県,岐阜縣,,,,,,,,,,0.1666148438797611,0.5808444389706549,0.5146233131176127,0.34707439617668523,0.37138225486645976,0.3341207287800818,"辛口,酸味,鮮味,堅果,優格,しっかり,甘甜,氣泡感,俐落,複雜,紹興酒,鮮爽,巧克力,苦味,常溫,焦糖,濃厚,醇厚,銳利,燗冷まし","辛口,酸味,旨味,ナッツ,ヨーグルト,しっかり,甘味,ガス,キレ,複雑,紹興酒,フレッシュ,チョコレート,苦味,常温,キャラメル,濃厚,コク,シャープ,燗冷まし",543,https://sakenowa.com/brands/543,2026-09-28T20:22:25.394520+00:00
sn_1975,916,山の壽酒造,山の壽,,福岡県,福岡縣,,,,,,,,,,0.4568892381109851,0.4529450830022139,0.19432310858908228,0.28314378543709307,0.3015019522540381,0.6142130533504754,"氣泡感,酸味,辛口,苦味,清新,麝香葡萄,輕快,鮮味,果香,甘甜,柑橘,清爽,多汁,華麗,ワイン,葡萄柚,俐落,控えめ,鮮爽,檸檬","ガス,酸味,辛口,苦味,さわやか,マスカット,軽快,旨味,フルーティ,甘味,柑橘,スッキリ,ジューシー,華やか,ワイン,グレープフルーツ,キレ,控えめ,フレッシュ,レモン",1975,https://sakenowa.com/brands/1975,2026-09-28T20:22:25.394688+00:00
sn_4278,916,山の壽酒造,BaSaRa,,福岡県,福岡縣,,,,,,,,,,,,,,,,"豐潤,ふくよか,優しい,華麗,鮮味,甘甜,しっかり","豊か,ふくよか,優しい,華やか,旨味,甘味,しっかり",4278,https://sakenowa.com/brands/4278,2026-09-28T20:22:25.394697+00:00
sn_1599,917,枡一市村酒造場,スクウェア・ワン,,長野県,長野縣,,,,,,,,,,,,,,,,,,1599,https://sakenowa.com/brands/1599,2026-09-28T20:22:25.394874+00:00
sn_1942,918,高嶋酒造,白隠正宗,,静岡県,靜岡縣,,,,,,,,,,0.20731913048192233,0.5165911280341032,0.34946954659944135,0.4944216622212438,0.40515825080142265,0.3992711263116419,"辛口,鮮味,熱燗,清爽,穩重,常溫,酸味,鮮爽,さっぱり,控えめ,甘甜,苦味,冷酒,しっかり,櫻花,スイスイ,輕快,清新,優しい,俐落","辛口,旨味,熱燗,スッキリ,穏やか,常温,酸味,フレッシュ,さっぱり,控えめ,甘味,苦味,冷酒,しっかり,桜,スイスイ,軽快,さわやか,優しい,キレ",1942,https://sakenowa.com/brands/1942,2026-09-28T20:22:25.395044+00:00
sn_2239,918,高嶋酒造,白隠政宗,,静岡県,靜岡縣,,,,,,,,,,0.2932419133778571,0.4843503169864307,0.2939624022900194,0.456835850943899,0.4378281127997883,0.43887083025425366,辛口,辛口,2239,https://sakenowa.com/brands/2239,2026-09-28T20:22:25.395050+00:00
sn_1602,919,松浦一酒造,松浦一,,佐賀県,佐賀縣,,,,,,,,,,0.2862795269789798,0.6505522204277872,0.42594822312759467,0.39574136469981985,0.21965217201993245,0.32944748858666734,"鮮味,醤油,梨子,多汁,甘甜,酸味,西洋梨,濃厚,どっしり,果香,穩重,しっかり,ピリリ,鮮爽,苦味,優しい,平衡,醇厚,餘韻,辛口","旨味,醤油,梨,ジューシー,甘味,酸味,洋梨,濃厚,どっしり,フルーティ,穏やか,しっかり,ピリリ,フレッシュ,苦味,優しい,バランス,コク,余韻,辛口",1602,https://sakenowa.com/brands/1602,2026-09-28T20:22:25.395216+00:00
sn_1948,920,加藤吉平商店,梵,,福井県,福井縣,,,,,,,,,,0.3268867705323904,0.5749212194497989,0.3480280625113018,0.49763198497770533,0.246514897798847,0.36480119390191523,"甘甜,鮮味,果香,清爽,華麗,酸味,しっかり,餘韻,圓潤,純淨,高雅,清淡,辛口,俐落,濃厚,苦味,清新,平衡,滑順,穩重","甘味,旨味,フルーティ,スッキリ,華やか,酸味,しっかり,余韻,まろやか,綺麗,上品,淡い,辛口,キレ,濃厚,苦味,さわやか,バランス,なめらか,穏やか",1948,https://sakenowa.com/brands/1948,2026-09-28T20:22:25.395385+00:00
sn_3251,920,加藤吉平商店,Yume wa Masayume,,福井県,福井縣,,,,,,,,,,,,,,,,,,3251,https://sakenowa.com/brands/3251,2026-09-28T20:22:25.395389+00:00
sn_3368,920,加藤吉平商店,艶,,福井県,福井縣,,,,,,,,,,,,,,,,,,3368,https://sakenowa.com/brands/3368,2026-09-28T20:22:25.395397+00:00
sn_3401,920,加藤吉平商店,夢は正夢,,福井県,福井縣,,,,,,,,,,,,,,,,"するする,柔らかい,華麗,濃厚,清爽,果香,甘甜","するする,柔らかい,華やか,濃厚,スッキリ,フルーティ,甘味",3401,https://sakenowa.com/brands/3401,2026-09-28T20:22:25.395403+00:00
sn_3927,920,加藤吉平商店,団,,福井県,福井縣,,,,,,,,,,,,,,,,高雅,上品,3927,https://sakenowa.com/brands/3927,2026-09-28T20:22:25.395408+00:00
sn_1605,921,六花酒造,じょっぱり,,青森県,青森縣,,,,,,,,,,0.35774089957431304,0.4762727995487639,0.3317099442497177,0.36802859242029423,0.4740850784068724,0.4182732069600921,"辛口,蘋果,酸味,常溫,清爽,甘甜,鮮味,華麗,味噌,花香,櫻花,さっぱり,冷酒,セメダイン,熱燗,苦味,濃厚,圓潤,ほのか,ちびちび","辛口,リンゴ,酸味,常温,スッキリ,甘味,旨味,華やか,味噌,花,桜,さっぱり,冷酒,セメダイン,熱燗,苦味,濃厚,まろやか,ほのか,ちびちび",1605,https://sakenowa.com/brands/1605,2026-09-28T20:22:25.395575+00:00
sn_3681,921,六花酒造,龍飛,,青森県,青森縣,,,,,,,,,,,,,,,,,,3681,https://sakenowa.com/brands/3681,2026-09-28T20:22:25.395579+00:00
sn_3903,921,六花酒造,蔵子,,青森県,青森縣,,,,,,,,,,,,,,,,"濃厚,柔らかい,常溫,餘韻,鮮味,甘甜,酸味,清爽","濃厚,柔らかい,常温,余韻,旨味,甘味,酸味,スッキリ",3903,https://sakenowa.com/brands/3903,2026-09-28T20:22:25.395596+00:00
sn_71579,921,六花酒造,杜來,,青森県,青森縣,,,,,,,,,,0.3868992158536463,0.5097249409636725,0.27004390554818336,0.34858984344284044,0.4223801884328757,0.46652531322062496,"酸味,蘋果,辛口,鮮味,甘甜,清新,果香,俐落,清爽,苦味,氣泡感,華麗,ほのか,平衡,甘酸っぱい,鳳梨,多汁,しっかり,さっぱり,優格","酸味,リンゴ,辛口,旨味,甘味,さわやか,フルーティ,キレ,スッキリ,苦味,ガス,華やか,ほのか,バランス,甘酸っぱい,パイナップル,ジューシー,しっかり,さっぱり,ヨーグルト",71579,https://sakenowa.com/brands/71579,2026-09-28T20:22:25.395614+00:00
sn_1070,922,三浦酒造,豊盃,,青森県,青森縣,,,,,,,,,,0.4114668911454524,0.516905054191555,0.25635095526155843,0.38441614710281996,0.39587687049307785,0.43965222555337846,"蘋果,鮮味,果香,甘甜,酸味,苦味,清爽,華麗,清新,辛口,鮮爽,平衡,氣泡感,俐落,櫻花,しっかり,純淨,餘韻,穩重,優しい","リンゴ,旨味,フルーティ,甘味,酸味,苦味,スッキリ,華やか,さわやか,辛口,フレッシュ,バランス,ガス,キレ,桜,しっかり,綺麗,余韻,穏やか,優しい",1070,https://sakenowa.com/brands/1070,2026-09-28T20:22:25.395923+00:00
sn_1227,922,三浦酒造,モヒカン娘,,青森県,青森縣,,,,,,,,,,0.350224320109676,0.6179977638574966,0.32223547176108436,0.35612353236318006,0.2514792338694163,0.4489100297825648,"派手,果香,常溫,熱燗","派手,フルーティ,常温,熱燗",1227,https://sakenowa.com/brands/1227,2026-09-28T20:22:25.395935+00:00
sn_1606,922,三浦酒造,ん,,青森県,青森縣,,,,,,,,,,0.2465614236516132,0.4638033207319602,0.2276652681654255,0.5377450047200368,0.3980566414392363,0.47396591630709467,"鮮味,スイスイ,するする,ほのか,清爽,さっぱり,輕快,穩重,酸味,甘甜,優しい,俐落,さらり,清新,果香,あっさり,柔らかい,常溫,グイグイ,蘋果","旨味,スイスイ,するする,ほのか,スッキリ,さっぱり,軽快,穏やか,酸味,甘味,優しい,キレ,さらり,さわやか,フルーティ,あっさり,柔らかい,常温,グイグイ,リンゴ",1606,https://sakenowa.com/brands/1606,2026-09-28T20:22:25.395954+00:00
sn_2020,922,三浦酒造,ビキニ娘,,青森県,青森縣,,,,,,,,,,,,,,,,"ラムネ,清新","ラムネ,さわやか",2020,https://sakenowa.com/brands/2020,2026-09-28T20:22:25.395972+00:00
sn_1611,923,二世古酒造,二世古,,北海道,北海道,,,,,,,,,,0.26858887013347316,0.5143523619861226,0.31453286517072976,0.46645845909410677,0.40780422266172633,0.4248328673796666,"辛口,鮮味,清爽,酸味,甘甜,しっかり,果香,俐落,苦味,香蕉,穩重,控えめ,鮮爽,平衡,キリリ,哈密瓜,清新,輕快,圓潤,餘韻","辛口,旨味,スッキリ,酸味,甘味,しっかり,フルーティ,キレ,苦味,バナナ,穏やか,控えめ,フレッシュ,バランス,キリリ,メロン,さわやか,軽快,まろやか,余韻",1611,https://sakenowa.com/brands/1611,2026-09-28T20:22:25.396273+00:00
sn_1619,924,新谷酒造,わかむすめ,,山口県,山口縣,,,,,,,,,,0.5965857698345662,0.45421455507295655,0.14696699399919574,0.246066952785859,0.17972610387005533,0.5686166038729317,"花香,氣泡感,トロピカル,櫻花,果香,苦味,多汁,甘甜,酸味,華麗,清新,鮮味,鮮爽,柑橘,鳳梨,純淨,高雅,平衡,梨子,俐落","花,ガス,トロピカル,桜,フルーティ,苦味,ジューシー,甘味,酸味,華やか,さわやか,旨味,フレッシュ,柑橘,パイナップル,綺麗,上品,バランス,梨,キレ",1619,https://sakenowa.com/brands/1619,2026-09-28T20:22:25.396595+00:00
sn_1621,925,盛川酒造,広島,,広島県,廣島縣,,,,,,,,,,,,,,,,"氣泡感,鮮爽,醇厚,酸味,鮮味,辛口","ガス,フレッシュ,コク,酸味,旨味,辛口",1621,https://sakenowa.com/brands/1621,2026-09-28T20:22:25.396939+00:00
sn_1896,925,盛川酒造,沙羅双樹,,広島県,廣島縣,,,,,,,,,,,,,,,,,,1896,https://sakenowa.com/brands/1896,2026-09-28T20:22:25.396953+00:00
sn_1921,925,盛川酒造,白鴻,,広島県,廣島縣,,,,,,,,,,0.30870462803693466,0.5095273401904183,0.31310100519133305,0.4303174624832365,0.37566067493974653,0.4698478919406097,"氣泡感,辛口,鮮味,酸味,甘甜,香蕉,熱燗,平衡,清爽,果香,優しい,鮮爽,しっかり,穩重,苦味,哈密瓜,蘋果,清新,餘韻,キリリ","ガス,辛口,旨味,酸味,甘味,バナナ,熱燗,バランス,スッキリ,フルーティ,優しい,フレッシュ,しっかり,穏やか,苦味,メロン,リンゴ,さわやか,余韻,キリリ",1921,https://sakenowa.com/brands/1921,2026-09-28T20:22:25.396972+00:00
sn_1624,926,金分銅酒造,峡山河,,山口県,山口縣,,,,,,,,,,,,,,,,"キリリ,辛口","キリリ,辛口",1624,https://sakenowa.com/brands/1624,2026-09-28T20:22:25.397296+00:00
sn_1282,927,王祿酒造,丈径,,島根県,島根縣,,,,,,,,,,0.2285622363262809,0.5970357501274851,0.4934440312343177,0.36853001501373966,0.3050947505823309,0.3448527605160563,"鮮味,酸味,苦味,しっかり,純淨,辛口,甘甜,濃厚,氣泡感,俐落,多汁,餘韻,どっしり,醇厚,清爽,滑順,圓潤,ピリリ,香ばしい,巧克力","旨味,酸味,苦味,しっかり,綺麗,辛口,甘味,濃厚,ガス,キレ,ジューシー,余韻,どっしり,コク,スッキリ,なめらか,まろやか,ピリリ,香ばしい,チョコレート",1282,https://sakenowa.com/brands/1282,2026-09-28T20:22:25.397627+00:00
sn_1426,927,王祿酒造,王祿,,島根県,島根縣,,,,,,,,,,0.2610071711195496,0.5454263851917124,0.45738282646517564,0.35523351718802976,0.34430678613393734,0.4247920082863373,"鮮味,酸味,氣泡感,苦味,辛口,しっかり,鮮爽,甘甜,俐落,濃厚,餘韻,複雜,純淨,平衡,清爽,どっしり,果香,セメダイン,蘋果,清新","旨味,酸味,ガス,苦味,辛口,しっかり,フレッシュ,甘味,キレ,濃厚,余韻,複雑,綺麗,バランス,スッキリ,どっしり,フルーティ,セメダイン,リンゴ,さわやか",1426,https://sakenowa.com/brands/1426,2026-09-28T20:22:25.397645+00:00
sn_1628,927,王祿酒造,渓,,島根県,島根縣,,,,,,,,,,0.370663742860061,0.4791786693275791,0.3312696953698877,0.31479167843807154,0.30114467556383673,0.5774726531063235,"氣泡感,苦味,鮮味,酸味,清涼,果香,純淨,セメダイン,しっかり,甘甜,俐落,優格,清爽,鮮爽,清新,平衡,辛口,複雜,哈密瓜,滑順","ガス,苦味,旨味,酸味,清涼,フルーティ,綺麗,セメダイン,しっかり,甘味,キレ,ヨーグルト,スッキリ,フレッシュ,さわやか,バランス,辛口,複雑,メロン,なめらか",1628,https://sakenowa.com/brands/1628,2026-09-28T20:22:25.397662+00:00
sn_1632,928,出石酒造,楽々鶴,,兵庫県,兵庫縣,,,,,,,,,,,,,,,,"圓潤,熱燗","まろやか,熱燗",1632,https://sakenowa.com/brands/1632,2026-09-28T20:22:25.398013+00:00
sn_1636,929,吉井酒造,初戎,,栃木県,栃木縣,,,,,,,,,,,,,,,,,,1636,https://sakenowa.com/brands/1636,2026-09-28T20:22:25.398349+00:00
sn_1640,930,潜龍酒造,みずの光彩,,長崎県,長崎縣,,,,,,,,,,,,,,,,,,1640,https://sakenowa.com/brands/1640,2026-09-28T20:22:25.398669+00:00
sn_3118,930,潜龍酒造,本陣,,長崎県,長崎縣,,,,,,,,,,,,,,,,,,3118,https://sakenowa.com/brands/3118,2026-09-28T20:22:25.398682+00:00
sn_3310,930,潜龍酒造,神の光,,長崎県,長崎縣,,,,,,,,,,,,,,,,"とろみ,ふくよか,冷酒,清新,鮮味,甘甜","とろみ,ふくよか,冷酒,さわやか,旨味,甘味",3310,https://sakenowa.com/brands/3310,2026-09-28T20:22:25.398701+00:00
sn_1643,931,井坂酒造店,日乃出鶴,,茨城県,茨城縣,,,,,,,,,,0.35426137136412267,0.6025747006352026,0.22775093344446296,0.4947280350533042,0.23165115188477278,0.4013901324042953,,,1643,https://sakenowa.com/brands/1643,2026-09-28T20:22:25.399044+00:00
sn_1453,932,寒北斗酒造,寒北斗,,福岡県,福岡縣,,,,,,,,,,0.23810005889477362,0.4018415395955855,0.22730506600709327,0.3115729700468546,0.6287702919375124,0.48758009628189614,"辛口,俐落,清爽,氣泡感,鮮味,酸味,鮮爽,甘甜,冷酒,穩重,苦味,果香,ブドウ,醤油,ピリリ,清新,しっかり,キリリ,熱燗,餘韻","辛口,キレ,スッキリ,ガス,旨味,酸味,フレッシュ,甘味,冷酒,穏やか,苦味,フルーティ,ブドウ,醤油,ピリリ,さわやか,しっかり,キリリ,熱燗,余韻",1453,https://sakenowa.com/brands/1453,2026-09-28T20:22:25.399386+00:00
sn_1647,932,寒北斗酒造,玉の井,,福岡県,福岡縣,,,,,,,,,,,,,,,,"しっかり,熱燗,氣泡感,果香,鮮爽,鮮味,平衡,清爽,苦味","しっかり,熱燗,ガス,フルーティ,フレッシュ,旨味,バランス,スッキリ,苦味",1647,https://sakenowa.com/brands/1647,2026-09-28T20:22:25.399403+00:00
sn_2478,932,寒北斗酒造,喜平太,,福岡県,福岡縣,,,,,,,,,,,,,,,,,,2478,https://sakenowa.com/brands/2478,2026-09-28T20:22:25.399413+00:00
sn_1651,934,若竹屋酒造場,でんべえ梅酒,,福岡県,福岡縣,,,,,,,,,,,,,,,,,,1651,https://sakenowa.com/brands/1651,2026-09-28T20:22:25.400073+00:00
sn_1931,934,若竹屋酒造場,博多練酒,,福岡県,福岡縣,,,,,,,,,,,,,,,,"ミルク,甘酸っぱい,蘋果,滑順,甘甜,しっかり,清爽","ミルク,甘酸っぱい,リンゴ,なめらか,甘味,しっかり,スッキリ",1931,https://sakenowa.com/brands/1931,2026-09-28T20:22:25.400090+00:00
sn_2011,934,若竹屋酒造場,夏大吟,,福岡県,福岡縣,,,,,,,,,,,,,,,,,,2011,https://sakenowa.com/brands/2011,2026-09-28T20:22:25.400108+00:00
sn_2136,934,若竹屋酒造場,Debut,,福岡県,福岡縣,,,,,,,,,,,,,,,,ワイン,ワイン,2136,https://sakenowa.com/brands/2136,2026-09-28T20:22:25.400120+00:00
sn_3232,934,若竹屋酒造場,筍,,福岡県,福岡縣,,,,,,,,,,,,,,,,"滑順,ふんわり,清爽","なめらか,ふんわり,スッキリ",3232,https://sakenowa.com/brands/3232,2026-09-28T20:22:25.400133+00:00
sn_3438,934,若竹屋酒造場,若の壽,,福岡県,福岡縣,,,,,,,,,,,,,,,,"昔ながら,複雜,さっぱり,常溫,甘甜","昔ながら,複雑,さっぱり,常温,甘味",3438,https://sakenowa.com/brands/3438,2026-09-28T20:22:25.400147+00:00
sn_3616,934,若竹屋酒造場,若竹屋,,福岡県,福岡縣,,,,,,,,,,0.33578801294165583,0.6238338148628618,0.41095066512669637,0.32530634445510326,0.23115645678729194,0.4122375618172991,"鮮味,酸味","旨味,酸味",3616,https://sakenowa.com/brands/3616,2026-09-28T20:22:25.400160+00:00
sn_3617,934,若竹屋酒造場,一、,,福岡県,福岡縣,,,,,,,,,,,,,,,,紹興酒,紹興酒,3617,https://sakenowa.com/brands/3617,2026-09-28T20:22:25.400172+00:00
sn_1659,935,久住ワイナリー,Highland,,大分県,大分縣,,,,,,,,,,,,,,,,,,1659,https://sakenowa.com/brands/1659,2026-09-28T20:22:25.400502+00:00
sn_1661,936,五ヶ瀬ワイナリー,ナイアガラ,,宮崎県,宮崎縣,,,,,,,,,,,,,,,,,,1661,https://sakenowa.com/brands/1661,2026-09-28T20:22:25.400827+00:00
sn_1662,937,紫波酒造店,廣喜,,岩手県,岩手縣,,,,,,,,,,0.2912164332407067,0.606936008461545,0.3571523434912028,0.4688441419997776,0.23492849384735448,0.37981264785835706,"鮮味,酸味,氣泡感,辛口,甘甜,しっかり,優格,苦味,鮮爽,輕快,清爽,果香,優しい,華麗,穩重,ワイン,熱燗,柔らかい,濃厚,栗","旨味,酸味,ガス,辛口,甘味,しっかり,ヨーグルト,苦味,フレッシュ,軽快,スッキリ,フルーティ,優しい,華やか,穏やか,ワイン,熱燗,柔らかい,濃厚,栗",1662,https://sakenowa.com/brands/1662,2026-09-28T20:22:25.401190+00:00
sn_3014,937,紫波酒造店,鹿蝦夷,,岩手県,岩手縣,,,,,,,,,,,,,,,,"冷酒,辛口,甘甜","冷酒,辛口,甘味",3014,https://sakenowa.com/brands/3014,2026-09-28T20:22:25.401206+00:00
sn_58582,937,紫波酒造店,紫宙,,岩手県,岩手縣,,,,,,,,,,0.4561020211000054,0.5806280793670928,0.22674701422399726,0.32775064128087894,0.2190760224208499,0.4980090208818566,"氣泡感,多汁,いちご,酸味,甘甜,鮮味,苦味,果香,鳳梨,ラムネ,清新,鮮爽,平衡,純淨,櫻花,優しい,穩重,しっかり,甘酸っぱい,清爽","ガス,ジューシー,いちご,酸味,甘味,旨味,苦味,フルーティ,パイナップル,ラムネ,さわやか,フレッシュ,バランス,綺麗,桜,優しい,穏やか,しっかり,甘酸っぱい,スッキリ",58582,https://sakenowa.com/brands/58582,2026-09-28T20:22:25.401225+00:00
sn_3182,938,いそのさわ,駿,,福岡県,福岡縣,,,,,,,,,,0.24034682739902133,0.5338425890963736,0.4708542441607487,0.48351117112956216,0.3048393663995686,0.3298964708328118,"ワイン,グイグイ,鮮味","ワイン,グイグイ,旨味",3182,https://sakenowa.com/brands/3182,2026-09-28T20:22:25.401570+00:00
sn_97812,938,いそのさわ,磯乃澤,,福岡県,福岡縣,,,,,,,,,,,,,,,,巧克力,チョコレート,97812,https://sakenowa.com/brands/97812,2026-09-28T20:22:25.401585+00:00
sn_97813,938,いそのさわ,中州,,福岡県,福岡縣,,,,,,,,,,,,,,,,,,97813,https://sakenowa.com/brands/97813,2026-09-28T20:22:25.401596+00:00
sn_97814,938,いそのさわ,ISONOSAWA,,福岡県,福岡縣,,,,,,,,,,,,,,,,"厚み,ワイン,キリリ,しっかり,控えめ,圓潤,鮮味,辛口,清爽","厚み,ワイン,キリリ,しっかり,控えめ,まろやか,旨味,辛口,スッキリ",97814,https://sakenowa.com/brands/97814,2026-09-28T20:22:25.401611+00:00
sn_119666,938,いそのさわ,うきは,,福岡県,福岡縣,,,,,,,,,,,,,,,,"シャンパン,平衡,酸味,氣泡感,果香,甘甜,控えめ,辛口,輕快,苦味","シャンパン,バランス,酸味,ガス,フルーティ,甘味,控えめ,辛口,軽快,苦味",119666,https://sakenowa.com/brands/119666,2026-09-28T20:22:25.401626+00:00
sn_119667,938,いそのさわ,一番流,,福岡県,福岡縣,,,,,,,,,,,,,,,,,,119667,https://sakenowa.com/brands/119667,2026-09-28T20:22:25.401641+00:00
sn_1663,939,峰の雪酒造場,Yamatoya Zennai,,福島県,福島縣,,,,,,,,,,,,,,,,"ワイン,鮮爽,柔らかい,優しい,清新,酸味,果香,鮮味,甘甜","ワイン,フレッシュ,柔らかい,優しい,さわやか,酸味,フルーティ,旨味,甘味",1663,https://sakenowa.com/brands/1663,2026-09-28T20:22:25.402025+00:00
sn_1782,939,峰の雪酒造場,峰の,,福島県,福島縣,,,,,,,,,,,,,,,,"渋み,香蕉,苦味,ふくよか,醇厚,ほのか,果香,甘甜","渋み,バナナ,苦味,ふくよか,コク,ほのか,フルーティ,甘味",1782,https://sakenowa.com/brands/1782,2026-09-28T20:22:25.402043+00:00
sn_1783,939,峰の雪酒造場,峰の雪,,福島県,福島縣,,,,,,,,,,0.330161740477173,0.616385037719216,0.4863905507857165,0.40120673747319163,0.2224662738507615,0.25303923275335616,"ブドウ,香蕉,ワイン,ジュース,蘋果,蜂蜜","ブドウ,バナナ,ワイン,ジュース,リンゴ,ハチミツ",1783,https://sakenowa.com/brands/1783,2026-09-28T20:22:25.402062+00:00
sn_2665,939,峰の雪酒造場,大和屋善内,,福島県,福島縣,,,,,,,,,,0.41417248870811746,0.571766115262865,0.3280476835939074,0.3578063458179406,0.24234955132911568,0.4551600709488879,"甘甜,清新,鮮味,醇厚,梨子,純淨,果香,荔枝,鮮爽,清爽,多汁,酸味","甘味,さわやか,旨味,コク,梨,綺麗,フルーティ,ライチ,フレッシュ,スッキリ,ジューシー,酸味",2665,https://sakenowa.com/brands/2665,2026-09-28T20:22:25.402079+00:00
sn_1664,940,若松酒造,薩摩一,,鹿児島県,鹿兒島縣,,,,,,,,,,,,,,,,,,1664,https://sakenowa.com/brands/1664,2026-09-28T20:22:25.402390+00:00
sn_1668,941,下関酒造,関娘,,山口県,山口縣,,,,,,,,,,,,,,,,,,1668,https://sakenowa.com/brands/1668,2026-09-28T20:22:25.402701+00:00
sn_1671,942,中澤酒造,松みどり,,神奈川県,神奈川縣,,,,,,,,,,0.4093971204696124,0.5777307764461854,0.3556496753808025,0.3918687637486344,0.20046660179216455,0.4223582243352508,"ワイン,果香,鮮味,甘甜,酸味,氣泡感,平衡,しっかり,苦味,清爽,鮮爽,清新,トロピカル,濃厚,辛口,輕快,穩重,高雅,優しい,ブドウ","ワイン,フルーティ,旨味,甘味,酸味,ガス,バランス,しっかり,苦味,スッキリ,フレッシュ,さわやか,トロピカル,濃厚,辛口,軽快,穏やか,上品,優しい,ブドウ",1671,https://sakenowa.com/brands/1671,2026-09-28T20:22:25.403057+00:00
sn_1829,942,中澤酒造,松美酉,,神奈川県,神奈川縣,,,,,,,,,,,,,,,,櫻花,桜,1829,https://sakenowa.com/brands/1829,2026-09-28T20:22:25.403073+00:00
sn_2471,942,中澤酒造,亮,,神奈川県,神奈川縣,,,,,,,,,,0.7620206675971336,0.36252759484977615,0.0877020889248504,0.1406154458047887,0.12485961275477521,0.49481709977457444,"櫻花,花香,華麗,酸味,清新,甘甜,ワイン,控えめ,甘酸っぱい","桜,花,華やか,酸味,さわやか,甘味,ワイン,控えめ,甘酸っぱい",2471,https://sakenowa.com/brands/2471,2026-09-28T20:22:25.403090+00:00
sn_2850,942,中澤酒造,琴姫,,神奈川県,神奈川縣,,,,,,,,,,,,,,,,,,2850,https://sakenowa.com/brands/2850,2026-09-28T20:22:25.403107+00:00
sn_3013,942,中澤酒造,四季の箱根,,神奈川県,神奈川縣,,,,,,,,,,,,,,,,,,3013,https://sakenowa.com/brands/3013,2026-09-28T20:22:25.403118+00:00
sn_1672,943,善哉酒造,中甼,,長野県,長野縣,,,,,,,,,,,,,,,,柔らかい,柔らかい,1672,https://sakenowa.com/brands/1672,2026-09-28T20:22:25.403435+00:00
sn_3489,943,善哉酒造,善哉 辛口,,長野県,長野縣,,,,,,,,,,,,,,,,,,3489,https://sakenowa.com/brands/3489,2026-09-28T20:22:25.403446+00:00
sn_1674,944,恒松酒造本店,球磨拳,,熊本県,熊本縣,,,,,,,,,,,,,,,,,,1674,https://sakenowa.com/brands/1674,2026-09-28T20:22:25.403768+00:00
sn_1676,945,千寿酒造,今の浦,,静岡県,靜岡縣,,,,,,,,,,,,,,,,,,1676,https://sakenowa.com/brands/1676,2026-09-28T20:22:25.404041+00:00
sn_1680,946,武内酒造,美濃国 大垣城,,岐阜県,岐阜縣,,,,,,,,,,,,,,,,"辛口,冷酒,酸味,甘甜","辛口,冷酒,酸味,甘味",1680,https://sakenowa.com/brands/1680,2026-09-28T20:22:25.404223+00:00
sn_2769,946,武内酒造,一滴千山,,岐阜県,岐阜縣,,,,,,,,,,0.36589138146489,0.45309553427656907,0.22096283621828822,0.3458051109463655,0.36806871304708605,0.5974509239409947,"氣泡感,酸味,鮮爽,鮮味,清爽,辛口,優格,甘甜,甘酸っぱい,柑橘","ガス,酸味,フレッシュ,旨味,スッキリ,辛口,ヨーグルト,甘味,甘酸っぱい,柑橘",2769,https://sakenowa.com/brands/2769,2026-09-28T20:22:25.404233+00:00
sn_1681,947,泉酒造,仙介,,兵庫県,兵庫縣,,,,,,,,,,0.4319193978074273,0.5234692208096382,0.22645367584706946,0.303695464251348,0.3206077182889704,0.5414093620585707,"氣泡感,果香,酸味,辛口,鮮味,清新,鮮爽,甘甜,華麗,清爽,哈密瓜,しっかり,苦味,平衡,鳳梨,餘韻,ピリリ,甘酸っぱい,俐落,ほのか","ガス,フルーティ,酸味,辛口,旨味,さわやか,フレッシュ,甘味,華やか,スッキリ,メロン,しっかり,苦味,バランス,パイナップル,余韻,ピリリ,甘酸っぱい,キレ,ほのか",1681,https://sakenowa.com/brands/1681,2026-09-28T20:22:25.404410+00:00
sn_1926,947,泉酒造,琥泉,,兵庫県,兵庫縣,,,,,,,,,,0.4537647275551497,0.4920202087752988,0.21577121478475497,0.2561007747119661,0.33529580128802416,0.5722286150520403,"鮮爽,氣泡感,果香,華麗,辛口,鮮味,酸味,清新,甘甜,ピリリ,清爽,多汁,平衡,苦味,輕快,哈密瓜,しっかり,起司,優しい,爽快","フレッシュ,ガス,フルーティ,華やか,辛口,旨味,酸味,さわやか,甘味,ピリリ,スッキリ,ジューシー,バランス,苦味,軽快,メロン,しっかり,チーズ,優しい,爽快",1926,https://sakenowa.com/brands/1926,2026-09-28T20:22:25.404422+00:00
sn_1683,948,磯蔵酒造,稲里,,茨城県,茨城縣,,,,,,,,,,0.2850780704376544,0.5634306557696348,0.339807770836944,0.5010180386249931,0.29984701354048504,0.38063074260572705,"辛口,梨子,柔らかい,鮮味,常溫,清新,しっかり,清爽,鮮爽,甘甜,果香,酸味,冷酒,力道強勁,餘韻,ふんわり,燗酒,穩重,苦味","辛口,梨,柔らかい,旨味,常温,さわやか,しっかり,スッキリ,フレッシュ,甘味,フルーティ,酸味,冷酒,力強い,余韻,ふんわり,燗酒,穏やか,苦味",1683,https://sakenowa.com/brands/1683,2026-09-28T20:22:25.404594+00:00
sn_2093,948,磯蔵酒造,愛醸一献,,茨城県,茨城縣,,,,,,,,,,,,,,,,,,2093,https://sakenowa.com/brands/2093,2026-09-28T20:22:25.404602+00:00
sn_1688,949,高橋庄作酒造店,会津娘,,福島県,福島縣,,,,,,,,,,0.37832414577928597,0.5798429662834946,0.25560943645006423,0.48739701293871757,0.23556087102731885,0.4028300125225017,"鮮味,哈密瓜,酸味,優しい,甘甜,果香,香蕉,氣泡感,苦味,純淨,鮮爽,平衡,穩重,花香,辛口,柔らかい,俐落,清爽,常溫,清新","旨味,メロン,酸味,優しい,甘味,フルーティ,バナナ,ガス,苦味,綺麗,フレッシュ,バランス,穏やか,花,辛口,柔らかい,キレ,スッキリ,常温,さわやか",1688,https://sakenowa.com/brands/1688,2026-09-28T20:22:25.404769+00:00
sn_2328,952,戸田酒造,ダイヤ菊,,長野県,長野縣,,,,,,,,,,0.23037000748676553,0.3921194565557478,0.26069860233099673,0.6993959523932514,0.33693975079283445,0.35003590715130456,,,2328,https://sakenowa.com/brands/2328,2026-09-28T20:22:25.405130+00:00
sn_1709,953,清都酒造場,勝駒,,富山県,富山縣,,,,,,,,,,0.3299706198937582,0.5243900743395069,0.27604574781494495,0.5417721077883866,0.30421428017771623,0.39226246317090535,"鮮味,純淨,果香,清爽,平衡,辛口,甘甜,穩重,俐落,苦味,香蕉,高雅,しっかり,餘韻,派手,哈密瓜,優しい,酸味,控えめ,華麗","旨味,綺麗,フルーティ,スッキリ,バランス,辛口,甘味,穏やか,キレ,苦味,バナナ,上品,しっかり,余韻,派手,メロン,優しい,酸味,控えめ,華やか",1709,https://sakenowa.com/brands/1709,2026-09-28T20:22:25.405302+00:00
sn_1710,954,那賀酒造,旭若松,,徳島県,德島縣,,,,,,,,,,0.060114929558529456,0.6413609069151207,0.5937764593467939,0.43848860514225374,0.16936841316994594,0.10730322656596593,"常溫,鮮味,燗冷まし,燗酒,熱燗,濃厚,どっしり,穀物,酸味,焦糖,甘甜,じっくり,俐落,しっかり,紹興酒,醇厚,堅果,苦味,砂糖,蜂蜜","常温,旨味,燗冷まし,燗酒,熱燗,濃厚,どっしり,穀物,酸味,キャラメル,甘味,じっくり,キレ,しっかり,紹興酒,コク,ナッツ,苦味,砂糖,ハチミツ",1710,https://sakenowa.com/brands/1710,2026-09-28T20:22:25.405474+00:00
sn_1711,955,島崎酒造,東力士,,栃木県,栃木縣,,,,,,,,,,0.3558452827305286,0.4985348990287881,0.32718714210885486,0.3821330517279972,0.29481196788929065,0.5337095629775785,"トロピカル,甘甜,氣泡感,鮮味,濃厚,酸味,清新,優格,辛口,清爽,鮮爽,苦味,果香,さっぱり,華麗,俐落,しっかり,餘韻,圓潤,爽快","トロピカル,甘味,ガス,旨味,濃厚,酸味,さわやか,ヨーグルト,辛口,スッキリ,フレッシュ,苦味,フルーティ,さっぱり,華やか,キレ,しっかり,余韻,まろやか,爽快",1711,https://sakenowa.com/brands/1711,2026-09-28T20:22:25.405644+00:00
sn_3042,955,島崎酒造,熟露枯,,栃木県,栃木縣,,,,,,,,,,0.11986738665608511,0.5808229681735313,0.6494715488635808,0.4465079647542098,0.11886361029062963,0.11386516602895494,"紹興酒,圓潤","紹興酒,まろやか",3042,https://sakenowa.com/brands/3042,2026-09-28T20:22:25.405653+00:00
sn_4138,955,島崎酒造,どぶろく,,栃木県,栃木縣,,,,,,,,,,,,,,,,"とろみ,酸味,甘甜","とろみ,酸味,甘味",4138,https://sakenowa.com/brands/4138,2026-09-28T20:22:25.405661+00:00
sn_1714,956,鈴木酒造店 長井蔵,磐城寿,,山形県,山形縣,,,,,,,,,,0.2602228716328543,0.49717441766701276,0.37767712512116647,0.48995844956205836,0.32365722068002123,0.44457661416369687,"鮮味,酸味,甘甜,辛香料,俐落,清新,さっぱり,優しい,苦味,穩重,輕快,辛口,鮮爽,氣泡感,清爽,ラムネ,常溫,しっかり,餘韻,熱燗","旨味,酸味,甘味,スパイス,キレ,さわやか,さっぱり,優しい,苦味,穏やか,軽快,辛口,フレッシュ,ガス,スッキリ,ラムネ,常温,しっかり,余韻,熱燗",1714,https://sakenowa.com/brands/1714,2026-09-28T20:22:25.405829+00:00
sn_4154,956,鈴木酒造店 長井蔵,土耕ん醸,,山形県,山形縣,,,,,,,,,,,,,,,,焦糖,キャラメル,4154,https://sakenowa.com/brands/4154,2026-09-28T20:22:25.405835+00:00
sn_1717,957,中野BC,紀伊国屋文左衛門,,和歌山県,和歌山縣,,,,,,,,,,0.2674683753365627,0.5481590005964161,0.3866849270991661,0.4096933648610173,0.37938600184396126,0.40825819502856503,"辛口,甘甜,鮮味,しっかり,常溫,果香","辛口,甘味,旨味,しっかり,常温,フルーティ",1717,https://sakenowa.com/brands/1717,2026-09-28T20:22:25.406036+00:00
sn_1949,957,中野BC,超久,,和歌山県,和歌山縣,,,,,,,,,,0.20381174101418542,0.5892811337234017,0.44624419603960375,0.399111836355791,0.36918247261848913,0.3413043819750976,"辛口,鮮味,苦味,鮮爽,しっかり,甘甜,濃厚,巧克力,レーズン,酸味,ツン,餘韻,穩重,ふくよか,俐落,銳利,ラム,果香,多汁,醇厚","辛口,旨味,苦味,フレッシュ,しっかり,甘味,濃厚,チョコレート,レーズン,酸味,ツン,余韻,穏やか,ふくよか,キレ,シャープ,ラム,フルーティ,ジューシー,コク",1949,https://sakenowa.com/brands/1949,2026-09-28T20:22:25.406047+00:00
sn_2292,957,中野BC,長久,,和歌山県,和歌山縣,,,,,,,,,,,,,,,,,,2292,https://sakenowa.com/brands/2292,2026-09-28T20:22:25.406052+00:00
sn_1726,959,奥出雲酒造,純米大吟醸,,島根県,島根縣,,,,,,,,,,,,,,,,"哈密瓜,味噌,辛口,輕快,ほのか,清爽,果香,鮮味,甘甜","メロン,味噌,辛口,軽快,ほのか,スッキリ,フルーティ,旨味,甘味",1726,https://sakenowa.com/brands/1726,2026-09-28T20:22:25.406223+00:00
sn_1047,960,旭日酒造,十旭日,,島根県,島根縣,,,,,,,,,,0.11710655432129825,0.5966713865252353,0.5586181748546014,0.44755000753333796,0.2509806179599287,0.2343560673942997,"熱燗,酸味,常溫,鮮味,辛口,しっかり,紹興酒,甘甜,濃厚,苦味,醇厚,俐落,圓潤,カラメル,優格,どっしり,渋み,燗酒,氣泡感,巧克力","熱燗,酸味,常温,旨味,辛口,しっかり,紹興酒,甘味,濃厚,苦味,コク,キレ,まろやか,カラメル,ヨーグルト,どっしり,渋み,燗酒,ガス,チョコレート",1047,https://sakenowa.com/brands/1047,2026-09-28T20:22:25.406397+00:00
sn_1856,960,旭日酒造,十字旭日,,島根県,島根縣,,,,,,,,,,0.1739940653801955,0.5894677282379893,0.5141346712886132,0.36522044959141176,0.3205661111072725,0.34895672219800034,カラメル,カラメル,1856,https://sakenowa.com/brands/1856,2026-09-28T20:22:25.406404+00:00
sn_1729,961,川亀酒造,川亀,,愛媛県,愛媛縣,,,,,,,,,,0.18434287103054584,0.5616268409534751,0.39574427932007106,0.419457464132126,0.4478922897335053,0.34267680894305796,"鮮味,辛口,果香,甘甜,俐落,冷酒,清新,常溫,濃厚,苦味,甘辛い,清爽,酸味,キリリ,燗酒,鮮爽","旨味,辛口,フルーティ,甘味,キレ,冷酒,さわやか,常温,濃厚,苦味,甘辛い,スッキリ,酸味,キリリ,燗酒,フレッシュ",1729,https://sakenowa.com/brands/1729,2026-09-28T20:22:25.406571+00:00
sn_1730,962,森民酒造本家,森の菊川,,宮城県,宮城縣,,,,,,,,,,,,,,,,,,1730,https://sakenowa.com/brands/1730,2026-09-28T20:22:25.406734+00:00
sn_1731,963,舩坂酒造店,深山菊,,岐阜県,岐阜縣,,,,,,,,,,0.2599294409929604,0.6471990380516468,0.38115078965418514,0.39316920319390675,0.3235164051463909,0.33022610383966605,"鮮味,甘甜,辛口,芳醇,鮮爽,蜜,しっかり,俐落,果香","旨味,甘味,辛口,芳醇,フレッシュ,蜜,しっかり,キレ,フルーティ",1731,https://sakenowa.com/brands/1731,2026-09-28T20:22:25.406930+00:00
sn_2260,963,舩坂酒造店,甚五郎,,岐阜県,岐阜縣,,,,,,,,,,,,,,,,,,2260,https://sakenowa.com/brands/2260,2026-09-28T20:22:25.406939+00:00
sn_1733,964,尾畑酒造,砂金,,新潟県,新潟縣,,,,,,,,,,,,,,,,"西洋梨,水蜜桃,控えめ,辛口,甘甜","洋梨,桃,控えめ,辛口,甘味",1733,https://sakenowa.com/brands/1733,2026-09-28T20:22:25.407104+00:00
sn_1735,965,木内酒造,菊盛,,茨城県,茨城縣,,,,,,,,,,0.36337814470263635,0.5473423435814987,0.30933890584207563,0.4001810290118815,0.28828853732241166,0.47898537292396137,"酸味,氣泡感,甘甜,辛口,餘韻,西洋梨,圓潤,清爽,果香,清新","酸味,ガス,甘味,辛口,余韻,洋梨,まろやか,スッキリ,フルーティ,さわやか",1735,https://sakenowa.com/brands/1735,2026-09-28T20:22:25.407271+00:00
sn_1738,966,武内酒造店,御所泉,,石川県,石川縣,,,,,,,,,,0.12011231837535201,0.5092945565775674,0.5189209861410533,0.34038926164614924,0.4946843593698327,0.3103798171727687,"辛口,濃厚","辛口,濃厚",1738,https://sakenowa.com/brands/1738,2026-09-28T20:22:25.407436+00:00
sn_1740,967,清鶴酒造,清鶴,,大阪府,大阪府,,,,,,,,,,0.2657650639823024,0.541959113675495,0.5592590817321246,0.3970380593687528,0.21910217209158234,0.3423938477369893,"鮮爽,巧克力,飴","フレッシュ,チョコレート,飴",1740,https://sakenowa.com/brands/1740,2026-09-28T20:22:25.407599+00:00
sn_1750,968,高木酒造,豊能梅,,高知県,高知縣,,,,,,,,,,0.5324752861380534,0.501597471029411,0.1756790363016073,0.25142379909712786,0.29593078957676217,0.5321822657147428,"鳳梨,果香,蘋果,氣泡感,トロピカル,酸味,鮮味,鮮爽,甘甜,清新,ラムネ,ジュース,清爽,平衡,輕快,華麗,辛口,優しい,苦味,しっかり","パイナップル,フルーティ,リンゴ,ガス,トロピカル,酸味,旨味,フレッシュ,甘味,さわやか,ラムネ,ジュース,スッキリ,バランス,軽快,華やか,辛口,優しい,苦味,しっかり",1750,https://sakenowa.com/brands/1750,2026-09-28T20:22:25.407770+00:00
sn_1752,969,清川酒造,清川,,福島県,福島縣,,,,,,,,,,,,,,,,"酸味,鮮味","酸味,旨味",1752,https://sakenowa.com/brands/1752,2026-09-28T20:22:25.407969+00:00
sn_1763,970,森田酒造,萬年雪,,岡山県,岡山縣,,,,,,,,,,,,,,,,辛口,辛口,1763,https://sakenowa.com/brands/1763,2026-09-28T20:22:25.408133+00:00
sn_1764,971,加賀の井酒造,加賀の井,,新潟県,新潟縣,,,,,,,,,,0.2504411969584733,0.48455292601216293,0.3487044056518848,0.5011738244092462,0.4147871346979386,0.39707598372869185,"辛口,鮮味,清爽,甘甜,酸味,高雅,しっかり,優しい,醇厚,清新,果香,俐落,餘韻,鮮爽,穩重,柔らかい,輕快,平衡,圓潤,味噌","辛口,旨味,スッキリ,甘味,酸味,上品,しっかり,優しい,コク,さわやか,フルーティ,キレ,余韻,フレッシュ,穏やか,柔らかい,軽快,バランス,まろやか,味噌",1764,https://sakenowa.com/brands/1764,2026-09-28T20:22:25.408300+00:00
sn_1626,972,大関,辛丹波,,兵庫県,兵庫縣,,,,,,,,,,0.11209647883060386,0.44448408712885845,0.29685869879581434,0.3369183730441335,0.6734475162839638,0.36701177282004965,"辛口,キリリ,熱燗,穩定,冷酒,清爽","辛口,キリリ,熱燗,安定,冷酒,スッキリ",1626,https://sakenowa.com/brands/1626,2026-09-28T20:22:25.408465+00:00
sn_1765,972,大関,ワンカップ®,,兵庫県,兵庫縣,,,,,,,,,,0.15249504866609961,0.5720633718755823,0.4454195491575175,0.5883196235835064,0.2144401121235713,0.2428696002754737,"熱燗,穩定,鮮味,甘甜,厚重,常溫,冷酒,優しい,優格,辛口,苦味,酸味,するする,燗酒,清爽,濃厚","熱燗,安定,旨味,甘味,重い,常温,冷酒,優しい,ヨーグルト,辛口,苦味,酸味,するする,燗酒,スッキリ,濃厚",1765,https://sakenowa.com/brands/1765,2026-09-28T20:22:25.408477+00:00
sn_2807,972,大関,大関,,兵庫県,兵庫縣,,,,,,,,,,0.3029253368429075,0.6283216727570957,0.37575663740760334,0.4923059188815337,0.15897111482164902,0.32344726335685353,"熱燗,燗酒,優格,甘甜,鮮味,カルピス,滑順,華麗,常溫,ジュース,奶油感,高雅,いちご,辛口,厚重,酸味,果香,ワイン,櫻花,とろみ","熱燗,燗酒,ヨーグルト,甘味,旨味,カルピス,なめらか,華やか,常温,ジュース,クリーミー,上品,いちご,辛口,重い,酸味,フルーティ,ワイン,桜,とろみ",2807,https://sakenowa.com/brands/2807,2026-09-28T20:22:25.408487+00:00
sn_2809,972,大関,特撰 大吟醸,,兵庫県,兵庫縣,,,,,,,,,,,,,,,,"ほのか,さっぱり,常溫,酸味,清爽","ほのか,さっぱり,常温,酸味,スッキリ",2809,https://sakenowa.com/brands/2809,2026-09-28T20:22:25.408493+00:00
sn_3035,972,大関,金鹿,,兵庫県,兵庫縣,,,,,,,,,,,,,,,,"苦味,清爽,甘甜","苦味,スッキリ,甘味",3035,https://sakenowa.com/brands/3035,2026-09-28T20:22:25.408498+00:00
sn_3746,972,大関,長兵衛,,兵庫県,兵庫縣,,,,,,,,,,,,,,,,,,3746,https://sakenowa.com/brands/3746,2026-09-28T20:22:25.408503+00:00
sn_1767,973,増本酒造場,近江藤兵衛,,滋賀県,滋賀縣,,,,,,,,,,,,,,,,,,1767,https://sakenowa.com/brands/1767,2026-09-28T20:22:25.408665+00:00
sn_3925,973,増本酒造場,薄櫻,,滋賀県,滋賀縣,,,,,,,,,,,,,,,,,,3925,https://sakenowa.com/brands/3925,2026-09-28T20:22:25.408674+00:00
sn_1768,974,宗政酒造,宗政,,佐賀県,佐賀縣,,,,,,,,,,0.35989218743527424,0.7153482991597753,0.37921603174733476,0.27409437433338885,0.23583017289192812,0.2901827511941845,"甘甜,果香,ワイン,酸味,鳳梨,鮮味,蜜,清爽,蘋果,しっかり,平衡,芳醇,苦味,清新,濃厚","甘味,フルーティ,ワイン,酸味,パイナップル,旨味,蜜,スッキリ,リンゴ,しっかり,バランス,芳醇,苦味,さわやか,濃厚",1768,https://sakenowa.com/brands/1768,2026-09-28T20:22:25.408841+00:00
sn_1773,975,稲垣酒造場,御山杉,,三重県,三重縣,,,,,,,,,,,,,,,,,,1773,https://sakenowa.com/brands/1773,2026-09-28T20:22:25.409034+00:00
sn_1778,976,稲川酒造店,七重郎,,福島県,福島縣,,,,,,,,,,0.325173457894981,0.5204406202109106,0.41592490686119665,0.3996004551612881,0.3072363166495256,0.4430977058551899,"鮮味,しっかり,鮮爽,じっくり,辛口,純淨,清爽,果香,香蕉,優格,酸味,甘甜,蘋果,濃厚","旨味,しっかり,フレッシュ,じっくり,辛口,綺麗,スッキリ,フルーティ,バナナ,ヨーグルト,酸味,甘味,リンゴ,濃厚",1778,https://sakenowa.com/brands/1778,2026-09-28T20:22:25.409203+00:00
sn_2503,976,稲川酒造店,夢の香,,福島県,福島縣,,,,,,,,,,,,,,,,"果香,キリリ,常溫,濃厚,鮮味,甘甜","フルーティ,キリリ,常温,濃厚,旨味,甘味",2503,https://sakenowa.com/brands/2503,2026-09-28T20:22:25.409210+00:00
sn_1781,977,萩錦酒造,萩錦,,静岡県,靜岡縣,,,,,,,,,,0.2910395102675333,0.5246473651422933,0.32527737218503167,0.4582925880571109,0.35465745394006587,0.4454455869728077,"酸味,辛口,清爽,鮮味,清新,苦味,しっかり,甘甜,輕快,哈密瓜,ブドウ,鮮爽,柔らかい,柑橘,熱燗,俐落,果香,ほのか,華麗,純淨","酸味,辛口,スッキリ,旨味,さわやか,苦味,しっかり,甘味,軽快,メロン,ブドウ,フレッシュ,柔らかい,柑橘,熱燗,キレ,フルーティ,ほのか,華やか,綺麗",1781,https://sakenowa.com/brands/1781,2026-09-28T20:22:25.409380+00:00
sn_1784,978,酒造長生社,信濃鶴,,長野県,長野縣,,,,,,,,,,0.4297476698580887,0.6164942299052842,0.25300949742544304,0.3598255405920641,0.27163424026871746,0.4098517034353085,"哈密瓜,鮮味,果香,鳳梨,甘甜,苦味,氣泡感,華麗,酸味,餘韻,多汁,しっかり,俐落,濃厚,梨子,鮮爽,平衡,清爽,辛口,ピリリ","メロン,旨味,フルーティ,パイナップル,甘味,苦味,ガス,華やか,酸味,余韻,ジューシー,しっかり,キレ,濃厚,梨,フレッシュ,バランス,スッキリ,辛口,ピリリ",1784,https://sakenowa.com/brands/1784,2026-09-28T20:22:25.409553+00:00
sn_1793,979,清洲桜醸造,鬼ころし,,愛知県,愛知縣,,,,,,,,,,,,,,,,,,1793,https://sakenowa.com/brands/1793,2026-09-28T20:22:25.409718+00:00
sn_3565,979,清洲桜醸造,清須,,愛知県,愛知縣,,,,,,,,,,,,,,,,,,3565,https://sakenowa.com/brands/3565,2026-09-28T20:22:25.409723+00:00
sn_3870,979,清洲桜醸造,清洲城 信長 しぼりたて,,愛知県,愛知縣,,,,,,,,,,,,,,,,"ジュース,香蕉,果香,鮮爽,清爽,辛口,甘甜","ジュース,バナナ,フルーティ,フレッシュ,スッキリ,辛口,甘味",3870,https://sakenowa.com/brands/3870,2026-09-28T20:22:25.409730+00:00
sn_1799,980,高垣酒造,龍神丸,,和歌山県,和歌山縣,,,,,,,,,,0.16911721600816665,0.5561523873988252,0.653001381170382,0.3738176727397287,0.2257872826098149,0.21204607043974347,"鮮味,カラメル,巧克力,穀物,堅果,濃厚,甘甜,純淨,複雜,辛口,苦味,果香,酸味,じっくり,ツン,どっしり,しっかり,醇厚,柔らかい,俐落","旨味,カラメル,チョコレート,穀物,ナッツ,濃厚,甘味,綺麗,複雑,辛口,苦味,フルーティ,酸味,じっくり,ツン,どっしり,しっかり,コク,柔らかい,キレ",1799,https://sakenowa.com/brands/1799,2026-09-28T20:22:25.409950+00:00
sn_2341,980,高垣酒造,喜楽里,,和歌山県,和歌山縣,,,,,,,,,,0.1657432018841102,0.5540915541642082,0.7132417564951065,0.27181285432820607,0.17760867995331528,0.22665142058249949,"カラメル,コーヒー,巧克力,鮮味,厚み","カラメル,コーヒー,チョコレート,旨味,厚み",2341,https://sakenowa.com/brands/2341,2026-09-28T20:22:25.409958+00:00
sn_2516,980,高垣酒造,てんきゅう,,和歌山県,和歌山縣,,,,,,,,,,,,,,,,,,2516,https://sakenowa.com/brands/2516,2026-09-28T20:22:25.409963+00:00
sn_3667,980,高垣酒造,紀勢鶴,,和歌山県,和歌山縣,,,,,,,,,,,,,,,,,,3667,https://sakenowa.com/brands/3667,2026-09-28T20:22:25.409967+00:00
sn_8395,980,高垣酒造,高垣,,和歌山県,和歌山縣,,,,,,,,,,,,,,,,,,8395,https://sakenowa.com/brands/8395,2026-09-28T20:22:25.409972+00:00
sn_1800,981,中谷酒造,よねぎん,,奈良県,奈良縣,,,,,,,,,,,,,,,,"蜂蜜,水蜜桃,薄い,熱燗,圓潤,清爽,甘甜","ハチミツ,桃,薄い,熱燗,まろやか,スッキリ,甘味",1800,https://sakenowa.com/brands/1800,2026-09-28T20:22:25.410136+00:00
sn_3462,981,中谷酒造,三日踊,,奈良県,奈良縣,,,,,,,,,,,,,,,,,,3462,https://sakenowa.com/brands/3462,2026-09-28T20:22:25.410141+00:00
sn_1801,982,奥田酒造店,千代緑,,秋田県,秋田縣,,,,,,,,,,0.4475317428791106,0.4768135483580873,0.22354415954657167,0.33713704813248224,0.37660442222553353,0.5166235649745963,"酸味,辛口,果香,苦味,ワイン,氣泡感,清新,鮮味,清爽,鮮爽,甘酸っぱい,穩重,ほのか,甘甜,控えめ,平衡,鳳梨,華麗,薄い,ピチピチ","酸味,辛口,フルーティ,苦味,ワイン,ガス,さわやか,旨味,スッキリ,フレッシュ,甘酸っぱい,穏やか,ほのか,甘味,控えめ,バランス,パイナップル,華やか,薄い,ピチピチ",1801,https://sakenowa.com/brands/1801,2026-09-28T20:22:25.410312+00:00
sn_1040,984,佐久の花酒造,佐久乃花,,長野県,長野縣,,,,,,,,,,0.4454905384979157,0.495552347918708,0.21823296292157202,0.24877047832083174,0.44464826302059657,0.49874000820503234,"蘋果,酸味,氣泡感,果香,辛口,鮮味,苦味,甘甜,華麗,鮮爽,清新,清爽,多汁,俐落,平衡,花香,純淨,しっかり,ピリリ,哈密瓜","リンゴ,酸味,ガス,フルーティ,辛口,旨味,苦味,甘味,華やか,フレッシュ,さわやか,スッキリ,ジューシー,キレ,バランス,花,綺麗,しっかり,ピリリ,メロン",1040,https://sakenowa.com/brands/1040,2026-09-28T20:22:25.410637+00:00
sn_1808,985,尾崎酒造,鯵ヶ澤,,青森県,青森縣,,,,,,,,,,,,,,,,,,1808,https://sakenowa.com/brands/1808,2026-09-28T20:22:25.410799+00:00
sn_2445,985,尾崎酒造,天馬,,青森県,青森縣,,,,,,,,,,,,,,,,"熱燗,醇厚,さっぱり,常溫","熱燗,コク,さっぱり,常温",2445,https://sakenowa.com/brands/2445,2026-09-28T20:22:25.410806+00:00
sn_2817,985,尾崎酒造,ブナの白神,,青森県,青森縣,,,,,,,,,,,,,,,,鮮味,旨味,2817,https://sakenowa.com/brands/2817,2026-09-28T20:22:25.410811+00:00
sn_2925,985,尾崎酒造,安東水軍,,青森県,青森縣,,,,,,,,,,0.18600565723470958,0.5472838052735685,0.48562750205557015,0.5075082248329812,0.342644473805263,0.23468793643224276,"ほのか,蘋果,鮮味,酸味,ブドウ,冷酒,甘甜","ほのか,リンゴ,旨味,酸味,ブドウ,冷酒,甘味",2925,https://sakenowa.com/brands/2925,2026-09-28T20:22:25.410818+00:00
sn_3457,985,尾崎酒造,鯵ケ澤,,青森県,青森縣,,,,,,,,,,,,,,,,,,3457,https://sakenowa.com/brands/3457,2026-09-28T20:22:25.410823+00:00
sn_69048,985,尾崎酒造,岩木川,,青森県,青森縣,,,,,,,,,,,,,,,,,,69048,https://sakenowa.com/brands/69048,2026-09-28T20:22:25.410828+00:00
sn_1810,987,丸石醸造,極,,愛知県,愛知縣,,,,,,,,,,,,,,,,"多汁,鮮爽,控えめ,さっぱり,果香,甘甜","ジューシー,フレッシュ,控えめ,さっぱり,フルーティ,甘味",1810,https://sakenowa.com/brands/1810,2026-09-28T20:22:25.411010+00:00
sn_2126,987,丸石醸造,長譽,,愛知県,愛知縣,,,,,,,,,,,,,,,,,,2126,https://sakenowa.com/brands/2126,2026-09-28T20:22:25.411015+00:00
sn_2635,987,丸石醸造,Bassyu,,愛知県,愛知縣,,,,,,,,,,,,,,,,果香,フルーティ,2635,https://sakenowa.com/brands/2635,2026-09-28T20:22:25.411020+00:00
sn_4028,987,丸石醸造,三河武士,,愛知県,愛知縣,,,,,,,,,,0.3214309981121588,0.5691654689098324,0.37400994127891274,0.36114678741105843,0.25331220698634505,0.48811399284613327,"鮮爽,酸味,氣泡感,鮮味,果香,味噌,清爽","フレッシュ,酸味,ガス,旨味,フルーティ,味噌,スッキリ",4028,https://sakenowa.com/brands/4028,2026-09-28T20:22:25.411027+00:00
sn_4195,987,丸石醸造,二兎,,愛知県,愛知縣,,,,,,,,,,0.3941095860382699,0.5589475546406799,0.31746186828528594,0.3463585475796565,0.24806862196567517,0.4999709420089583,"氣泡感,平衡,酸味,鮮味,苦味,甘甜,果香,鮮爽,複雜,多汁,しっかり,純淨,哈密瓜,餘韻,清新,華麗,清爽,輕快,俐落,濃厚","ガス,バランス,酸味,旨味,苦味,甘味,フルーティ,フレッシュ,複雑,ジューシー,しっかり,綺麗,メロン,余韻,さわやか,華やか,スッキリ,軽快,キレ,濃厚",4195,https://sakenowa.com/brands/4195,2026-09-28T20:22:25.411036+00:00
sn_81583,987,丸石醸造,まるいし,,愛知県,愛知縣,,,,,,,,,,0.35773899805075277,0.5432904670489639,0.32361857253970633,0.49483723427587184,0.21326407390657567,0.42636116562100446,"酸味,甘甜,鮮味,平衡,氣泡感,セメダイン,丸み,果香,圓潤,ワイン,優格,多汁,控えめ,穩重,苦味","酸味,甘味,旨味,バランス,ガス,セメダイン,丸み,フルーティ,まろやか,ワイン,ヨーグルト,ジューシー,控えめ,穏やか,苦味",81583,https://sakenowa.com/brands/81583,2026-09-28T20:22:25.411045+00:00
sn_1812,988,三輪酒造,神雷,,広島県,廣島縣,,,,,,,,,,0.3020058986681034,0.5393988473594168,0.3076873358299784,0.444820311051687,0.3570945708866163,0.44473383312498027,"鮮味,酸味,苦味,辛口,清爽,平衡,甘甜,穩重,俐落,しっかり,果香,餘韻,ほのか,柔らかい,麝香葡萄,香蕉,氣泡感,優格,鮮爽,ピリリ","旨味,酸味,苦味,辛口,スッキリ,バランス,甘味,穏やか,キレ,しっかり,フルーティ,余韻,ほのか,柔らかい,マスカット,バナナ,ガス,ヨーグルト,フレッシュ,ピリリ",1812,https://sakenowa.com/brands/1812,2026-09-28T20:22:25.411212+00:00
sn_1814,989,松葉屋本店,北信流,,長野県,長野縣,,,,,,,,,,0.25080789016773974,0.5768432360079996,0.36946445458806293,0.3018310783249598,0.47152595717537765,0.39294347171623445,"餘韻,辛口,鮮味,栗,苦味,蘋果,清爽,甘甜,酸味,ほのか,濃厚,しっかり,果香","余韻,辛口,旨味,栗,苦味,リンゴ,スッキリ,甘味,酸味,ほのか,濃厚,しっかり,フルーティ",1814,https://sakenowa.com/brands/1814,2026-09-28T20:22:25.411381+00:00
sn_3722,990,岡崎酒造,信州亀齢,,長野県,長野縣,,,,,,,,,,0.489145035936101,0.5081966598533658,0.22167605281006844,0.3092856940220465,0.2603174293645374,0.5384331079956366,"氣泡感,鮮爽,果香,純淨,鮮味,苦味,酸味,多汁,甘甜,平衡,蘋果,華麗,高雅,清新,俐落,輕快,餘韻,しっかり,穩定,ピリリ","ガス,フレッシュ,フルーティ,綺麗,旨味,苦味,酸味,ジューシー,甘味,バランス,リンゴ,華やか,上品,さわやか,キレ,軽快,余韻,しっかり,安定,ピリリ",3722,https://sakenowa.com/brands/3722,2026-09-28T20:22:25.411550+00:00
sn_1819,991,駿河酒造場,天虹,,静岡県,靜岡縣,,,,,,,,,,0.17226869214689566,0.4968072209328292,0.3072752881347876,0.4222600486235226,0.5702742588645905,0.3543609759123922,"辛口,鮮味,俐落","辛口,旨味,キレ",1819,https://sakenowa.com/brands/1819,2026-09-28T20:22:25.411715+00:00
sn_2680,991,駿河酒造場,大虹,,静岡県,靜岡縣,,,,,,,,,,,,,,,,,,2680,https://sakenowa.com/brands/2680,2026-09-28T20:22:25.411721+00:00
sn_322,992,土屋酒造店,茜さす,,長野県,長野縣,,,,,,,,,,0.5735690887504448,0.5715103166384723,0.18609793688151535,0.268902464568575,0.17424595991270247,0.45507342956633695,"鳳梨,果香,鮮爽,氣泡感,鮮味,華麗,甘甜,花香,高雅,水蜜桃,酸味,ワイン,麝香葡萄,平衡,清新,多汁,芳醇,哈密瓜,苦味,清爽","パイナップル,フルーティ,フレッシュ,ガス,旨味,華やか,甘味,花,上品,桃,酸味,ワイン,マスカット,バランス,さわやか,ジューシー,芳醇,メロン,苦味,スッキリ",322,https://sakenowa.com/brands/322,2026-09-28T20:22:25.411926+00:00
sn_1820,992,土屋酒造店,亀の海,,長野県,長野縣,,,,,,,,,,0.492911387362538,0.578650923293107,0.23287559377172332,0.26762849901328384,0.2654551747983519,0.4752672592284405,"果香,鮮味,酸味,氣泡感,多汁,蘋果,華麗,甘甜,苦味,鮮爽,鳳梨,麝香葡萄,甘酸っぱい,平衡,清新,しっかり,輕快,餘韻,哈密瓜,清爽","フルーティ,旨味,酸味,ガス,ジューシー,リンゴ,華やか,甘味,苦味,フレッシュ,パイナップル,マスカット,甘酸っぱい,バランス,さわやか,しっかり,軽快,余韻,メロン,スッキリ",1820,https://sakenowa.com/brands/1820,2026-09-28T20:22:25.411935+00:00
sn_1821,993,横関酒造店,天仁,,埼玉県,埼玉縣,,,,,,,,,,,,,,,,,,1821,https://sakenowa.com/brands/1821,2026-09-28T20:22:25.412105+00:00
sn_1822,994,丸世酒造店,勢正宗,,長野県,長野縣,,,,,,,,,,0.32542999712257065,0.6211926906399154,0.3456966973426051,0.3918854370329115,0.3231519146831238,0.36153477812364904,"蘋果,甘甜,酸味,餘韻,鮮味,氣泡感,清爽,多汁,苦味,平衡,果香,甘酸っぱい,しっかり,とろみ,優格,濃厚,香蕉,俐落,華麗,圓潤","リンゴ,甘味,酸味,余韻,旨味,ガス,スッキリ,ジューシー,苦味,バランス,フルーティ,甘酸っぱい,しっかり,とろみ,ヨーグルト,濃厚,バナナ,キレ,華やか,まろやか",1822,https://sakenowa.com/brands/1822,2026-09-28T20:22:25.412272+00:00
sn_3834,994,丸世酒造店,旭の出乃勢正宗,,長野県,長野縣,,,,,,,,,,,,,,,,,,3834,https://sakenowa.com/brands/3834,2026-09-28T20:22:25.412278+00:00
sn_1823,995,鳥屋酒造,池月,,石川県,石川縣,,,,,,,,,,0.23759367339089352,0.5079191767310053,0.3791833748390141,0.5421389708681016,0.35854433300442734,0.34542527709433923,"鮮味,しっかり,俐落,清爽,甘甜,高雅,辛口,酸味,純淨,ふくよか,熱燗,じっくり","旨味,しっかり,キレ,スッキリ,甘味,上品,辛口,酸味,綺麗,ふくよか,熱燗,じっくり",1823,https://sakenowa.com/brands/1823,2026-09-28T20:22:25.412444+00:00
sn_1824,995,鳥屋酒造,島屋,,石川県,石川縣,,,,,,,,,,,,,,,,"香蕉,醇厚,さっぱり,果香","バナナ,コク,さっぱり,フルーティ",1824,https://sakenowa.com/brands/1824,2026-09-28T20:22:25.412453+00:00
sn_1826,996,角口酒造,北光,,長野県,長野縣,,,,,,,,,,,,,,,,,,1826,https://sakenowa.com/brands/1826,2026-09-28T20:22:25.412617+00:00
sn_1830,997,稲花酒造,上総の国 一ノ宮,,千葉県,千葉縣,,,,,,,,,,,,,,,,,,1830,https://sakenowa.com/brands/1830,2026-09-28T20:22:25.412779+00:00
sn_3710,997,稲花酒造,稲花,,千葉県,千葉縣,,,,,,,,,,0.2784740234331976,0.5935227425004721,0.3786459019040287,0.4349965791103426,0.288141976193643,0.39314428788480643,"ブドウ,酸味","ブドウ,酸味",3710,https://sakenowa.com/brands/3710,2026-09-28T20:22:25.412786+00:00
sn_1837,998,國香酒造,國香,,静岡県,靜岡縣,,,,,,,,,,0.2660224626933828,0.5365266579885053,0.4110608848811207,0.43562754758892397,0.3767104007427813,0.3751240558599997,"辛口,鮮味","辛口,旨味",1837,https://sakenowa.com/brands/1837,2026-09-28T20:22:25.412977+00:00
sn_3852,998,國香酒造,北の丸,,静岡県,靜岡縣,,,,,,,,,,,,,,,,,,3852,https://sakenowa.com/brands/3852,2026-09-28T20:22:25.412982+00:00
sn_1838,999,稲葉酒造,染櫻,,兵庫県,兵庫縣,,,,,,,,,,,,,,,,"優しい,ほのか,苦味,果香,甘甜","優しい,ほのか,苦味,フルーティ,甘味",1838,https://sakenowa.com/brands/1838,2026-09-28T20:22:25.413217+00:00
sn_1844,1000,富久娘酒造,富久娘,,兵庫県,兵庫縣,,,,,,,,,,,,,,,,,,1844,https://sakenowa.com/brands/1844,2026-09-28T20:22:25.413511+00:00
sn_1846,1001,岡田本家,盛典,,兵庫県,兵庫縣,,,,,,,,,,0.42664901970600855,0.5252554180965334,0.26102759170653794,0.2424356428791663,0.3241349444940323,0.5568693320085409,"氣泡感,酸味,辛口,鮮爽,甘甜,ワイン,輕快,清新,しっかり,水蜜桃,鮮味,平衡,清爽,苦味,多汁,果香","ガス,酸味,辛口,フレッシュ,甘味,ワイン,軽快,さわやか,しっかり,桃,旨味,バランス,スッキリ,苦味,ジューシー,フルーティ",1846,https://sakenowa.com/brands/1846,2026-09-28T20:22:25.413797+00:00
sn_1859,1001,岡田本家,花てがみ,,兵庫県,兵庫縣,,,,,,,,,,,,,,,,花香,花,1859,https://sakenowa.com/brands/1859,2026-09-28T20:22:25.413805+00:00
sn_2730,1001,岡田本家,金鵄盛典,,兵庫県,兵庫縣,,,,,,,,,,0.3415225792439355,0.5580846610662376,0.27228652714419405,0.336786266719202,0.4354657644622577,0.4412578210247958,鳳梨,パイナップル,2730,https://sakenowa.com/brands/2730,2026-09-28T20:22:25.413812+00:00
sn_1850,1002,高田酒造,此君,,鳥取県,鳥取縣,,,,,,,,,,0.20001870452740855,0.6571154512903956,0.4955518533786015,0.3775912767733935,0.22221262637322087,0.3011088482801258,"優格,酸味,紹興酒,常溫,力道強勁,焦糖,鮮味","ヨーグルト,酸味,紹興酒,常温,力強い,キャラメル,旨味",1850,https://sakenowa.com/brands/1850,2026-09-28T20:22:25.414020+00:00
sn_1851,1003,ヤヱガキ酒造,八重垣,,兵庫県,兵庫縣,,,,,,,,,,0.3018972092905693,0.5924100030413528,0.33490962109085554,0.43818355225655514,0.3116002502454565,0.3957833594261963,"鮮味,辛口,鮮爽,酸味,甘甜,冷酒,平衡,常溫,清爽,熱燗,苦味,圓潤,しっかり,高雅,清新,濃厚,輕快,華麗,果香,多汁","旨味,辛口,フレッシュ,酸味,甘味,冷酒,バランス,常温,スッキリ,熱燗,苦味,まろやか,しっかり,上品,さわやか,濃厚,軽快,華やか,フルーティ,ジューシー",1851,https://sakenowa.com/brands/1851,2026-09-28T20:22:25.414197+00:00
sn_2236,1003,ヤヱガキ酒造,佐久佐,,兵庫県,兵庫縣,,,,,,,,,,,,,,,,"鮮味,甘甜","旨味,甘味",2236,https://sakenowa.com/brands/2236,2026-09-28T20:22:25.414204+00:00
sn_4277,1003,ヤヱガキ酒造,無,,兵庫県,兵庫縣,,,,,,,,,,,,,,,,巧克力,チョコレート,4277,https://sakenowa.com/brands/4277,2026-09-28T20:22:25.414209+00:00
sn_1857,1005,千代鶴酒造,千代鶴,,富山県,富山縣,,,,,,,,,,0.22949414486772726,0.4728112062576649,0.30736185262270865,0.5937294019321129,0.38857709280049485,0.35468850064949975,"辛口,鮮味,酸味,清爽,甘甜,苦味,穩重,平衡,俐落,控えめ,香蕉,冷酒,しっかり,優しい,純淨,セメダイン,餘韻,鮮爽,華麗,穩定","辛口,旨味,酸味,スッキリ,甘味,苦味,穏やか,バランス,キレ,控えめ,バナナ,冷酒,しっかり,優しい,綺麗,セメダイン,余韻,フレッシュ,華やか,安定",1857,https://sakenowa.com/brands/1857,2026-09-28T20:22:25.414378+00:00
sn_1865,1006,萬歳樂,杜氏の隠し酒,,石川県,石川縣,,,,,,,,,,,,,,,,"じっくり,平衡,俐落,苦味,酸味,辛口,甘甜","じっくり,バランス,キレ,苦味,酸味,辛口,甘味",1865,https://sakenowa.com/brands/1865,2026-09-28T20:22:25.414544+00:00
sn_1870,1007,請福酒造,請福 VINTAGE 30度,,沖縄県,沖繩縣,,,,,,,,,,,,,,,,"檸檬,控えめ,果香","レモン,控えめ,フルーティ",1870,https://sakenowa.com/brands/1870,2026-09-28T20:22:25.414711+00:00
sn_1893,1010,聖酒造,関東の華,,群馬県,群馬縣,,,,,,,,,,0.47035202490388633,0.5036586431312892,0.22181250160790983,0.35430355536485836,0.20367976077327885,0.5557694699293622,"氣泡感,果香,華麗,酸味,甘甜,鮮爽,鮮味,穩重","ガス,フルーティ,華やか,酸味,甘味,フレッシュ,旨味,穏やか",1893,https://sakenowa.com/brands/1893,2026-09-28T20:22:25.415211+00:00
sn_3273,1010,聖酒造,聖火,,群馬県,群馬縣,,,,,,,,,,,,,,,,,,3273,https://sakenowa.com/brands/3273,2026-09-28T20:22:25.415216+00:00
sn_3704,1010,聖酒造,聖,,群馬県,群馬縣,,,,,,,,,,0.4807987887533963,0.4620673608199681,0.19526923464843426,0.2396320643361382,0.2215290230208645,0.6408569032938425,"氣泡感,酸味,ジュース,甘甜,果香,鮮爽,清新,甘酸っぱい,蘋果,鮮味,ラムネ,多汁,鳳梨,苦味,平衡,清爽,優格,しっかり,哈密瓜,ゴクゴク","ガス,酸味,ジュース,甘味,フルーティ,フレッシュ,さわやか,甘酸っぱい,リンゴ,旨味,ラムネ,ジューシー,パイナップル,苦味,バランス,スッキリ,ヨーグルト,しっかり,メロン,ゴクゴク",3704,https://sakenowa.com/brands/3704,2026-09-28T20:22:25.415227+00:00
sn_1899,1012,石井醸造,酒岳堂,,神奈川県,神奈川縣,,,,,,,,,,,,,,,,"優格,圓潤,辛口","ヨーグルト,まろやか,辛口",1899,https://sakenowa.com/brands/1899,2026-09-28T20:22:25.415396+00:00
sn_3386,1012,石井醸造,箱根街道,,神奈川県,神奈川縣,,,,,,,,,,,,,,,,辛口,辛口,3386,https://sakenowa.com/brands/3386,2026-09-28T20:22:25.415404+00:00
sn_1911,1013,池月酒造,誉池月,,島根県,島根縣,,,,,,,,,,0.3454064494153948,0.5013101956783517,0.3190474251623071,0.437529169074513,0.3393703400453181,0.47009276894563773,"鮮味,酸味,辛口,甘甜,苦味,しっかり,いちご,氣泡感,華麗,純淨,輕快,俐落,清爽,鮮爽,柔らかい,優格,とろみ,清新,平衡,水蜜桃","旨味,酸味,辛口,甘味,苦味,しっかり,いちご,ガス,華やか,綺麗,軽快,キレ,スッキリ,フレッシュ,柔らかい,ヨーグルト,とろみ,さわやか,バランス,桃",1911,https://sakenowa.com/brands/1911,2026-09-28T20:22:25.415570+00:00
sn_1919,1015,笹目宗兵衛商店,二波山 松緑,,茨城県,茨城縣,,,,,,,,,,,,,,,,,,1919,https://sakenowa.com/brands/1919,2026-09-28T20:22:25.415733+00:00
sn_1922,1016,宮本酒造店,夢醸,,石川県,石川縣,,,,,,,,,,0.23727271537608347,0.6058290883198127,0.40637884193013474,0.45455018409079934,0.3248784342671733,0.31522554497739774,酸味,酸味,1922,https://sakenowa.com/brands/1922,2026-09-28T20:22:25.415933+00:00
sn_1925,1017,北安醸造,北安大国,,長野県,長野縣,,,,,,,,,,0.34143728897816633,0.6140284449676431,0.29953268585855053,0.4552511291985024,0.32971596752946947,0.31733831582053795,"蘋果,檸檬,鮮味","リンゴ,レモン,旨味",1925,https://sakenowa.com/brands/1925,2026-09-28T20:22:25.416097+00:00
sn_2276,1017,北安醸造,北安大國,,長野県,長野縣,,,,,,,,,,0.3388871827718577,0.6291109933464291,0.3793146898800689,0.38433293610904445,0.26619517497588024,0.356263279733081,"酸味,甘甜,蘋果,鮮味,ワイン,甘酸っぱい,檸檬,果香,俐落,香蕉,アミノ酸,輕快,鮮爽,餘韻,清新,冷酒,平衡,苦味,純淨,常溫","酸味,甘味,リンゴ,旨味,ワイン,甘酸っぱい,レモン,フルーティ,キレ,バナナ,アミノ酸,軽快,フレッシュ,余韻,さわやか,冷酒,バランス,苦味,綺麗,常温",2276,https://sakenowa.com/brands/2276,2026-09-28T20:22:25.416111+00:00
sn_3072,1017,北安醸造,居谷里,,長野県,長野縣,,,,,,,,,,0.17692723395365095,0.7140892684440252,0.47967079802264667,0.3694352997386636,0.1647876023714749,0.2550525465753452,"酸味,鮮味,優格,甘甜,アミノ酸,醇厚,濃厚,しっかり,平衡,複雜,熱燗","酸味,旨味,ヨーグルト,甘味,アミノ酸,コク,濃厚,しっかり,バランス,複雑,熱燗",3072,https://sakenowa.com/brands/3072,2026-09-28T20:22:25.416120+00:00
sn_1927,1018,河合酒造,出世男,,奈良県,奈良縣,,,,,,,,,,0.23927921805278368,0.5578733670473269,0.43745517070610795,0.4206592323317051,0.3969415204610877,0.32502149983956,,,1927,https://sakenowa.com/brands/1927,2026-09-28T20:22:25.416283+00:00
sn_3867,1018,河合酒造,出世男 大吟醸,,奈良県,奈良縣,,,,,,,,,,,,,,,,"スイスイ,しっかり,辛口,清爽","スイスイ,しっかり,辛口,スッキリ",3867,https://sakenowa.com/brands/3867,2026-09-28T20:22:25.416289+00:00
sn_1928,1019,國稀酒造,國稀,,北海道,北海道,,,,,,,,,,0.16152264529099775,0.4559769876806138,0.3229674812205045,0.42586488486890517,0.5558657888346199,0.413932062634504,"辛口,清爽,鮮味,甘甜,常溫,キリリ,圓潤,ラム,俐落,輕快,しっかり,清新,冷酒,酸味,苦味,さっぱり,醇厚,熱燗,柔らかい,ふくよか","辛口,スッキリ,旨味,甘味,常温,キリリ,まろやか,ラム,キレ,軽快,しっかり,さわやか,冷酒,酸味,苦味,さっぱり,コク,熱燗,柔らかい,ふくよか",1928,https://sakenowa.com/brands/1928,2026-09-28T20:22:25.416456+00:00
sn_2327,1019,國稀酒造,清風,,北海道,北海道,,,,,,,,,,,,,,,,,,2327,https://sakenowa.com/brands/2327,2026-09-28T20:22:25.416472+00:00
sn_2592,1019,國稀酒造,暑寒しずく,,北海道,北海道,,,,,,,,,,,,,,,,"ちびちび,辛口,平衡,清爽,しっかり,鮮味","ちびちび,辛口,バランス,スッキリ,しっかり,旨味",2592,https://sakenowa.com/brands/2592,2026-09-28T20:22:25.416478+00:00
sn_1929,1020,山和酒造店,山和,,宮城県,宮城縣,,,,,,,,,,0.3904665922656628,0.45997396723266376,0.249551094632067,0.48537294733012704,0.34654699241668446,0.46690719100013683,"純淨,清爽,酸味,鮮味,甘甜,辛口,穩重,哈密瓜,俐落,平衡,清新,控えめ,果香,柔らかい,苦味,高雅,ほのか,華麗,優しい,しっかり","綺麗,スッキリ,酸味,旨味,甘味,辛口,穏やか,メロン,キレ,バランス,さわやか,控えめ,フルーティ,柔らかい,苦味,上品,ほのか,華やか,優しい,しっかり",1929,https://sakenowa.com/brands/1929,2026-09-28T20:22:25.416646+00:00
sn_3370,1020,山和酒造店,DATE SEVEN,,宮城県,宮城縣,,,,,,,,,,0.480459608463688,0.4622904606453049,0.23245099547295792,0.3739753749194386,0.33936044446168045,0.4963764065943691,"華麗,純淨,酸味,鮮味,清新,果香,甘甜,清爽,哈密瓜,俐落,苦味,高雅,蘋果,しっかり,柔らかい,さっぱり,優しい,辛口,穩重,平衡","華やか,綺麗,酸味,旨味,さわやか,フルーティ,甘味,スッキリ,メロン,キレ,苦味,上品,リンゴ,しっかり,柔らかい,さっぱり,優しい,辛口,穏やか,バランス",3370,https://sakenowa.com/brands/3370,2026-09-28T20:22:25.416659+00:00
sn_1941,1021,花の露,花の露,,福岡県,福岡縣,,,,,,,,,,0.28808072677864605,0.5311951773914714,0.36835829081075067,0.466370832326169,0.41219971292168966,0.3342798100220617,,,1941,https://sakenowa.com/brands/1941,2026-09-28T20:22:25.416826+00:00
sn_3364,1021,花の露,鴻臚館,,福岡県,福岡縣,,,,,,,,,,,,,,,,"高雅,華麗,苦味,清爽","上品,華やか,苦味,スッキリ",3364,https://sakenowa.com/brands/3364,2026-09-28T20:22:25.416837+00:00
sn_1943,1022,阿部勘酒造店,阿部勘,,宮城県,宮城縣,,,,,,,,,,0.3441785554672186,0.4257983975019856,0.21035972145897092,0.3956964642680366,0.4641496313202996,0.5328931057350512,"辛口,清爽,鮮味,酸味,清新,甘甜,俐落,穩重,氣泡感,輕快,果香,さっぱり,控えめ,平衡,純淨,華麗,苦味,しっかり,餘韻,哈密瓜","辛口,スッキリ,旨味,酸味,さわやか,甘味,キレ,穏やか,ガス,軽快,フルーティ,さっぱり,控えめ,バランス,綺麗,華やか,苦味,しっかり,余韻,メロン",1943,https://sakenowa.com/brands/1943,2026-09-28T20:22:25.417036+00:00
sn_3851,1022,阿部勘酒造店,四季の松島,,宮城県,宮城縣,,,,,,,,,,,,,,,,,,3851,https://sakenowa.com/brands/3851,2026-09-28T20:22:25.417041+00:00
sn_122588,1022,阿部勘酒造店,於茂多加男山,,宮城県,宮城縣,,,,,,,,,,,,,,,,,,122588,https://sakenowa.com/brands/122588,2026-09-28T20:22:25.417050+00:00
sn_1944,1023,真名鶴酒造,真名鶴,,福井県,福井縣,,,,,,,,,,0.3880498314575293,0.5537199768079039,0.34868032836774604,0.3603469912795998,0.31734799607357733,0.4366621571224409,"酸味,甘甜,荔枝,果香","酸味,甘味,ライチ,フルーティ",1944,https://sakenowa.com/brands/1944,2026-09-28T20:22:25.417217+00:00
sn_4092,1023,真名鶴酒造,奏雨,,福井県,福井縣,,,,,,,,,,,,,,,,,,4092,https://sakenowa.com/brands/4092,2026-09-28T20:22:25.417222+00:00
sn_1946,1024,吾妻嶺酒造店,あづまみね,,岩手県,岩手縣,,,,,,,,,,0.33017446013476187,0.5341345621645016,0.32431203401134107,0.4597022893352466,0.33193349171404324,0.4230848168274747,"酸味,鮮味,甘甜,ワイン,清爽,清新,俐落,しっかり,葡萄柚,平衡,氣泡感,苦味,優しい,辛口,果香","酸味,旨味,甘味,ワイン,スッキリ,さわやか,キレ,しっかり,グレープフルーツ,バランス,ガス,苦味,優しい,辛口,フルーティ",1946,https://sakenowa.com/brands/1946,2026-09-28T20:22:25.417393+00:00
sn_2096,1024,吾妻嶺酒造店,悠楽,,岩手県,岩手縣,,,,,,,,,,,,,,,,,,2096,https://sakenowa.com/brands/2096,2026-09-28T20:22:25.417398+00:00
sn_1955,1025,東薫酒造,東薫,,千葉県,千葉縣,,,,,,,,,,0.3655593136658884,0.60040099821465,0.3218250011603026,0.40350812497738636,0.274011445838625,0.4054782593306424,"清爽,濃厚,辛口,鮮味","スッキリ,濃厚,辛口,旨味",1955,https://sakenowa.com/brands/1955,2026-09-28T20:22:25.417562+00:00
sn_1958,1026,三宅酒造,菊日本,,兵庫県,兵庫縣,,,,,,,,,,,,,,,,若い,若い,1958,https://sakenowa.com/brands/1958,2026-09-28T20:22:25.417725+00:00
sn_1959,1028,福羅酒造,山陰東郷,,鳥取県,鳥取縣,,,,,,,,,,0.18546112076988933,0.6557846121830726,0.6011516461139024,0.325101088526789,0.11411598334627729,0.23548723546049863,"柳橙,酸味,紹興酒,常溫,熱燗,コーヒー,梨子,鮮味,燗酒,濃厚,深み,優格,甘甜,堅果,醇厚,しっかり","オレンジ,酸味,紹興酒,常温,熱燗,コーヒー,梨,旨味,燗酒,濃厚,深み,ヨーグルト,甘味,ナッツ,コク,しっかり",1959,https://sakenowa.com/brands/1959,2026-09-28T20:22:25.418063+00:00
sn_3547,1030,奥飛騨酒造,初緑,,岐阜県,岐阜縣,,,,,,,,,,0.47381035267788135,0.6066256826772488,0.2692686446812352,0.33369434770127765,0.2474340298487568,0.40302346208152406,"果香,哈密瓜,蘋果,甘甜,鮮爽,清爽,鮮味,華麗,酸味","フルーティ,メロン,リンゴ,甘味,フレッシュ,スッキリ,旨味,華やか,酸味",3547,https://sakenowa.com/brands/3547,2026-09-28T20:22:25.418231+00:00
sn_1122,1031,中島屋酒造場,カネナカ,,山口県,山口縣,,,,,,,,,,0.07276236189754604,0.5698097688686511,0.6660117588818514,0.2801695412585406,0.3312262291216049,0.19556333070621582,"辛口,堅果,鮮味,焦糖,カラメル,酸味,熱燗,常溫,しっかり,俐落,力道強勁,醇厚,どっしり,ちびちび,濃厚","辛口,ナッツ,旨味,キャラメル,カラメル,酸味,熱燗,常温,しっかり,キレ,力強い,コク,どっしり,ちびちび,濃厚",1122,https://sakenowa.com/brands/1122,2026-09-28T20:22:25.418398+00:00
sn_1974,1031,中島屋酒造場,中島屋,,山口県,山口縣,,,,,,,,,,0.4308932634040454,0.5811061252722821,0.3507876674513857,0.3054586736168221,0.18559720032108978,0.47522979392425296,"プチプチ,氣泡感,酸味,鮮味,甘甜,果香,レーズン,苦味,鮮爽,焦糖,しっかり,濃厚,清新,多汁,蘋果,哈密瓜,平衡,香蕉,冷酒,華麗","プチプチ,ガス,酸味,旨味,甘味,フルーティ,レーズン,苦味,フレッシュ,キャラメル,しっかり,濃厚,さわやか,ジューシー,リンゴ,メロン,バランス,バナナ,冷酒,華やか",1974,https://sakenowa.com/brands/1974,2026-09-28T20:22:25.418408+00:00
sn_1980,1032,長珍酒造,長玲 禄,,愛知県,愛知縣,,,,,,,,,,,,,,,,"厚重,清淡,派手,柔らかい,冷酒,鮮味,甘甜,辛口","重い,淡い,派手,柔らかい,冷酒,旨味,甘味,辛口",1980,https://sakenowa.com/brands/1980,2026-09-28T20:22:25.418576+00:00
sn_3402,1032,長珍酒造,長珍,,愛知県,愛知縣,,,,,,,,,,0.18123572180279018,0.6118384234012659,0.4670057397185944,0.43837467187824253,0.2947545160597709,0.3092901844229411,"鮮味,酸味,辛口,氣泡感,濃厚,甘甜,しっかり,苦味,鮮爽,熱燗,俐落,冷酒,圓潤,常溫,醇厚,平衡,ピリリ,どっしり,清爽,ツン","旨味,酸味,辛口,ガス,濃厚,甘味,しっかり,苦味,フレッシュ,熱燗,キレ,冷酒,まろやか,常温,コク,バランス,ピリリ,どっしり,スッキリ,ツン",3402,https://sakenowa.com/brands/3402,2026-09-28T20:22:25.418586+00:00
sn_1039,1033,小江戸鏡山酒造,鏡山,,埼玉県,埼玉縣,,,,,,,,,,0.4456583544551366,0.6620827067211267,0.32102261964357676,0.29185436151271005,0.17567315044200377,0.3793936927811684,"鳳梨,果香,鮮味,鮮爽,酸味,ワイン,甘甜,苦味,華麗,芳醇,濃厚,哈密瓜,多汁,平衡,清新,氣泡感,醇厚,圓潤,清爽,輕快","パイナップル,フルーティ,旨味,フレッシュ,酸味,ワイン,甘味,苦味,華やか,芳醇,濃厚,メロン,ジューシー,バランス,さわやか,ガス,コク,まろやか,スッキリ,軽快",1039,https://sakenowa.com/brands/1039,2026-09-28T20:22:25.418755+00:00
sn_3800,1033,小江戸鏡山酒造,仁科誉,,埼玉県,埼玉縣,,,,,,,,,,,,,,,,"ラムネ,清新,辛口","ラムネ,さわやか,辛口",3800,https://sakenowa.com/brands/3800,2026-09-28T20:22:25.418761+00:00
sn_1988,1034,磐梯酒造,磐梯山,,福島県,福島縣,,,,,,,,,,,,,,,,,,1988,https://sakenowa.com/brands/1988,2026-09-28T20:22:25.418943+00:00
sn_6801,1034,磐梯酒造,乗丹坊,,福島県,福島縣,,,,,,,,,,,,,,,,,,6801,https://sakenowa.com/brands/6801,2026-09-28T20:22:25.418948+00:00
sn_1989,1035,香住鶴,香住鶴,,兵庫県,兵庫縣,,,,,,,,,,0.24668815900024557,0.5782250614358001,0.4032814250933408,0.47181971926060634,0.27100201980779937,0.3822419135681679,"酸味,優格,鮮味,醇厚,辛口,甘甜,氣泡感,しっかり,冷酒,清爽,果香,圓潤,常溫,穩重,鮮爽,複雜,優しい,餘韻,濃厚,清新","酸味,ヨーグルト,旨味,コク,辛口,甘味,ガス,しっかり,冷酒,スッキリ,フルーティ,まろやか,常温,穏やか,フレッシュ,複雑,優しい,余韻,濃厚,さわやか",1989,https://sakenowa.com/brands/1989,2026-09-28T20:22:25.419118+00:00
sn_1128,1037,藤岡酒造,蒼空,,京都府,京都府,,,,,,,,,,0.3003451560864204,0.5331254979600561,0.33168559621025834,0.5564605236476001,0.24185608858182991,0.3839426701275182,"鮮味,甘甜,清新,酸味,餘韻,醇厚,純淨,清爽,高雅,優しい,柔らかい,輕快,しっかり,圓潤,苦味,平衡,華麗,穩重,辛口,鮮爽","旨味,甘味,さわやか,酸味,余韻,コク,綺麗,スッキリ,上品,優しい,柔らかい,軽快,しっかり,まろやか,苦味,バランス,華やか,穏やか,辛口,フレッシュ",1128,https://sakenowa.com/brands/1128,2026-09-28T20:22:25.419445+00:00
sn_1997,1038,西飯田酒造店,積善,,長野県,長野縣,,,,,,,,,,0.642384057983355,0.46263761162413836,0.16058415650176433,0.33269201304699725,0.24231602484192635,0.42204367025191925,"花香,香蕉,蘋果,酸味,甘甜,蜜,華麗,果香,櫻花,苦味,鮮味,いちご,甘酸っぱい,辛口,清爽,清新,ワイン,餘韻,濃厚,ふんわり","花,バナナ,リンゴ,酸味,甘味,蜜,華やか,フルーティ,桜,苦味,旨味,いちご,甘酸っぱい,辛口,スッキリ,さわやか,ワイン,余韻,濃厚,ふんわり",1997,https://sakenowa.com/brands/1997,2026-09-28T20:22:25.419612+00:00
sn_1020,1039,永山本家酒造場,貴,,山口県,山口縣,,,,,,,,,,0.32955644775840826,0.4976555807948715,0.2701456553212374,0.4157159203945516,0.35194645300539473,0.52351386161502,"酸味,辛口,鮮味,氣泡感,清爽,清新,苦味,優格,さっぱり,果香,甘甜,しっかり,鮮爽,俐落,柑橘,控えめ,餘韻,常溫,冷酒,平衡","酸味,辛口,旨味,ガス,スッキリ,さわやか,苦味,ヨーグルト,さっぱり,フルーティ,甘味,しっかり,フレッシュ,キレ,柑橘,控えめ,余韻,常温,冷酒,バランス",1020,https://sakenowa.com/brands/1020,2026-09-28T20:22:25.419778+00:00
sn_122592,1039,永山本家酒造場,男山,,山口県,山口縣,,,,,,,,,,,,,,,,,,122592,https://sakenowa.com/brands/122592,2026-09-28T20:22:25.419784+00:00
sn_2004,1040,飯田酒造場,徳明,,千葉県,千葉縣,,,,,,,,,,,,,,,,"さっぱり,甘甜","さっぱり,甘味",2004,https://sakenowa.com/brands/2004,2026-09-28T20:22:25.419974+00:00
sn_2007,1041,舞姫酒造,舞姫,,長野県,長野縣,,,,,,,,,,0.3441097246718511,0.5147118295498946,0.4779822346975404,0.4055113930217119,0.31150533481018755,0.35597492852108553,"コーヒー,辛口,巧克力,甘甜,華麗,鮮味,酸味,優格,しっかり,苦味,ワイン,清爽,甘酸っぱい,荔枝,氣泡感,蘋果,果香,ふくよか,ブドウ","コーヒー,辛口,チョコレート,甘味,華やか,旨味,酸味,ヨーグルト,しっかり,苦味,ワイン,スッキリ,甘酸っぱい,ライチ,ガス,リンゴ,フルーティ,ふくよか,ブドウ",2007,https://sakenowa.com/brands/2007,2026-09-28T20:22:25.420142+00:00
sn_3153,1041,舞姫酒造,翠露,,長野県,長野縣,,,,,,,,,,0.43013168730705936,0.4860325745738756,0.23260052335443407,0.40283405028233027,0.3650935812870604,0.47863082788182054,"果香,辛口,甘甜,酸味,鮮味,清新,清爽,華麗,しっかり,蘋果,苦味,氣泡感,穩重,平衡,鮮爽,さっぱり,花香,純淨,俐落,控えめ","フルーティ,辛口,甘味,酸味,旨味,さわやか,スッキリ,華やか,しっかり,リンゴ,苦味,ガス,穏やか,バランス,フレッシュ,さっぱり,花,綺麗,キレ,控えめ",3153,https://sakenowa.com/brands/3153,2026-09-28T20:22:25.420157+00:00
sn_3308,1041,舞姫酒造,翆露,,長野県,長野縣,,,,,,,,,,,,,,,,,,3308,https://sakenowa.com/brands/3308,2026-09-28T20:22:25.420162+00:00
sn_2009,1042,神聖,たれ口,,京都府,京都府,,,,,,,,,,,,,,,,,,2009,https://sakenowa.com/brands/2009,2026-09-28T20:22:25.420324+00:00
sn_2012,1043,太陽酒造,神稲,,兵庫県,兵庫縣,,,,,,,,,,,,,,,,,,2012,https://sakenowa.com/brands/2012,2026-09-28T20:22:25.420487+00:00
sn_2679,1043,太陽酒造,太陽,,兵庫県,兵庫縣,,,,,,,,,,0.13050072204052676,0.5644994595565538,0.665362788099447,0.3630065466281258,0.19586063612514415,0.22686370410792167,"鮮味,紹興酒,力道強勁","旨味,紹興酒,力強い",2679,https://sakenowa.com/brands/2679,2026-09-28T20:22:25.420494+00:00
sn_2018,1045,谷櫻酒造,谷櫻,,山梨県,山梨縣,,,,,,,,,,0.3606184392401122,0.4536613133994601,0.31939271863772295,0.4409959194031178,0.4010377548590616,0.4547805663540485,"辛口,苦味,清爽","辛口,苦味,スッキリ",2018,https://sakenowa.com/brands/2018,2026-09-28T20:22:25.420663+00:00
sn_2024,1046,佐嘉酒造,窓乃梅,,佐賀県,佐賀縣,,,,,,,,,,0.2599352731394062,0.6021393161218322,0.5327655684449255,0.3976221004461302,0.25807195547674466,0.24762527712462326,"巧克力,味噌,辛口","チョコレート,味噌,辛口",2024,https://sakenowa.com/brands/2024,2026-09-28T20:22:25.420828+00:00
sn_2391,1047,尾澤酒造場,十九,,長野県,長野縣,,,,,,,,,,0.46969474390283134,0.4713256924519206,0.21536690456404853,0.3032838969771118,0.29462625077919163,0.5762553997920062,"氣泡感,酸味,苦味,清新,甘甜,櫻花,鮮味,果香,辛口,輕快,清爽,平衡,純淨,哈密瓜,多汁,俐落,麝香葡萄,華麗,しっかり,控えめ","ガス,酸味,苦味,さわやか,甘味,桜,旨味,フルーティ,辛口,軽快,スッキリ,バランス,綺麗,メロン,ジューシー,キレ,マスカット,華やか,しっかり,控えめ",2391,https://sakenowa.com/brands/2391,2026-09-28T20:22:25.421026+00:00
sn_2047,1048,伊丹老松酒造,老松,,兵庫県,兵庫縣,,,,,,,,,,0.2353898698373505,0.37145987245236894,0.2869834494691775,0.26691239528291716,0.5857627946597713,0.5566771000347573,"氣泡感,辛口","ガス,辛口",2047,https://sakenowa.com/brands/2047,2026-09-28T20:22:25.421194+00:00
sn_2048,1049,浦野,菊石,,愛知県,愛知縣,,,,,,,,,,,,,,,,,,2048,https://sakenowa.com/brands/2048,2026-09-28T20:22:25.421362+00:00
sn_1132,1050,英君酒造,英君,,静岡県,靜岡縣,,,,,,,,,,0.42861024433345407,0.5523191124447061,0.25090856530788946,0.3330472030397489,0.27384009794606956,0.5122234957907853,"酸味,甘甜,苦味,果香,清新,哈密瓜,鮮味,氣泡感,辛口,清爽,麝香葡萄,甘酸っぱい,香蕉,鮮爽,ゴクゴク,餘韻,柑橘,しっかり,控えめ,蘋果","酸味,甘味,苦味,フルーティ,さわやか,メロン,旨味,ガス,辛口,スッキリ,マスカット,甘酸っぱい,バナナ,フレッシュ,ゴクゴク,余韻,柑橘,しっかり,控えめ,リンゴ",1132,https://sakenowa.com/brands/1132,2026-09-28T20:22:25.421563+00:00
sn_1164,1051,玄葉本店,あぶくま,,福島県,福島縣,,,,,,,,,,0.288943350534826,0.5179583275085083,0.3514516913878691,0.5278471173737458,0.3331918585483744,0.3675230956609533,"鮮味,甘甜,平衡,辛口,果香,しっかり,穩重,清爽,酸味,苦味,穩定,俐落,柔らかい,華麗,餘韻,ほのか,優しい,純淨,鮮爽,派手","旨味,甘味,バランス,辛口,フルーティ,しっかり,穏やか,スッキリ,酸味,苦味,安定,キレ,柔らかい,華やか,余韻,ほのか,優しい,綺麗,フレッシュ,派手",1164,https://sakenowa.com/brands/1164,2026-09-28T20:22:25.421734+00:00
sn_2404,1051,玄葉本店,八千万年の雫,,福島県,福島縣,,,,,,,,,,,,,,,,"あっさり,清爽","あっさり,スッキリ",2404,https://sakenowa.com/brands/2404,2026-09-28T20:22:25.421742+00:00
sn_1340,1052,武の井酒造,青煌,,山梨県,山梨縣,,,,,,,,,,0.530619030598704,0.4539945777651155,0.21243954373648602,0.2949647109623379,0.2980010951389503,0.5398082757482425,"花香,清新,苦味,酸味,清爽,鮮味,辛口,華麗,甘甜,果香,ほのか,氣泡感,輕快,カルピス,平衡,俐落,鮮爽,ワイン,餘韻,しっかり","花,さわやか,苦味,酸味,スッキリ,旨味,辛口,華やか,甘味,フルーティ,ほのか,ガス,軽快,カルピス,バランス,キレ,フレッシュ,ワイン,余韻,しっかり",1340,https://sakenowa.com/brands/1340,2026-09-28T20:22:25.421924+00:00
sn_2054,1053,川尻酒造場,天恩,,岐阜県,岐阜縣,,,,,,,,,,,,,,,,,,2054,https://sakenowa.com/brands/2054,2026-09-28T20:22:25.422087+00:00
sn_2543,1053,川尻酒造場,飛騨路,,岐阜県,岐阜縣,,,,,,,,,,,,,,,,,,2543,https://sakenowa.com/brands/2543,2026-09-28T20:22:25.422095+00:00
sn_2057,1054,黄桜,黄桜,,京都府,京都府,,,,,,,,,,0.3448557599116544,0.5269946720557831,0.2932472501143967,0.48044755565284186,0.33603875741882133,0.41665965794703647,"辛口,鮮味,昔ながら,櫻花,清爽,甘甜,熱燗,ワイン,華麗,起司,控えめ,優格,ふくよか,餘韻,酸味,あっさり,果香,冷酒,さっぱり,苦味","辛口,旨味,昔ながら,桜,スッキリ,甘味,熱燗,ワイン,華やか,チーズ,控えめ,ヨーグルト,ふくよか,余韻,酸味,あっさり,フルーティ,冷酒,さっぱり,苦味",2057,https://sakenowa.com/brands/2057,2026-09-28T20:22:25.422263+00:00
sn_2567,1054,黄桜,STARS,,京都府,京都府,,,,,,,,,,,,,,,,"優しい,清爽,しっかり,甘甜","優しい,スッキリ,しっかり,甘味",2567,https://sakenowa.com/brands/2567,2026-09-28T20:22:25.422272+00:00
sn_2974,1054,黄桜,カフェSAKEしろいスパークリング,,京都府,京都府,,,,,,,,,,,,,,,,"さっぱり,甘甜","さっぱり,甘味",2974,https://sakenowa.com/brands/2974,2026-09-28T20:22:25.422278+00:00
sn_3474,1054,黄桜,ピアノ,,京都府,京都府,,,,,,,,,,,,,,,,,,3474,https://sakenowa.com/brands/3474,2026-09-28T20:22:25.422283+00:00
sn_4048,1054,黄桜,伏見の竜馬,,京都府,京都府,,,,,,,,,,,,,,,,"銳利,華麗,醇厚,辛口,鮮味","シャープ,華やか,コク,辛口,旨味",4048,https://sakenowa.com/brands/4048,2026-09-28T20:22:25.422289+00:00
sn_112988,1054,黄桜,Tozai,,京都府,京都府,,,,,,,,,,,,,,,,,,112988,https://sakenowa.com/brands/112988,2026-09-28T20:22:25.422296+00:00
sn_2069,1055,馬場酒造場,能古見,,佐賀県,佐賀縣,,,,,,,,,,0.408716644849788,0.5977947839711164,0.2748247902792421,0.369239439971351,0.2872995844312221,0.4256578671690675,"果香,鮮味,甘甜,酸味,華麗,氣泡感,冷酒,多汁,苦味,清爽,蘋果,しっかり,辛口,鮮爽,平衡,穩重,餘韻,カルピス,高雅,濃厚","フルーティ,旨味,甘味,酸味,華やか,ガス,冷酒,ジューシー,苦味,スッキリ,リンゴ,しっかり,辛口,フレッシュ,バランス,穏やか,余韻,カルピス,上品,濃厚",2069,https://sakenowa.com/brands/2069,2026-09-28T20:22:25.422469+00:00
sn_2071,1056,山名酒造,奥丹波,,兵庫県,兵庫縣,,,,,,,,,,0.3219390031357538,0.4959902455156836,0.37335267180108106,0.4405930273694146,0.36168824813547473,0.43129587578179895,"辛口,鮮味,甘甜,氣泡感,鮮爽,酸味,苦味,控えめ,しっかり,果香,清爽,醇厚,派手,圓潤,常溫,濃厚,平衡,俐落,純淨,蘋果","辛口,旨味,甘味,ガス,フレッシュ,酸味,苦味,控えめ,しっかり,フルーティ,スッキリ,コク,派手,まろやか,常温,濃厚,バランス,キレ,綺麗,リンゴ",2071,https://sakenowa.com/brands/2071,2026-09-28T20:22:25.422636+00:00
sn_3820,1056,山名酒造,山名,,兵庫県,兵庫縣,,,,,,,,,,,,,,,,優格,ヨーグルト,3820,https://sakenowa.com/brands/3820,2026-09-28T20:22:25.422642+00:00
sn_124179,1056,山名酒造,千歳,,兵庫県,兵庫縣,,,,,,,,,,,,,,,,"優格,レーズン","ヨーグルト,レーズン",124179,https://sakenowa.com/brands/124179,2026-09-28T20:22:25.422647+00:00
sn_2077,1057,板倉酒造,天穏,,島根県,島根縣,,,,,,,,,,0.20165212713476172,0.5615431978947951,0.37003872298325735,0.6008318741919317,0.21954209446268397,0.3128567207636458,"酸味,鮮味,常溫,穩重,優格,柔らかい,しっかり,熱燗,甘甜,辛口,冷酒,苦味,清爽,優しい,平衡,燗酒,餘韻,俐落,圓潤,純淨","酸味,旨味,常温,穏やか,ヨーグルト,柔らかい,しっかり,熱燗,甘味,辛口,冷酒,苦味,スッキリ,優しい,バランス,燗酒,余韻,キレ,まろやか,綺麗",2077,https://sakenowa.com/brands/2077,2026-09-28T20:22:25.422821+00:00
sn_58195,1057,板倉酒造,無窮天穏,,島根県,島根縣,,,,,,,,,,0.14185329368071412,0.5768240577107155,0.38176685827168383,0.6673668668442629,0.10351218715972485,0.21286711251700693,"優格,常溫,鮮味,穩重,酸味,餘韻,冷酒,香蕉,純淨,柔らかい,甘甜,しっかり,控えめ,優しい,複雜,渋み,燗酒,熱燗,苦味,どっしり","ヨーグルト,常温,旨味,穏やか,酸味,余韻,冷酒,バナナ,綺麗,柔らかい,甘味,しっかり,控えめ,優しい,複雑,渋み,燗酒,熱燗,苦味,どっしり",58195,https://sakenowa.com/brands/58195,2026-09-28T20:22:25.422832+00:00
sn_2082,1058,小野酒造店,夜明け前,,長野県,長野縣,,,,,,,,,,0.41793069058395377,0.5411644349649654,0.22209320889693876,0.35479582885000543,0.374871122619327,0.46555467994178,"果香,辛口,鮮味,甘甜,華麗,苦味,清爽,蘋果,酸味,純淨,鳳梨,輕快,俐落,鮮爽,氣泡感,餘韻,ピリリ,清新,哈密瓜,優しい","フルーティ,辛口,旨味,甘味,華やか,苦味,スッキリ,リンゴ,酸味,綺麗,パイナップル,軽快,キレ,フレッシュ,ガス,余韻,ピリリ,さわやか,メロン,優しい",2082,https://sakenowa.com/brands/2082,2026-09-28T20:22:25.423025+00:00
sn_2085,1059,佐々木酒造店,閖,,宮城県,宮城縣,,,,,,,,,,,,,,,,,,2085,https://sakenowa.com/brands/2085,2026-09-28T20:22:25.423190+00:00
sn_2086,1060,太田酒造 千代田蔵,千代田蔵,,兵庫県,兵庫縣,,,,,,,,,,0.28728820996280885,0.646932930708896,0.41507939372932706,0.3791298085217885,0.2718346525253576,0.3301800636905691,"酸味,果香,鮮味,しっかり,辛口,苦味,甘甜,華麗,堅果,清新,清爽,平衡,氣泡感,冷酒,醇厚,ワイン,穀物,穩重,熱燗","酸味,フルーティ,旨味,しっかり,辛口,苦味,甘味,華やか,ナッツ,さわやか,スッキリ,バランス,ガス,冷酒,コク,ワイン,穀物,穏やか,熱燗",2086,https://sakenowa.com/brands/2086,2026-09-28T20:22:25.423356+00:00
sn_2103,1060,太田酒造 千代田蔵,道灌,,兵庫県,兵庫縣,,,,,,,,,,0.2223433319622155,0.5270825715063107,0.4646644169305806,0.40517710893299813,0.4421051994857764,0.31178339944445005,"辛口,甘甜","辛口,甘味",2103,https://sakenowa.com/brands/2103,2026-09-28T20:22:25.423362+00:00
sn_2090,1061,原田酒造,生道井,,愛知県,愛知縣,,,,,,,,,,,,,,,,,,2090,https://sakenowa.com/brands/2090,2026-09-28T20:22:25.423525+00:00
sn_4036,1061,原田酒造,衣が浦若水,,愛知県,愛知縣,,,,,,,,,,,,,,,,,,4036,https://sakenowa.com/brands/4036,2026-09-28T20:22:25.423530+00:00
sn_2095,1062,鳳鳴酒造,鳳鳴,,兵庫県,兵庫縣,,,,,,,,,,0.21051617258174968,0.4625667527676539,0.4920510131352958,0.3633227483574663,0.4120206016669219,0.444787977710789,"辛口,どっしり,甘甜,しっかり,鮮味,苦味,堅果,氣泡感,酸味,清爽","辛口,どっしり,甘味,しっかり,旨味,苦味,ナッツ,ガス,酸味,スッキリ",2095,https://sakenowa.com/brands/2095,2026-09-28T20:22:25.423695+00:00
sn_2104,1063,安福又四郎商店,大黒正宗,,兵庫県,兵庫縣,,,,,,,,,,0.2925570963086854,0.6138385226782161,0.3415045774914701,0.4812991854451528,0.2750952436222516,0.3371363790134115,"鮮味,苦味,果香,酸味,常溫,辛口,ふくよか,甘甜,香蕉,清爽,蘋果,控えめ,圓潤","旨味,苦味,フルーティ,酸味,常温,辛口,ふくよか,甘味,バナナ,スッキリ,リンゴ,控えめ,まろやか",2104,https://sakenowa.com/brands/2104,2026-09-28T20:22:25.423888+00:00
sn_2105,1064,武重本家酒造,白珠,,長野県,長野縣,,,,,,,,,,,,,,,,清爽,スッキリ,2105,https://sakenowa.com/brands/2105,2026-09-28T20:22:25.424057+00:00
sn_2622,1064,武重本家酒造,御園竹,,長野県,長野縣,,,,,,,,,,0.22691895697895334,0.6494846086094127,0.5453925193751795,0.37016024966166516,0.15003784365954892,0.2639972821698414,"甘甜,栗,鮮味,香ばしい,酸味","甘味,栗,旨味,香ばしい,酸味",2622,https://sakenowa.com/brands/2622,2026-09-28T20:22:25.424064+00:00
sn_2661,1064,武重本家酒造,十二六,,長野県,長野縣,,,,,,,,,,0.3730929951604642,0.3789701762929446,0.24643062625905507,0.22019737801343012,0.10051303423248767,0.7732175719353819,"氣泡感,甘酸っぱい,優格,酸味,カルピス,ジュース,甘甜,プチプチ,ゴクゴク,ピチピチ","ガス,甘酸っぱい,ヨーグルト,酸味,カルピス,ジュース,甘味,プチプチ,ゴクゴク,ピチピチ",2661,https://sakenowa.com/brands/2661,2026-09-28T20:22:25.424077+00:00
sn_2107,1065,黄金井酒造,盛升,,神奈川県,神奈川縣,,,,,,,,,,0.2657653772690241,0.5324266575309422,0.4158107349645777,0.43326265642683437,0.39600868840741243,0.3584029025210366,"鮮味,辛口,甘甜,酸味,果香,清爽,しっかり,鮮爽,平衡,圓潤,蘋果,昔ながら,氣泡感,じっくり,濃厚,俐落,起司,苦味,優しい,醇厚","旨味,辛口,甘味,酸味,フルーティ,スッキリ,しっかり,フレッシュ,バランス,まろやか,リンゴ,昔ながら,ガス,じっくり,濃厚,キレ,チーズ,苦味,優しい,コク",2107,https://sakenowa.com/brands/2107,2026-09-28T20:22:25.424251+00:00
sn_2112,1066,宝酒造 白壁蔵,松竹梅 白壁蔵,,兵庫県,兵庫縣,,,,,,,,,,0.45449233984844556,0.47623297655145597,0.1884687827036839,0.3233989791537091,0.1734899461672555,0.6296290351242061,"氣泡感,いちご,ジュース","ガス,いちご,ジュース",2112,https://sakenowa.com/brands/2112,2026-09-28T20:22:25.424417+00:00
sn_2155,1066,宝酒造 白壁蔵,澪,,兵庫県,兵庫縣,,,,,,,,,,0.5091557056216791,0.5503635502843904,0.06720395701368032,0.17570297181121677,0.1313216151416572,0.6206667038002344,"いちご,ジュース,氣泡感,甘甜,香蕉,酸味,蘋果,ゴクゴク,シャンパン,果香,ワイン,甘酸っぱい,砂糖,輕快,清新,華麗,優格,麝香葡萄,梨子,穩定","いちご,ジュース,ガス,甘味,バナナ,酸味,リンゴ,ゴクゴク,シャンパン,フルーティ,ワイン,甘酸っぱい,砂糖,軽快,さわやか,華やか,ヨーグルト,マスカット,梨,安定",2155,https://sakenowa.com/brands/2155,2026-09-28T20:22:25.424427+00:00
sn_3725,1067,鳴滝酒造,大唐津,,佐賀県,佐賀縣,,,,,,,,,,,,,,,,"キリリ,甘甜,控えめ,餘韻,酸味,辛口,清爽,果香,しっかり","キリリ,甘味,控えめ,余韻,酸味,辛口,スッキリ,フルーティ,しっかり",3725,https://sakenowa.com/brands/3725,2026-09-28T20:22:25.424593+00:00
sn_2114,1068,梅田酒造場,本州一,,広島県,廣島縣,,,,,,,,,,0.44305114386684946,0.5035393397020669,0.2262303104855797,0.2804841856018955,0.39906560594119717,0.5109294742822218,"辛口,果香,酸味,鮮爽,華麗,鮮味,苦味,甘甜,氣泡感,平衡,さっぱり,蘋果,清爽,清新,香蕉,鳳梨,しっかり,俐落,銳利,餘韻","辛口,フルーティ,酸味,フレッシュ,華やか,旨味,苦味,甘味,ガス,バランス,さっぱり,リンゴ,スッキリ,さわやか,バナナ,パイナップル,しっかり,キレ,シャープ,余韻",2114,https://sakenowa.com/brands/2114,2026-09-28T20:22:25.424769+00:00
sn_2121,1069,加茂福酒造,如雨露,,島根県,島根縣,,,,,,,,,,,,,,,,"さっぱり,苦味,果香","さっぱり,苦味,フルーティ",2121,https://sakenowa.com/brands/2121,2026-09-28T20:22:25.424963+00:00
sn_2943,1069,加茂福酒造,悪乃代官,,島根県,島根縣,,,,,,,,,,,,,,,,"多汁,あっさり,清爽,鮮爽,ほのか,果香,甘甜,酸味,鮮味,辛口","ジューシー,あっさり,スッキリ,フレッシュ,ほのか,フルーティ,甘味,酸味,旨味,辛口",2943,https://sakenowa.com/brands/2943,2026-09-28T20:22:25.424975+00:00
sn_3047,1069,加茂福酒造,加茂福,,島根県,島根縣,,,,,,,,,,,,,,,,,,3047,https://sakenowa.com/brands/3047,2026-09-28T20:22:25.424980+00:00
sn_3411,1069,加茂福酒造,裏死神,,島根県,島根縣,,,,,,,,,,0.2537725023476261,0.6341268222943756,0.44608814588359447,0.4027978070409689,0.24932438186503503,0.33178206047314146,,,3411,https://sakenowa.com/brands/3411,2026-09-28T20:22:25.424985+00:00
sn_79465,1069,加茂福酒造,死神,,島根県,島根縣,,,,,,,,,,0.10326932921425407,0.5731563136513175,0.7406188883458809,0.2567481989596779,0.15548128590442054,0.14905327924957484,"紹興酒,濃厚,酸味,カラメル,煙燻,鮮味,醇厚,甘甜,香ばしい,熱燗,苦味,常溫,しっかり,どっしり,冷酒,辛口,俐落","紹興酒,濃厚,酸味,カラメル,スモーキー,旨味,コク,甘味,香ばしい,熱燗,苦味,常温,しっかり,どっしり,冷酒,辛口,キレ",79465,https://sakenowa.com/brands/79465,2026-09-28T20:22:25.424994+00:00
sn_2134,1070,長澤酒造,高麗王,,埼玉県,埼玉縣,,,,,,,,,,,,,,,,,,2134,https://sakenowa.com/brands/2134,2026-09-28T20:22:25.425157+00:00
sn_1022,1071,熊澤酒造,天青,,神奈川県,神奈川縣,,,,,,,,,,0.36666239984087196,0.5119369891322374,0.2745143255428305,0.32148245839809436,0.3542398293165982,0.547068790044709,"鮮爽,鮮味,清新,清爽,酸味,氣泡感,苦味,辛口,果香,さっぱり,俐落,甘甜,しっかり,ピチピチ,平衡,圓潤,哈密瓜,醇厚,餘韻,蘋果","フレッシュ,旨味,さわやか,スッキリ,酸味,ガス,苦味,辛口,フルーティ,さっぱり,キレ,甘味,しっかり,ピチピチ,バランス,まろやか,メロン,コク,余韻,リンゴ",1022,https://sakenowa.com/brands/1022,2026-09-28T20:22:25.425326+00:00
sn_1724,1071,熊澤酒造,塔の沢,,神奈川県,神奈川縣,,,,,,,,,,,,,,,,"辛口,清爽,甘甜","辛口,スッキリ,甘味",1724,https://sakenowa.com/brands/1724,2026-09-28T20:22:25.425335+00:00
sn_1935,1071,熊澤酒造,天晴,,神奈川県,神奈川縣,,,,,,,,,,,,,,,,,,1935,https://sakenowa.com/brands/1935,2026-09-28T20:22:25.425340+00:00
sn_1973,1071,熊澤酒造,曙光,,神奈川県,神奈川縣,,,,,,,,,,,,,,,,,,1973,https://sakenowa.com/brands/1973,2026-09-28T20:22:25.425344+00:00
sn_1977,1071,熊澤酒造,雨過天青,,神奈川県,神奈川縣,,,,,,,,,,,,,,,,,,1977,https://sakenowa.com/brands/1977,2026-09-28T20:22:25.425348+00:00
sn_2084,1071,熊澤酒造,さざなみ,,神奈川県,神奈川縣,,,,,,,,,,,,,,,,"氣泡感,果香,圓潤,酸味,鮮味,清爽,甘甜","ガス,フルーティ,まろやか,酸味,旨味,スッキリ,甘味",2084,https://sakenowa.com/brands/2084,2026-09-28T20:22:25.425356+00:00
sn_2137,1071,熊澤酒造,みねもと,,神奈川県,神奈川縣,,,,,,,,,,,,,,,,"ピリリ,俐落,辛口,清爽","ピリリ,キレ,辛口,スッキリ",2137,https://sakenowa.com/brands/2137,2026-09-28T20:22:25.425362+00:00
sn_2403,1071,熊澤酒造,どぶろく,,神奈川県,神奈川縣,,,,,,,,,,,,,,,,,,2403,https://sakenowa.com/brands/2403,2026-09-28T20:22:25.425367+00:00
sn_3224,1071,熊澤酒造,吟醸酒湘南,,神奈川県,神奈川縣,,,,,,,,,,,,,,,,,,3224,https://sakenowa.com/brands/3224,2026-09-28T20:22:25.425371+00:00
sn_3417,1071,熊澤酒造,湘南,,神奈川県,神奈川縣,,,,,,,,,,,,,,,,辛口,辛口,3417,https://sakenowa.com/brands/3417,2026-09-28T20:22:25.425376+00:00
sn_3422,1071,熊澤酒造,鎌倉栞,,神奈川県,神奈川縣,,,,,,,,,,,,,,,,,,3422,https://sakenowa.com/brands/3422,2026-09-28T20:22:25.425384+00:00
sn_5015,1071,熊澤酒造,かっぱの純米吟醸,,神奈川県,神奈川縣,,,,,,,,,,,,,,,,,,5015,https://sakenowa.com/brands/5015,2026-09-28T20:22:25.425388+00:00
sn_53486,1072,堀江酒場,金雀,,山口県,山口縣,,,,,,,,,,0.5361073426272189,0.6060271865623246,0.22328782897695043,0.2515224112598014,0.1775728691817006,0.447958552238853,"鳳梨,氣泡感,果香,酸味,鮮味,甘甜,苦味,華麗,多汁,蘋果,鮮爽,平衡,純淨,餘韻,蜜,清新,哈密瓜,高雅,俐落,濃厚","パイナップル,ガス,フルーティ,酸味,旨味,甘味,苦味,華やか,ジューシー,リンゴ,フレッシュ,バランス,綺麗,余韻,蜜,さわやか,メロン,上品,キレ,濃厚",53486,https://sakenowa.com/brands/53486,2026-09-28T20:22:25.425578+00:00
sn_2532,1074,九重雑賀K,雑賀,,和歌山県,和歌山縣,,,,,,,,,,0.3222426606572595,0.390941965291234,0.21885871444705624,0.2928229248324256,0.5676067185636908,0.5361923705828745,"辛口,清爽,酸味,俐落,さっぱり,鮮味,果香,甘甜,しっかり,氣泡感,哈密瓜,清新,キリリ,平衡,控えめ,苦味,冷酒,輕快,純淨,ほのか","辛口,スッキリ,酸味,キレ,さっぱり,旨味,フルーティ,甘味,しっかり,ガス,メロン,さわやか,キリリ,バランス,控えめ,苦味,冷酒,軽快,綺麗,ほのか",2532,https://sakenowa.com/brands/2532,2026-09-28T20:22:25.425922+00:00
sn_3393,1074,九重雑賀K,COOL DOWN,,和歌山県,和歌山縣,,,,,,,,,,,,,,,,,,3393,https://sakenowa.com/brands/3393,2026-09-28T20:22:25.425928+00:00
sn_3696,1074,九重雑賀K,雑賀の郷,,和歌山県,和歌山縣,,,,,,,,,,,,,,,,,,3696,https://sakenowa.com/brands/3696,2026-09-28T20:22:25.425933+00:00
sn_2256,1075,根上酒造店,金明,,静岡県,靜岡縣,,,,,,,,,,,,,,,,,,2256,https://sakenowa.com/brands/2256,2026-09-28T20:22:25.426103+00:00
sn_2158,1076,湯川酒造店,十六代九郎右衛門,,長野県,長野縣,,,,,,,,,,0.3616154502569352,0.5974978686726131,0.3464984637281895,0.3778793116589807,0.2160765877522102,0.45020829817614366,"酸味,氣泡感,鮮味,甘甜,香蕉,苦味,多汁,果香,清新,蘋果,平衡,濃厚,輕快,しっかり,優格,純淨,餘韻,ワイン,清爽,鮮爽","酸味,ガス,旨味,甘味,バナナ,苦味,ジューシー,フルーティ,さわやか,リンゴ,バランス,濃厚,軽快,しっかり,ヨーグルト,綺麗,余韻,ワイン,スッキリ,フレッシュ",2158,https://sakenowa.com/brands/2158,2026-09-28T20:22:25.426269+00:00
sn_2160,1077,通潤酒造,蝉,,熊本県,熊本縣,,,,,,,,,,0.09170515505512675,0.5274520983998083,0.6582491187813546,0.4587014702811193,0.22298603601640846,0.14128954298585844,"紹興酒,常溫","紹興酒,常温",2160,https://sakenowa.com/brands/2160,2026-09-28T20:22:25.426433+00:00
sn_2579,1077,通潤酒造,ソワニエ,,熊本県,熊本縣,,,,,,,,,,,,,,,,,,2579,https://sakenowa.com/brands/2579,2026-09-28T20:22:25.426438+00:00
sn_2605,1077,通潤酒造,通潤,,熊本県,熊本縣,,,,,,,,,,,,,,,,,,2605,https://sakenowa.com/brands/2605,2026-09-28T20:22:25.426442+00:00
sn_2163,1078,白嶽酒造,白嶽,,長崎県,長崎縣,,,,,,,,,,0.1889086864026446,0.5859924678687768,0.548837560649657,0.4513908250320125,0.1643480422062515,0.29822761763913347,起司,チーズ,2163,https://sakenowa.com/brands/2163,2026-09-28T20:22:25.426610+00:00
sn_2164,1079,米澤・小嶋総本店,東光吟醸梅酒,,山形県,山形縣,,,,,,,,,,,,,,,,,,2164,https://sakenowa.com/brands/2164,2026-09-28T20:22:25.426772+00:00
sn_3635,1079,米澤・小嶋総本店,花の慶次,,山形県,山形縣,,,,,,,,,,,,,,,,,,3635,https://sakenowa.com/brands/3635,2026-09-28T20:22:25.426777+00:00
sn_2165,1080,玉旭酒造,玉旭,,富山県,富山縣,,,,,,,,,,0.33434168530299285,0.6315500841178519,0.456243655666845,0.32548362436405076,0.20083066701325616,0.36732725033829766,"酸味,ワイン,鮮味,甘甜,甘酸っぱい,ジュース,起司,餘韻,しっかり,鮮爽,清爽,辛口,苦味,果香,冷酒,花香,濃厚,コーヒー,優格,醇厚","酸味,ワイン,旨味,甘味,甘酸っぱい,ジュース,チーズ,余韻,しっかり,フレッシュ,スッキリ,辛口,苦味,フルーティ,冷酒,花,濃厚,コーヒー,ヨーグルト,コク",2165,https://sakenowa.com/brands/2165,2026-09-28T20:22:25.426961+00:00
sn_2170,1081,大海酒造,大海酒造,,鹿児島県,鹿兒島縣,,,,,,,,,,,,,,,,,,2170,https://sakenowa.com/brands/2170,2026-09-28T20:22:25.427124+00:00
sn_2176,1082,静岡平喜酒造,誉富士,,静岡県,靜岡縣,,,,,,,,,,,,,,,,,,2176,https://sakenowa.com/brands/2176,2026-09-28T20:22:25.427295+00:00
sn_96015,1082,静岡平喜酒造,喜平 静岡蔵謹醸,,静岡県,靜岡縣,,,,,,,,,,0.5953546621596503,0.43345465955726403,0.20418917239544698,0.3356673277346752,0.22984039780555157,0.5004772750658867,"櫻花,純淨","桜,綺麗",96015,https://sakenowa.com/brands/96015,2026-09-28T20:22:25.427305+00:00
sn_2189,1083,清瀧酒造,清瀧,,埼玉県,埼玉縣,,,,,,,,,,,,,,,,,,2189,https://sakenowa.com/brands/2189,2026-09-28T20:22:25.427466+00:00
sn_3340,1083,清瀧酒造,綾瀬鶴,,埼玉県,埼玉縣,,,,,,,,,,,,,,,,"辛口,清爽","辛口,スッキリ",3340,https://sakenowa.com/brands/3340,2026-09-28T20:22:25.427472+00:00
sn_2191,1084,金の井酒造,綿屋,,宮城県,宮城縣,,,,,,,,,,0.27685488847854156,0.5188705726249484,0.34494132578155157,0.5043472838412493,0.3294171909960568,0.41504013410232965,"鮮味,酸味,清爽,辛口,純淨,平衡,しっかり,穩重,甘甜,俐落,苦味,柔らかい,輕快,清新,餘韻,優しい,果香,ほのか,さっぱり,哈密瓜","旨味,酸味,スッキリ,辛口,綺麗,バランス,しっかり,穏やか,甘味,キレ,苦味,柔らかい,軽快,さわやか,余韻,優しい,フルーティ,ほのか,さっぱり,メロン",2191,https://sakenowa.com/brands/2191,2026-09-28T20:22:25.427640+00:00
sn_2620,1084,金の井酒造,金の井,,宮城県,宮城縣,,,,,,,,,,,,,,,,,,2620,https://sakenowa.com/brands/2620,2026-09-28T20:22:25.427648+00:00
sn_2194,1085,後藤酒造場,颯,,三重県,三重縣,,,,,,,,,,0.28263615440160983,0.586462602870901,0.3190569795854736,0.2956840949860634,0.40168929525337993,0.4749712512225003,"鮮味,辛口,清爽,果香,酸味,清新,醇厚,平衡,甘甜,しっかり,餘韻,キリリ,哈密瓜,苦味,俐落,柔らかい,柑橘,多汁","旨味,辛口,スッキリ,フルーティ,酸味,さわやか,コク,バランス,甘味,しっかり,余韻,キリリ,メロン,苦味,キレ,柔らかい,柑橘,ジューシー",2194,https://sakenowa.com/brands/2194,2026-09-28T20:22:25.427815+00:00
sn_2198,1086,吉崎酒造,吉壽,,千葉県,千葉縣,,,,,,,,,,,,,,,,,,2198,https://sakenowa.com/brands/2198,2026-09-28T20:22:25.428012+00:00
sn_2200,1087,熊野酒造,久美の浦,,京都府,京都府,,,,,,,,,,0.20628034240958107,0.4974913114663597,0.4345416035280867,0.5052023623921491,0.4073192089164295,0.31620570082652294,しっかり,しっかり,2200,https://sakenowa.com/brands/2200,2026-09-28T20:22:25.428175+00:00
sn_2201,1088,関乃井酒造,北勇,,青森県,青森縣,,,,,,,,,,,,,,,,,,2201,https://sakenowa.com/brands/2201,2026-09-28T20:22:25.428338+00:00
sn_2202,1088,関乃井酒造,おしまこ美人,,青森県,青森縣,,,,,,,,,,,,,,,,,,2202,https://sakenowa.com/brands/2202,2026-09-28T20:22:25.428343+00:00
sn_2203,1088,関乃井酒造,北限海峡,,青森県,青森縣,,,,,,,,,,,,,,,,,,2203,https://sakenowa.com/brands/2203,2026-09-28T20:22:25.428351+00:00
sn_2204,1088,関乃井酒造,海峡浪漫,,青森県,青森縣,,,,,,,,,,,,,,,,"ふんわり,清爽","ふんわり,スッキリ",2204,https://sakenowa.com/brands/2204,2026-09-28T20:22:25.428356+00:00
sn_2205,1088,関乃井酒造,祈水,,青森県,青森縣,,,,,,,,,,,,,,,,"常溫,清新,熱燗,控えめ,ほのか,鮮味,清爽,果香,甘甜","常温,さわやか,熱燗,控えめ,ほのか,旨味,スッキリ,フルーティ,甘味",2205,https://sakenowa.com/brands/2205,2026-09-28T20:22:25.428363+00:00
sn_2206,1088,関乃井酒造,寒立馬,,青森県,青森縣,,,,,,,,,,,,,,,,,,2206,https://sakenowa.com/brands/2206,2026-09-28T20:22:25.428368+00:00
sn_3252,1088,関乃井酒造,純,,青森県,青森縣,,,,,,,,,,,,,,,,"辛口,清爽","辛口,スッキリ",3252,https://sakenowa.com/brands/3252,2026-09-28T20:22:25.428373+00:00
sn_83156,1088,関乃井酒造,関乃井,,青森県,青森縣,,,,,,,,,,,,,,,,,,83156,https://sakenowa.com/brands/83156,2026-09-28T20:22:25.428382+00:00
sn_3352,1090,有薫酒造,有薫,,福岡県,福岡縣,,,,,,,,,,,,,,,,,,3352,https://sakenowa.com/brands/3352,2026-09-28T20:22:25.428550+00:00
sn_2221,1091,宮武酒造,讃美,,香川県,香川縣,,,,,,,,,,,,,,,,,,2221,https://sakenowa.com/brands/2221,2026-09-28T20:22:25.428712+00:00
sn_2222,1092,西海酒造,空の鶴,,兵庫県,兵庫縣,,,,,,,,,,,,,,,,,,2222,https://sakenowa.com/brands/2222,2026-09-28T20:22:25.428902+00:00
sn_2259,1092,西海酒造,葛根の花,,兵庫県,兵庫縣,,,,,,,,,,,,,,,,酸味,酸味,2259,https://sakenowa.com/brands/2259,2026-09-28T20:22:25.428908+00:00
sn_1062,1093,奥藤商事,忠臣蔵,,兵庫県,兵庫縣,,,,,,,,,,0.20965959577655896,0.6396481873003358,0.4838264543932855,0.4552705948005031,0.2247991077489684,0.23451878192735523,"酸味,鮮味,甘甜,しっかり,焦糖,優しい,濃厚,果香","酸味,旨味,甘味,しっかり,キャラメル,優しい,濃厚,フルーティ",1062,https://sakenowa.com/brands/1062,2026-09-28T20:22:25.429075+00:00
sn_2990,1093,奥藤商事,乙女,,兵庫県,兵庫縣,,,,,,,,,,,,,,,,,,2990,https://sakenowa.com/brands/2990,2026-09-28T20:22:25.429085+00:00
sn_2234,1094,久保田酒造,無尽蔵,,広島県,廣島縣,,,,,,,,,,,,,,,,清爽,スッキリ,2234,https://sakenowa.com/brands/2234,2026-09-28T20:22:25.429247+00:00
sn_3784,1094,久保田酒造,菱正宗,,広島県,廣島縣,,,,,,,,,,,,,,,,,,3784,https://sakenowa.com/brands/3784,2026-09-28T20:22:25.429252+00:00
sn_2235,1095,島田酒造,小富士,,愛媛県,愛媛縣,,,,,,,,,,,,,,,,辛口,辛口,2235,https://sakenowa.com/brands/2235,2026-09-28T20:22:25.429414+00:00
sn_3920,1095,島田酒造,小冨士 超辛口,,愛媛県,愛媛縣,,,,,,,,,,,,,,,,"スイスイ,冷酒,常溫,鮮味,清爽,酸味,辛口","スイスイ,冷酒,常温,旨味,スッキリ,酸味,辛口",3920,https://sakenowa.com/brands/3920,2026-09-28T20:22:25.429424+00:00
sn_2246,1096,寒梅酒造,感謝酒,,宮城県,宮城縣,,,,,,,,,,,,,,,,,,2246,https://sakenowa.com/brands/2246,2026-09-28T20:22:25.429590+00:00
sn_3101,1096,寒梅酒造,鶯咲,,宮城県,宮城縣,,,,,,,,,,,,,,,,,,3101,https://sakenowa.com/brands/3101,2026-09-28T20:22:25.429595+00:00
sn_3311,1096,寒梅酒造,宮寒梅,,宮城県,宮城縣,,,,,,,,,,0.4555595150030485,0.5891558992316703,0.251713735848342,0.3672247854868171,0.20631030367536435,0.4523085953168703,"果香,鮮味,氣泡感,甘甜,酸味,華麗,苦味,平衡,純淨,高雅,清爽,多汁,鳳梨,優しい,鮮爽,しっかり,清新,梨子,俐落,芳醇","フルーティ,旨味,ガス,甘味,酸味,華やか,苦味,バランス,綺麗,上品,スッキリ,ジューシー,パイナップル,優しい,フレッシュ,しっかり,さわやか,梨,キレ,芳醇",3311,https://sakenowa.com/brands/3311,2026-09-28T20:22:25.429605+00:00
sn_3533,1096,寒梅酒造,三米八旨,,宮城県,宮城縣,,,,,,,,,,,,,,,,,,3533,https://sakenowa.com/brands/3533,2026-09-28T20:22:25.429610+00:00
sn_3893,1096,寒梅酒造,Mr.Summer Time,,宮城県,宮城縣,,,,,,,,,,0.3587745268671724,0.582200980309851,0.26272678880613126,0.35339310444857136,0.3153024970450204,0.48887129280259395,"甘甜,酸味","甘味,酸味",3893,https://sakenowa.com/brands/3893,2026-09-28T20:22:25.429619+00:00
sn_2255,1098,朝日川酒造,山吹極,,山形県,山形縣,,,,,,,,,,0.054799561549302656,0.640889829593851,0.5979479302730603,0.433477814995643,0.16188988883956082,0.12084765143539186,紹興酒,紹興酒,2255,https://sakenowa.com/brands/2255,2026-09-28T20:22:25.430013+00:00
sn_2257,1099,千代の園酒造,千代の園,,熊本県,熊本縣,,,,,,,,,,0.3742313131518672,0.5686437890930104,0.4071323696657984,0.37226483458117904,0.2594200895877315,0.40615084513690897,"酸味,ワイン,氣泡感,甘甜","酸味,ワイン,ガス,甘味",2257,https://sakenowa.com/brands/2257,2026-09-28T20:22:25.430184+00:00
sn_3082,1099,千代の園酒造,蘇望,,熊本県,熊本縣,,,,,,,,,,,,,,,,"清爽,キリリ,しっかり,控えめ,鮮味,辛口,酸味","スッキリ,キリリ,しっかり,控えめ,旨味,辛口,酸味",3082,https://sakenowa.com/brands/3082,2026-09-28T20:22:25.430191+00:00
sn_4390,1099,千代の園酒造,泰斗,,熊本県,熊本縣,,,,,,,,,,0.3367278461078203,0.46145010595181163,0.29035482109011884,0.33738971881257335,0.4424706031558157,0.528923603391715,"鮮味,しっかり,辛口,苦味,酸味,清涼,清爽,清新,俐落,甘甜,果香,鮮爽","旨味,しっかり,辛口,苦味,酸味,清涼,スッキリ,さわやか,キレ,甘味,フルーティ,フレッシュ",4390,https://sakenowa.com/brands/4390,2026-09-28T20:22:25.430200+00:00
sn_2262,1100,小林酒造本店,竹滴,,福岡県,福岡縣,,,,,,,,,,,,,,,,辛口,辛口,2262,https://sakenowa.com/brands/2262,2026-09-28T20:22:25.430363+00:00
sn_2758,1100,小林酒造本店,萬代,,福岡県,福岡縣,,,,,,,,,,0.24818298586807888,0.6077729403253911,0.33440889330516854,0.37626333016142594,0.41754474220942467,0.3758593423627313,"辛口,常溫,鮮爽","辛口,常温,フレッシュ",2758,https://sakenowa.com/brands/2758,2026-09-28T20:22:25.430373+00:00
sn_3112,1100,小林酒造本店,博多の森,,福岡県,福岡縣,,,,,,,,,,,,,,,,辛口,辛口,3112,https://sakenowa.com/brands/3112,2026-09-28T20:22:25.430378+00:00
sn_2264,1101,桜顔酒造,桜顔 楽歳,,岩手県,岩手縣,,,,,,,,,,,,,,,,"巧克力,果香,辛口","チョコレート,フルーティ,辛口",2264,https://sakenowa.com/brands/2264,2026-09-28T20:22:25.430541+00:00
sn_2848,1101,桜顔酒造,慈空,,岩手県,岩手縣,,,,,,,,,,,,,,,,,,2848,https://sakenowa.com/brands/2848,2026-09-28T20:22:25.430546+00:00
sn_3294,1101,桜顔酒造,もりおか すぱぁくりんぐ,,岩手県,岩手縣,,,,,,,,,,,,,,,,"起司,氣泡感,酸味,果香,甘甜,しっかり","チーズ,ガス,酸味,フルーティ,甘味,しっかり",3294,https://sakenowa.com/brands/3294,2026-09-28T20:22:25.430553+00:00
sn_7142,1101,桜顔酒造,桜顔,,岩手県,岩手縣,,,,,,,,,,0.3451935996082247,0.5554651515145694,0.31153567161209905,0.43077581757125705,0.31140402799568695,0.43898188561657997,"櫻花,熱燗,辛口,鮮味,冷酒,清爽,常溫,清新,純淨,穩重,果香,グイグイ","桜,熱燗,辛口,旨味,冷酒,スッキリ,常温,さわやか,綺麗,穏やか,フルーティ,グイグイ",7142,https://sakenowa.com/brands/7142,2026-09-28T20:22:25.430564+00:00
sn_2265,1102,日本海酒造,環日本海,,島根県,島根縣,,,,,,,,,,0.2554892233315451,0.5450572381956945,0.3600588357020962,0.42346172396665144,0.4029471956659245,0.4078102800628442,"辛口,鮮味,清爽,鮮爽,甘甜,酸味","辛口,旨味,スッキリ,フレッシュ,甘味,酸味",2265,https://sakenowa.com/brands/2265,2026-09-28T20:22:25.430728+00:00
sn_120276,1103,比婆美人酒造,比婆美人,,広島県,廣島縣,,,,,,,,,,,,,,,,,,120276,https://sakenowa.com/brands/120276,2026-09-28T20:22:25.430910+00:00
sn_2275,1104,キング醸造,さくら浪漫,,兵庫県,兵庫縣,,,,,,,,,,,,,,,,"豐潤,熱燗,櫻花,辛口,酸味","豊か,熱燗,桜,辛口,酸味",2275,https://sakenowa.com/brands/2275,2026-09-28T20:22:25.431075+00:00
sn_2377,1104,キング醸造,播州錦,,兵庫県,兵庫縣,,,,,,,,,,,,,,,,,,2377,https://sakenowa.com/brands/2377,2026-09-28T20:22:25.431080+00:00
sn_2281,1105,岡部,松盛,,茨城県,茨城縣,,,,,,,,,,0.33189270296030177,0.5949940796723225,0.39279187361434154,0.40124669484346065,0.24080940909017054,0.4031820200231749,"起司,甘甜,酸味,鮮味,醇厚,鮮爽,穩重,苦味,餘韻,多汁,氣泡感,控えめ,平衡,濃厚,清爽,しっかり,清新,哈密瓜,辛口,力道強勁","チーズ,甘味,酸味,旨味,コク,フレッシュ,穏やか,苦味,余韻,ジューシー,ガス,控えめ,バランス,濃厚,スッキリ,しっかり,さわやか,メロン,辛口,力強い",2281,https://sakenowa.com/brands/2281,2026-09-28T20:22:25.431251+00:00
sn_2282,1106,酒持田本店,ヤマサン正宗,,島根県,島根縣,,,,,,,,,,0.17690069971699743,0.577157112417321,0.5066122629780796,0.4642960913454345,0.2952333372523035,0.2760547792779271,"鮮味,酸味,辛口,しっかり,甘甜,常溫,冷酒,清爽,苦味,圓潤,熱燗,果香,キリリ,醇厚,穩重,柔らかい,穀物,複雜,厚み,濃厚","旨味,酸味,辛口,しっかり,甘味,常温,冷酒,スッキリ,苦味,まろやか,熱燗,フルーティ,キリリ,コク,穏やか,柔らかい,穀物,複雑,厚み,濃厚",2282,https://sakenowa.com/brands/2282,2026-09-28T20:22:25.431426+00:00
sn_2290,1108,江原酒造本店,伯陽長,,鳥取県,鳥取縣,,,,,,,,,,,,,,,,,,2290,https://sakenowa.com/brands/2290,2026-09-28T20:22:25.431745+00:00
sn_2294,1110,はつもみぢ,原田,,山口県,山口縣,,,,,,,,,,0.40897788282494446,0.5717403991498521,0.29712495825515267,0.3738706522686343,0.2764427165059771,0.4487392632530496,"果香,酸味,鮮味,甘甜,純淨,氣泡感,清新,苦味,しっかり,餘韻,華麗,濃厚,辛口,鮮爽,清爽,平衡,柔らかい,穩重,穩定,ほのか","フルーティ,酸味,旨味,甘味,綺麗,ガス,さわやか,苦味,しっかり,余韻,華やか,濃厚,辛口,フレッシュ,スッキリ,バランス,柔らかい,穏やか,安定,ほのか",2294,https://sakenowa.com/brands/2294,2026-09-28T20:22:25.432097+00:00
sn_1073,1111,松屋酒造,流輝,,群馬県,群馬縣,,,,,,,,,,0.47060163514794645,0.5577720272930909,0.20895595782085719,0.2762595025258477,0.24054304420013092,0.5381278708705838,"酸味,甘甜,氣泡感,甘酸っぱい,果香,柑橘,ジュース,水蜜桃,葡萄柚,いちご,苦味,鮮味,清新,鮮爽,清爽,多汁,辛口,純淨,さっぱり,優しい","酸味,甘味,ガス,甘酸っぱい,フルーティ,柑橘,ジュース,桃,グレープフルーツ,いちご,苦味,旨味,さわやか,フレッシュ,スッキリ,ジューシー,辛口,綺麗,さっぱり,優しい",1073,https://sakenowa.com/brands/1073,2026-09-28T20:22:25.432266+00:00
sn_2296,1111,松屋酒造,平井城,,群馬県,群馬縣,,,,,,,,,,,,,,,,,,2296,https://sakenowa.com/brands/2296,2026-09-28T20:22:25.432275+00:00
sn_1066,1112,泰石酒造,黎明,,沖縄県,沖繩縣,,,,,,,,,,0.12446528713418585,0.5372804783064997,0.5677006027411152,0.4363450354612211,0.3259365360783604,0.2773490401178695,"昔ながら,紹興酒,辛口,甘甜,酸味,純淨,常溫,熱燗,穀物,醇厚,鮮味,しっかり,清爽,苦味,濃厚,ツン,燗冷まし,じっくり,ほのか,穩重","昔ながら,紹興酒,辛口,甘味,酸味,綺麗,常温,熱燗,穀物,コク,旨味,しっかり,スッキリ,苦味,濃厚,ツン,燗冷まし,じっくり,ほのか,穏やか",1066,https://sakenowa.com/brands/1066,2026-09-28T20:22:25.432442+00:00
sn_2309,1113,日本清酒,十一州,,北海道,北海道,,,,,,,,,,0.32818288132270634,0.6486102630533747,0.28965478761512214,0.45914300394524665,0.22207551041567053,0.3571708228312494,"鮮味,甘甜","旨味,甘味",2309,https://sakenowa.com/brands/2309,2026-09-28T20:22:25.432607+00:00
sn_2643,1113,日本清酒,なまら超辛,,北海道,北海道,,,,,,,,,,,,,,,,,,2643,https://sakenowa.com/brands/2643,2026-09-28T20:22:25.432612+00:00
sn_3679,1113,日本清酒,千歳鶴,,北海道,北海道,,,,,,,,,,0.3041635170536796,0.5135964892072385,0.3181762795054094,0.44535548828448795,0.3740883383222508,0.45186664018691747,"辛口,鮮味,清爽,清新,甘甜,鮮爽,酸味,平衡,蘋果,しっかり,輕快,果香,圓潤,優しい,柔らかい,餘韻,苦味,穩重,濃厚,ふくよか","辛口,旨味,スッキリ,さわやか,甘味,フレッシュ,酸味,バランス,リンゴ,しっかり,軽快,フルーティ,まろやか,優しい,柔らかい,余韻,苦味,穏やか,濃厚,ふくよか",3679,https://sakenowa.com/brands/3679,2026-09-28T20:22:25.432622+00:00
sn_3796,1113,日本清酒,北の大志,,北海道,北海道,,,,,,,,,,,,,,,,,,3796,https://sakenowa.com/brands/3796,2026-09-28T20:22:25.432629+00:00
sn_2317,1114,釜屋,ARROZ,,埼玉県,埼玉縣,,,,,,,,,,0.6711630462732758,0.6066373311472867,0.40920038413299614,0.09271396375486254,0.029330669246563124,0.06804551541059016,"ワイン,酸味","ワイン,酸味",2317,https://sakenowa.com/brands/2317,2026-09-28T20:22:25.432796+00:00
sn_3285,1114,釜屋,雫滴,,埼玉県,埼玉縣,,,,,,,,,,,,,,,,,,3285,https://sakenowa.com/brands/3285,2026-09-28T20:22:25.432801+00:00
sn_2323,1115,難波酒造,和心,,岡山県,岡山縣,,,,,,,,,,0.2552224737585624,0.6065322294865694,0.3920448129889141,0.33144364957343087,0.4148673054960587,0.362368919857903,"鮮味,辛口","旨味,辛口",2323,https://sakenowa.com/brands/2323,2026-09-28T20:22:25.432992+00:00
sn_2545,1115,難波酒造,作州武蔵,,岡山県,岡山縣,,,,,,,,,,,,,,,,"辛口,氣泡感","辛口,ガス",2545,https://sakenowa.com/brands/2545,2026-09-28T20:22:25.433001+00:00
sn_2330,1116,麗人酒造,麗人,,長野県,長野縣,,,,,,,,,,0.3000235736774759,0.5266923945207722,0.36414654572122707,0.5570731508479627,0.23206408283171423,0.36850242345860923,"鮮味,甘甜,しっかり,櫻花,果香,純淨,濃厚,圓潤,とろみ,厚重,辛口,清爽,華麗,清新,輕快,鮮爽,どっしり,優しい,酸味,芳醇","旨味,甘味,しっかり,桜,フルーティ,綺麗,濃厚,まろやか,とろみ,重い,辛口,スッキリ,華やか,さわやか,軽快,フレッシュ,どっしり,優しい,酸味,芳醇",2330,https://sakenowa.com/brands/2330,2026-09-28T20:22:25.433171+00:00
sn_3261,1116,麗人酒造,しぼったまんま,,長野県,長野縣,,,,,,,,,,,,,,,,,,3261,https://sakenowa.com/brands/3261,2026-09-28T20:22:25.433178+00:00
sn_2331,1117,高天酒造,高天,,長野県,長野縣,,,,,,,,,,0.3096662152671298,0.47353844606664386,0.30415669597734557,0.43885576792050335,0.4841086115686599,0.4005013691350307,"辛口,蘋果,鮮味,苦味,清爽,甘酸っぱい,甘甜,純淨,酸味,味噌,果香,清新,俐落,しっかり,冷酒,ふんわり,鮮爽","辛口,リンゴ,旨味,苦味,スッキリ,甘酸っぱい,甘味,綺麗,酸味,味噌,フルーティ,さわやか,キレ,しっかり,冷酒,ふんわり,フレッシュ",2331,https://sakenowa.com/brands/2331,2026-09-28T20:22:25.433345+00:00
sn_2336,1118,桝一市村酒造場,スクエアワン,,長野県,長野縣,,,,,,,,,,,,,,,,,,2336,https://sakenowa.com/brands/2336,2026-09-28T20:22:25.433510+00:00
sn_2337,1118,桝一市村酒造場,鴻山,,長野県,長野縣,,,,,,,,,,,,,,,,,,2337,https://sakenowa.com/brands/2337,2026-09-28T20:22:25.433515+00:00
sn_2338,1118,桝一市村酒造場,白金,,長野県,長野縣,,,,,,,,,,,,,,,,"香蕉,醇厚,餘韻,辛口,酸味","バナナ,コク,余韻,辛口,酸味",2338,https://sakenowa.com/brands/2338,2026-09-28T20:22:25.433521+00:00
sn_1390,1119,わしの尾,鷲の尾,,岩手県,岩手縣,,,,,,,,,,0.32098883447529036,0.5414105594543013,0.3751538006373827,0.45964581900291673,0.3308182003348382,0.3773399521933222,"鮮味,濃厚,甘甜,酸味,しっかり,華麗,辛口,純淨,鮮爽,清爽,昔ながら,俐落,苦味,蘋果,優格,果香,穩重,清新,熱燗,冷酒","旨味,濃厚,甘味,酸味,しっかり,華やか,辛口,綺麗,フレッシュ,スッキリ,昔ながら,キレ,苦味,リンゴ,ヨーグルト,フルーティ,穏やか,さわやか,熱燗,冷酒",1390,https://sakenowa.com/brands/1390,2026-09-28T20:22:25.433698+00:00
sn_2506,1119,わしの尾,北窓三友,,岩手県,岩手縣,,,,,,,,,,,,,,,,,,2506,https://sakenowa.com/brands/2506,2026-09-28T20:22:25.433703+00:00
sn_2704,1119,わしの尾,北総三友,,岩手県,岩手縣,,,,,,,,,,,,,,,,鮮味,旨味,2704,https://sakenowa.com/brands/2704,2026-09-28T20:22:25.433708+00:00
sn_2689,1120,木内醸造,SAKU13,,長野県,長野縣,,,,,,,,,,,,,,,,,,2689,https://sakenowa.com/brands/2689,2026-09-28T20:22:25.433884+00:00
sn_3577,1120,木内醸造,初鶯,,長野県,長野縣,,,,,,,,,,,,,,,,,,3577,https://sakenowa.com/brands/3577,2026-09-28T20:22:25.433892+00:00
sn_1179,1121,南陽醸造,花陽浴,,埼玉県,埼玉縣,,,,,,,,,,0.6596763756453826,0.5812506919061231,0.13397665449953064,0.16313137190621935,0.1178708764151241,0.4105113647833197,"鳳梨,華麗,苦味,果香,甘甜,多汁,トロピカル,酸味,花香,ジュース,鮮味,餘韻,鮮爽,氣泡感,濃厚,平衡,控えめ,純淨,しっかり,高雅","パイナップル,華やか,苦味,フルーティ,甘味,ジューシー,トロピカル,酸味,花,ジュース,旨味,余韻,フレッシュ,ガス,濃厚,バランス,控えめ,綺麗,しっかり,上品",1179,https://sakenowa.com/brands/1179,2026-09-28T20:22:25.434061+00:00
sn_3139,1121,南陽醸造,藍の郷,,埼玉県,埼玉縣,,,,,,,,,,0.47591502324925805,0.5261905899313539,0.19747480488203725,0.3041080088634932,0.4264470258314583,0.4281276775154094,"鳳梨,花香,蘋果,苦味,辛口,華麗,鮮味,餘韻,果香,酸味,清爽,甘甜,鮮爽,常溫,控えめ,俐落,平衡,冷酒,キリリ,純淨","パイナップル,花,リンゴ,苦味,辛口,華やか,旨味,余韻,フルーティ,酸味,スッキリ,甘味,フレッシュ,常温,控えめ,キレ,バランス,冷酒,キリリ,綺麗",3139,https://sakenowa.com/brands/3139,2026-09-28T20:22:25.434071+00:00
sn_1456,1122,矢尾本店,秩父錦,,埼玉県,埼玉縣,,,,,,,,,,0.3032296247138323,0.6069887066116773,0.32226241563141517,0.40646893932335454,0.3384794504720478,0.39494063248377503,"辛口,鮮味,甘甜,果香,鮮爽,濃厚,酸味,常溫,熱燗,清新,ツン,清爽,圓潤,醇厚,苦味,しっかり,餘韻,蘋果,芳醇,俐落","辛口,旨味,甘味,フルーティ,フレッシュ,濃厚,酸味,常温,熱燗,さわやか,ツン,スッキリ,まろやか,コク,苦味,しっかり,余韻,リンゴ,芳醇,キレ",1456,https://sakenowa.com/brands/1456,2026-09-28T20:22:25.434237+00:00
sn_2368,1122,矢尾本店,霞,,埼玉県,埼玉縣,,,,,,,,,,,,,,,,,,2368,https://sakenowa.com/brands/2368,2026-09-28T20:22:25.434242+00:00
sn_124977,1122,矢尾本店,矢尾,,埼玉県,埼玉縣,,,,,,,,,,,,,,,,,,124977,https://sakenowa.com/brands/124977,2026-09-28T20:22:25.434246+00:00
sn_124978,1122,矢尾本店,狼炎,,埼玉県,埼玉縣,,,,,,,,,,0.43435641456353574,0.5369570741444949,0.17144393619618692,0.43408056685307833,0.3671980303071892,0.4127447763621993,"華麗,鳳梨","華やか,パイナップル",124978,https://sakenowa.com/brands/124978,2026-09-28T20:22:25.434256+00:00
sn_2369,1123,玉村本店,縁喜,,長野県,長野縣,,,,,,,,,,0.29055383362958964,0.49210028290450597,0.4330360510731499,0.43747821730068076,0.33291005816982233,0.42857818698133704,鮮味,旨味,2369,https://sakenowa.com/brands/2369,2026-09-28T20:22:25.434418+00:00
sn_2434,1123,玉村本店,雪猿,,長野県,長野縣,,,,,,,,,,,,,,,,,,2434,https://sakenowa.com/brands/2434,2026-09-28T20:22:25.434423+00:00
sn_109880,1123,玉村本店,NEW ENGI,,長野県,長野縣,,,,,,,,,,0.3207516631421654,0.4913043612378694,0.2781678979758539,0.3366785594384387,0.4795018599155108,0.48485722610671933,"辛口,酸味","辛口,酸味",109880,https://sakenowa.com/brands/109880,2026-09-28T20:22:25.434429+00:00
sn_2379,1125,井上酒造,箱根薔薇,,神奈川県,神奈川縣,,,,,,,,,,,,,,,,,,2379,https://sakenowa.com/brands/2379,2026-09-28T20:22:25.434591+00:00
sn_2424,1125,井上酒造,箱根山,,神奈川県,神奈川縣,,,,,,,,,,0.3177057552982841,0.48312440639917287,0.25114343320485794,0.4980112549521559,0.36872199907633546,0.467557177560136,"辛口,香蕉,清爽,甘甜,果香,熱燗","辛口,バナナ,スッキリ,甘味,フルーティ,熱燗",2424,https://sakenowa.com/brands/2424,2026-09-28T20:22:25.434599+00:00
sn_2381,1126,月の井酒造店,月の井,,茨城県,茨城縣,,,,,,,,,,0.18385840293500685,0.5784146871998488,0.4634736703914445,0.3842068416360454,0.3829221236891644,0.35011490140382134,"鮮味,辛口,酸味,しっかり,燗酒,常溫,穀物,俐落,濃厚,ツン,熱燗,清爽,甘甜,力道強勁,苦味,アミノ酸,清新,冷酒,餘韻,圓潤","旨味,辛口,酸味,しっかり,燗酒,常温,穀物,キレ,濃厚,ツン,熱燗,スッキリ,甘味,力強い,苦味,アミノ酸,さわやか,冷酒,余韻,まろやか",2381,https://sakenowa.com/brands/2381,2026-09-28T20:22:25.434767+00:00
sn_3517,1126,月の井酒造店,彦市,,茨城県,茨城縣,,,,,,,,,,0.2548417293860782,0.4825107411040558,0.29161826550561065,0.47763830119945805,0.4174337548149288,0.463474463670473,"鮮爽,苦味,酸味,辛口","フレッシュ,苦味,酸味,辛口",3517,https://sakenowa.com/brands/3517,2026-09-28T20:22:25.434773+00:00
sn_3621,1126,月の井酒造店,和の月,,茨城県,茨城縣,,,,,,,,,,0.10268412980114333,0.6542202547864141,0.5592238906507051,0.42447360459494704,0.17836576473068824,0.19164623871570907,"アミノ酸,燗酒,濃厚","アミノ酸,燗酒,濃厚",3621,https://sakenowa.com/brands/3621,2026-09-28T20:22:25.434780+00:00
sn_3623,1126,月の井酒造店,淡薫泡,,茨城県,茨城縣,,,,,,,,,,,,,,,,,,3623,https://sakenowa.com/brands/3623,2026-09-28T20:22:25.434784+00:00
sn_3634,1126,月の井酒造店,鯛より,,茨城県,茨城縣,,,,,,,,,,,,,,,,,,3634,https://sakenowa.com/brands/3634,2026-09-28T20:22:25.434789+00:00
sn_3656,1126,月の井酒造店,桂利奈,,茨城県,茨城縣,,,,,,,,,,,,,,,,,,3656,https://sakenowa.com/brands/3656,2026-09-28T20:22:25.434796+00:00
sn_2383,1127,源平酒造,源平,,福井県,福井縣,,,,,,,,,,0.08822647660092166,0.6374501351566737,0.6832350203567898,0.23071907876477332,0.19724646199617654,0.16409101406630247,"巧克力,焦糖","チョコレート,キャラメル",2383,https://sakenowa.com/brands/2383,2026-09-28T20:22:25.434979+00:00
sn_4611,1128,吉の川酒造店,吉の川,,福島県,福島縣,,,,,,,,,,0.22293215829522461,0.4354120171822822,0.2842153323628266,0.6019687899938243,0.34869957396844065,0.44269792853431805,,,4611,https://sakenowa.com/brands/4611,2026-09-28T20:22:25.435142+00:00
sn_2392,1129,長谷川酒造,初日正宗,,新潟県,新潟縣,,,,,,,,,,,,,,,,"清爽,果香,甘甜","スッキリ,フルーティ,甘味",2392,https://sakenowa.com/brands/2392,2026-09-28T20:22:25.435305+00:00
sn_2393,1129,長谷川酒造,雪紅梅,,新潟県,新潟縣,,,,,,,,,,0.32368133759542767,0.4844189342389793,0.29583669919807337,0.6114270496700167,0.25031699742326263,0.3695236108608162,"鮮味,柔らかい,清爽,堅果,優しい,櫻花,ほのか,高雅,さっぱり,辛口,清新,甘甜,花香,餘韻,華麗,苦味,鮮爽","旨味,柔らかい,スッキリ,ナッツ,優しい,桜,ほのか,上品,さっぱり,辛口,さわやか,甘味,花,余韻,華やか,苦味,フレッシュ",2393,https://sakenowa.com/brands/2393,2026-09-28T20:22:25.435314+00:00
sn_2400,1130,落酒造場,大正の鶴,,岡山県,岡山縣,,,,,,,,,,0.17266371058449734,0.6094900149227227,0.43948734104344306,0.514604968557676,0.27043501281465315,0.26001283045063067,"鮮味,酸味,熱燗,常溫,辛口,柳橙,俐落,圓潤,しっかり,甘甜,焦糖,醇厚,平衡,甘酸っぱい,鮮爽,ふくよか,苦味,柔らかい,硬い,清爽","旨味,酸味,熱燗,常温,辛口,オレンジ,キレ,まろやか,しっかり,甘味,キャラメル,コク,バランス,甘酸っぱい,フレッシュ,ふくよか,苦味,柔らかい,硬い,スッキリ",2400,https://sakenowa.com/brands/2400,2026-09-28T20:22:25.435486+00:00
sn_2402,1131,酒田醗酵,どぶろく,,山形県,山形縣,,,,,,,,,,,,,,,,氣泡感,ガス,2402,https://sakenowa.com/brands/2402,2026-09-28T20:22:25.435647+00:00
sn_1131,1132,榎酒造,華鳩,,広島県,廣島縣,,,,,,,,,,0.36650565922421874,0.5529903725477653,0.40827575830750074,0.3777010739662602,0.2341633849483711,0.442374911900296,"氣泡感,酸味,甘甜,濃厚,紹興酒,清新,哈密瓜,鮮味,清爽,苦味,優しい,果香,華麗,しっかり,ワイン,餘韻,辛口,鮮爽,控えめ,とろみ","ガス,酸味,甘味,濃厚,紹興酒,さわやか,メロン,旨味,スッキリ,苦味,優しい,フルーティ,華やか,しっかり,ワイン,余韻,辛口,フレッシュ,控えめ,とろみ",1131,https://sakenowa.com/brands/1131,2026-09-28T20:22:25.435813+00:00
sn_3188,1132,榎酒造,清盛,,広島県,廣島縣,,,,,,,,,,,,,,,,"俐落,しっかり,清爽","キレ,しっかり,スッキリ",3188,https://sakenowa.com/brands/3188,2026-09-28T20:22:25.435819+00:00
sn_3202,1133,太田酒造,道灌,,滋賀県,滋賀縣,,,,,,,,,,0.2788083399645058,0.5975836020888354,0.4810940054948073,0.30416700853770073,0.3574628197888403,0.33676560000031003,"鮮味,酸味,辛口,甘甜,清爽,鮮爽,レーズン,果香,しっかり,濃厚,清新,冷酒,苦味","旨味,酸味,辛口,甘味,スッキリ,フレッシュ,レーズン,フルーティ,しっかり,濃厚,さわやか,冷酒,苦味",3202,https://sakenowa.com/brands/3202,2026-09-28T20:22:25.436012+00:00
sn_3625,1133,太田酒造,湖弧艪,,滋賀県,滋賀縣,,,,,,,,,,,,,,,,,,3625,https://sakenowa.com/brands/3625,2026-09-28T20:22:25.436023+00:00
sn_2415,1134,小原酒造,くらしっく,,福島県,福島縣,,,,,,,,,,,,,,,,,,2415,https://sakenowa.com/brands/2415,2026-09-28T20:22:25.436185+00:00
sn_2735,1134,小原酒造,国光,,福島県,福島縣,,,,,,,,,,,,,,,,"紹興酒,鮮味,苦味,辛口","紹興酒,旨味,苦味,辛口",2735,https://sakenowa.com/brands/2735,2026-09-28T20:22:25.436191+00:00
sn_2416,1135,磐乃井酒造,磐乃井,,岩手県,岩手縣,,,,,,,,,,,,,,,,,,2416,https://sakenowa.com/brands/2416,2026-09-28T20:22:25.436363+00:00
sn_2947,1135,磐乃井酒造,百磐,,岩手県,岩手縣,,,,,,,,,,0.30497400109721357,0.539943387287742,0.3632990174212865,0.4612511607292438,0.33151188013449606,0.40101503859000187,"柳橙,酸味,しっかり,蘋果,甘甜,鮮味,苦味","オレンジ,酸味,しっかり,リンゴ,甘味,旨味,苦味",2947,https://sakenowa.com/brands/2947,2026-09-28T20:22:25.436371+00:00
sn_2417,1136,船木酒造,嬉野酒,,三重県,三重縣,,,,,,,,,,,,,,,,,,2417,https://sakenowa.com/brands/2417,2026-09-28T20:22:25.436533+00:00
sn_2419,1137,四家酒造店,又兵衛,,福島県,福島縣,,,,,,,,,,0.23156169734283616,0.5576710688280908,0.39370487947811433,0.5329124110596634,0.33767494338645676,0.2869819191839313,"ふくよか,辛口","ふくよか,辛口",2419,https://sakenowa.com/brands/2419,2026-09-28T20:22:25.436700+00:00
sn_2421,1138,賀茂輝酒造,賀茂輝,,広島県,廣島縣,,,,,,,,,,,,,,,,,,2421,https://sakenowa.com/brands/2421,2026-09-28T20:22:25.436889+00:00
sn_2441,1139,羽田酒造,初日の出,,京都府,京都府,,,,,,,,,,0.404679891587903,0.48445709519305113,0.23348337846406994,0.4304553345612914,0.3997594644632322,0.4493568690498836,"高雅,辛口,鮮爽,鮮味,濃厚,清爽,果香,純淨,しっかり,清新,蘋果","上品,辛口,フレッシュ,旨味,濃厚,スッキリ,フルーティ,綺麗,しっかり,さわやか,リンゴ",2441,https://sakenowa.com/brands/2441,2026-09-28T20:22:25.437059+00:00
sn_2790,1139,羽田酒造,五条大橋,,京都府,京都府,,,,,,,,,,,,,,,,"柔らかい,優しい,平衡,苦味,しっかり,辛口","柔らかい,優しい,バランス,苦味,しっかり,辛口",2790,https://sakenowa.com/brands/2790,2026-09-28T20:22:25.437070+00:00
sn_53060,1139,羽田酒造,羽田,,京都府,京都府,,,,,,,,,,0.30995413904141517,0.4451669794053603,0.2642961816559129,0.32368368365120187,0.49872436899059913,0.5314181001934587,"辛口,ラムネ,清爽","辛口,ラムネ,スッキリ",53060,https://sakenowa.com/brands/53060,2026-09-28T20:22:25.437077+00:00
sn_2444,1140,花の香酒造,鮨びぃる,,熊本県,熊本縣,,,,,,,,,,,,,,,,,,2444,https://sakenowa.com/brands/2444,2026-09-28T20:22:25.437247+00:00
sn_3597,1140,花の香酒造,花の香,,熊本県,熊本縣,,,,,,,,,,0.6051056866197329,0.44564368558448236,0.187931946659449,0.26305746372541616,0.20327166405074196,0.5379700719522643,"花香,氣泡感,華麗,酸味,果香,苦味,甘甜,鮮味,櫻花,純淨,清爽,輕快,平衡,俐落,しっかり,柑橘,哈密瓜,控えめ,穩重,シャンパン","花,ガス,華やか,酸味,フルーティ,苦味,甘味,旨味,桜,綺麗,スッキリ,軽快,バランス,キレ,しっかり,柑橘,メロン,控えめ,穏やか,シャンパン",3597,https://sakenowa.com/brands/3597,2026-09-28T20:22:25.437257+00:00
sn_45799,1140,花の香酒造,産土,,熊本県,熊本縣,,,,,,,,,,0.526485931140305,0.40018789598044463,0.19643485278416986,0.2574135719321726,0.1558234924551356,0.6584321172436358,"氣泡感,シャンパン,酸味,複雜,優格,甘甜,鮮味,果香,苦味,清新,輕快,鮮爽,麝香葡萄,梨子,餘韻,西洋梨,華麗,柑橘,平衡,控えめ","ガス,シャンパン,酸味,複雑,ヨーグルト,甘味,旨味,フルーティ,苦味,さわやか,軽快,フレッシュ,マスカット,梨,余韻,洋梨,華やか,柑橘,バランス,控えめ",45799,https://sakenowa.com/brands/45799,2026-09-28T20:22:25.437267+00:00
sn_1187,1141,村祐酒造,村祐,,新潟県,新潟縣,,,,,,,,,,0.37756796858855224,0.6134495753193902,0.3607392015833185,0.3904378259054326,0.1935375465860087,0.4013611817815862,"甘甜,酸味,高雅,果香,甘酸っぱい,鮮味,苦味,柑橘,麝香葡萄,優格,清爽,砂糖,清新,優しい,餘韻,控えめ,平衡,辛口,濃厚,ほのか","甘味,酸味,上品,フルーティ,甘酸っぱい,旨味,苦味,柑橘,マスカット,ヨーグルト,スッキリ,砂糖,さわやか,優しい,余韻,控えめ,バランス,辛口,濃厚,ほのか",1187,https://sakenowa.com/brands/1187,2026-09-28T20:22:25.437434+00:00
sn_3313,1141,村祐酒造,高村桂,,新潟県,新潟縣,,,,,,,,,,,,,,,,,,3313,https://sakenowa.com/brands/3313,2026-09-28T20:22:25.437439+00:00
sn_6674,1141,村祐酒造,花越路,,新潟県,新潟縣,,,,,,,,,,0.24979477342910594,0.5529915059944098,0.3477001031447257,0.5767460596287274,0.18154894777790082,0.3811975419676219,"輕快,酸味","軽快,酸味",6674,https://sakenowa.com/brands/6674,2026-09-28T20:22:25.437445+00:00
sn_44672,1141,村祐酒造,祐村,,新潟県,新潟縣,,,,,,,,,,,,,,,,,,44672,https://sakenowa.com/brands/44672,2026-09-28T20:22:25.437450+00:00
sn_2449,1142,小澤酒造場,桑の都,,東京都,東京都,,,,,,,,,,,,,,,,,,2449,https://sakenowa.com/brands/2449,2026-09-28T20:22:25.437612+00:00
sn_3582,1142,小澤酒造場,尾根桜,,東京都,東京都,,,,,,,,,,,,,,,,,,3582,https://sakenowa.com/brands/3582,2026-09-28T20:22:25.437617+00:00
sn_5830,1142,小澤酒造場,八王子城,,東京都,東京都,,,,,,,,,,,,,,,,,,5830,https://sakenowa.com/brands/5830,2026-09-28T20:22:25.437622+00:00
sn_2452,1143,亀の井酒造,亀の井,,大分県,大分縣,,,,,,,,,,,,,,,,,,2452,https://sakenowa.com/brands/2452,2026-09-28T20:22:25.437782+00:00
sn_2458,1144,吉川醸造,菊勇,,神奈川県,神奈川縣,,,,,,,,,,0.3619980813059657,0.5546225815994933,0.36828658708646766,0.38922701113169933,0.24797885470447603,0.46122119672436457,"酸味,氣泡感,しっかり,甘甜,力道強勁,水蜜桃,鮮味,辛口,甘酸っぱい,渋み,鮮爽","酸味,ガス,しっかり,甘味,力強い,桃,旨味,辛口,甘酸っぱい,渋み,フレッシュ",2458,https://sakenowa.com/brands/2458,2026-09-28T20:22:25.437960+00:00
sn_3759,1144,吉川醸造,ながつた宿,,神奈川県,神奈川縣,,,,,,,,,,,,,,,,"辛口,甘甜","辛口,甘味",3759,https://sakenowa.com/brands/3759,2026-09-28T20:22:25.437966+00:00
sn_66397,1144,吉川醸造,雨降,,神奈川県,神奈川縣,,,,,,,,,,0.4484047680015993,0.5038164986240669,0.28149235101803366,0.26385359211756837,0.38409120772417593,0.4987177379456215,"蘋果,酸味,氣泡感,甘酸っぱい,甘甜,優格,ジュース,苦味,清新,水蜜桃,果香,鮮味,多汁,餘韻,辛口,鮮爽,しっかり,清爽,純淨,輕快","リンゴ,酸味,ガス,甘酸っぱい,甘味,ヨーグルト,ジュース,苦味,さわやか,桃,フルーティ,旨味,ジューシー,余韻,辛口,フレッシュ,しっかり,スッキリ,綺麗,軽快",66397,https://sakenowa.com/brands/66397,2026-09-28T20:22:25.437976+00:00
sn_2459,1145,千曲錦酒造,藤村のにごり酒,,長野県,長野縣,,,,,,,,,,,,,,,,,,2459,https://sakenowa.com/brands/2459,2026-09-28T20:22:25.438138+00:00
sn_2910,1145,千曲錦酒造,搾ったまんま,,長野県,長野縣,,,,,,,,,,,,,,,,,,2910,https://sakenowa.com/brands/2910,2026-09-28T20:22:25.438146+00:00
sn_3281,1145,千曲錦酒造,帰山,,長野県,長野縣,,,,,,,,,,0.3205427736530023,0.5914614972884268,0.34826020798270807,0.3305221498310945,0.3765689708560922,0.41843921145063395,"酸味,辛口,甘甜,氣泡感,果香,奶油感,鮮味,蘋果,鮮爽,苦味,清爽,清新,甘酸っぱい,平衡,俐落,濃厚,優格,しっかり,醇厚,紹興酒","酸味,辛口,甘味,ガス,フルーティ,クリーミー,旨味,リンゴ,フレッシュ,苦味,スッキリ,さわやか,甘酸っぱい,バランス,キレ,濃厚,ヨーグルト,しっかり,コク,紹興酒",3281,https://sakenowa.com/brands/3281,2026-09-28T20:22:25.438156+00:00
sn_4283,1145,千曲錦酒造,千曲錦,,長野県,長野縣,,,,,,,,,,0.354572017809687,0.5680111388869686,0.35733650837173253,0.3980742257420293,0.3297478311589049,0.39592414515570656,"辛口,甘甜,酸味,純淨,濃厚,鮮味,しっかり,華麗,清爽,果香,ワイン,とろみ,醇厚,鮮爽,柔らかい,苦味,餘韻,圓潤,奶油感,スイスイ","辛口,甘味,酸味,綺麗,濃厚,旨味,しっかり,華やか,スッキリ,フルーティ,ワイン,とろみ,コク,フレッシュ,柔らかい,苦味,余韻,まろやか,クリーミー,スイスイ",4283,https://sakenowa.com/brands/4283,2026-09-28T20:22:25.438167+00:00
sn_1281,1146,西條鶴醸造,西條鶴,,広島県,廣島縣,,,,,,,,,,0.3511593780730396,0.6229073936093191,0.3371373215278316,0.40283636926832084,0.22190121419074774,0.40434466405113995,"鮮味,甘甜,酸味,氣泡感,果香,柑橘,苦味,辛口,穩重,ワイン,清爽,柔らかい,多汁,餘韻,平衡,しっかり,ラムネ,鮮爽,優しい,清新","旨味,甘味,酸味,ガス,フルーティ,柑橘,苦味,辛口,穏やか,ワイン,スッキリ,柔らかい,ジューシー,余韻,バランス,しっかり,ラムネ,フレッシュ,優しい,さわやか",1281,https://sakenowa.com/brands/1281,2026-09-28T20:22:25.438340+00:00
sn_2462,1146,西條鶴醸造,米の精 雫,,広島県,廣島縣,,,,,,,,,,,,,,,,"するする,酸味,辛口","するする,酸味,辛口",2462,https://sakenowa.com/brands/2462,2026-09-28T20:22:25.438347+00:00
sn_2651,1146,西條鶴醸造,神髄,,広島県,廣島縣,,,,,,,,,,,,,,,,,,2651,https://sakenowa.com/brands/2651,2026-09-28T20:22:25.438352+00:00
sn_4151,1146,西條鶴醸造,蔵楽,,広島県,廣島縣,,,,,,,,,,,,,,,,"熱燗,常溫,濃厚,辛口","熱燗,常温,濃厚,辛口",4151,https://sakenowa.com/brands/4151,2026-09-28T20:22:25.438357+00:00
sn_2491,1150,田中酒造場,武蔵の里,,岡山県,岡山縣,,,,,,,,,,,,,,,,,,2491,https://sakenowa.com/brands/2491,2026-09-28T20:22:25.438838+00:00
sn_3284,1150,田中酒造場,武蔵乃里,,岡山県,岡山縣,,,,,,,,,,,,,,,,,,3284,https://sakenowa.com/brands/3284,2026-09-28T20:22:25.438843+00:00
sn_2493,1151,福乃友酒造,冬樹,,秋田県,秋田縣,,,,,,,,,,,,,,,,,,2493,https://sakenowa.com/brands/2493,2026-09-28T20:22:25.439022+00:00
sn_2500,1152,天領盃酒造,天領盃,,新潟県,新潟縣,,,,,,,,,,0.3859519232786859,0.5111674814535168,0.30815310703785814,0.3556313955896378,0.31252806626570884,0.5202336972092921,"氣泡感,ラムネ,甘甜,酸味,辛口,鮮味,清爽,苦味,輕快,果香,俐落,清新,穩重,純淨,しっかり,哈密瓜,渋み,鳳梨,餘韻,スイスイ","ガス,ラムネ,甘味,酸味,辛口,旨味,スッキリ,苦味,軽快,フルーティ,キレ,さわやか,穏やか,綺麗,しっかり,メロン,渋み,パイナップル,余韻,スイスイ",2500,https://sakenowa.com/brands/2500,2026-09-28T20:22:25.439194+00:00
sn_34324,1152,天領盃酒造,雅楽代,,新潟県,新潟縣,,,,,,,,,,0.45713103427645985,0.3979519640902548,0.163536394410452,0.32283061943874486,0.2971183499683249,0.6429792972920418,"氣泡感,ラムネ,酸味,輕快,甘甜,麝香葡萄,純淨,鮮味,清新,辛口,果香,穩重,苦味,清爽,俐落,スイスイ,華麗,平衡,鮮爽,優しい","ガス,ラムネ,酸味,軽快,甘味,マスカット,綺麗,旨味,さわやか,辛口,フルーティ,穏やか,苦味,スッキリ,キレ,スイスイ,華やか,バランス,フレッシュ,優しい",34324,https://sakenowa.com/brands/34324,2026-09-28T20:22:25.439204+00:00
sn_2501,1153,金水晶酒造店,金水晶,,福島県,福島縣,,,,,,,,,,0.32459999794090066,0.48152713570009076,0.2692008261511461,0.6331648282799505,0.22532155127658768,0.37233032763972806,"優しい,甘甜,鮮味,平衡,果香,純淨,穩重,柔らかい,梨子,清爽,酸味","優しい,甘味,旨味,バランス,フルーティ,綺麗,穏やか,柔らかい,梨,スッキリ,酸味",2501,https://sakenowa.com/brands/2501,2026-09-28T20:22:25.439371+00:00
sn_3879,1153,金水晶酒造店,相模屋旅館,,福島県,福島縣,,,,,,,,,,,,,,,,,,3879,https://sakenowa.com/brands/3879,2026-09-28T20:22:25.439379+00:00
sn_2502,1154,二木酒造,玉の井,,岐阜県,岐阜縣,,,,,,,,,,,,,,,,,,2502,https://sakenowa.com/brands/2502,2026-09-28T20:22:25.439543+00:00
sn_2504,1155,茨木酒造,来楽,,兵庫県,兵庫縣,,,,,,,,,,0.5879946698827574,0.46739106764285193,0.2049762297475094,0.22684493354146898,0.21959528166048106,0.5423208383555427,"花香,氣泡感,しっかり,鮮味,甘甜,果香,平衡,苦味,いちご,辛口,哈密瓜,酸味,華麗,清新,鮮爽,蜜,餘韻,俐落,清爽,純淨","花,ガス,しっかり,旨味,甘味,フルーティ,バランス,苦味,いちご,辛口,メロン,酸味,華やか,さわやか,フレッシュ,蜜,余韻,キレ,スッキリ,綺麗",2504,https://sakenowa.com/brands/2504,2026-09-28T20:22:25.439711+00:00
sn_2510,1156,井澤本家,倭小槌,,兵庫県,兵庫縣,,,,,,,,,,,,,,,,,,2510,https://sakenowa.com/brands/2510,2026-09-28T20:22:25.439900+00:00
sn_2530,1157,比翼鶴酒造,h(エイチ),,福岡県,福岡縣,,,,,,,,,,,,,,,,,,2530,https://sakenowa.com/brands/2530,2026-09-28T20:22:25.440066+00:00
sn_3385,1157,比翼鶴酒造,耶馬寒梅,,福岡県,福岡縣,,,,,,,,,,,,,,,,,,3385,https://sakenowa.com/brands/3385,2026-09-28T20:22:25.440071+00:00
sn_80602,1157,比翼鶴酒造,比翼鶴,,福岡県,福岡縣,,,,,,,,,,0.14949049519426466,0.5924022410473389,0.4444314366409647,0.5799735300026184,0.2571723815226901,0.16335833450473838,昔ながら,昔ながら,80602,https://sakenowa.com/brands/80602,2026-09-28T20:22:25.440077+00:00
sn_2531,1158,大賀酒造,仁四郎,,福岡県,福岡縣,,,,,,,,,,,,,,,,,,2531,https://sakenowa.com/brands/2531,2026-09-28T20:22:25.440241+00:00
sn_2766,1158,大賀酒造,玉出泉,,福岡県,福岡縣,,,,,,,,,,0.3394061595241832,0.5454118601902948,0.3212111322343354,0.42028194386913426,0.33063292815617046,0.4451940303350909,"冷酒,辛口,麝香葡萄,鮮爽,鮮味,果香","冷酒,辛口,マスカット,フレッシュ,旨味,フルーティ",2766,https://sakenowa.com/brands/2766,2026-09-28T20:22:25.440248+00:00
sn_3084,1158,大賀酒造,ゆめほたる,,福岡県,福岡縣,,,,,,,,,,,,,,,,"甘酸っぱい,酸味,甘甜","甘酸っぱい,酸味,甘味",3084,https://sakenowa.com/brands/3084,2026-09-28T20:22:25.440255+00:00
sn_3523,1158,大賀酒造,大賀,,福岡県,福岡縣,,,,,,,,,,0.32413958520355435,0.4599920202473991,0.3409853909348165,0.5260120457616263,0.39928816431105474,0.3618703128699442,"冷酒,華麗,清爽,辛口,果香","冷酒,華やか,スッキリ,辛口,フルーティ",3523,https://sakenowa.com/brands/3523,2026-09-28T20:22:25.440263+00:00
sn_1395,1159,白木恒助商店,淡墨桜,,岐阜県,岐阜縣,,,,,,,,,,0.5765910738751789,0.5069687809426394,0.2985337535293389,0.30755324189404826,0.18110088488556292,0.4404729952844024,"櫻花,セメダイン,濃厚","桜,セメダイン,濃厚",1395,https://sakenowa.com/brands/1395,2026-09-28T20:22:25.440427+00:00
sn_2692,1159,白木恒助商店,達磨正宗,,岐阜県,岐阜縣,,,,,,,,,,0.041701294315817455,0.5370709667763249,0.8090311987773462,0.2286927855926834,0.033068830719501445,0.04347827452789639,"紹興酒,カラメル,巧克力,濃厚,常溫,甘甜,焦糖,堅果,圓潤,酸味,熱燗,鮮味,純淨,醤油,蜂蜜,複雜,醇厚,起司,煙燻,香ばしい","紹興酒,カラメル,チョコレート,濃厚,常温,甘味,キャラメル,ナッツ,まろやか,酸味,熱燗,旨味,綺麗,醤油,ハチミツ,複雑,コク,チーズ,スモーキー,香ばしい",2692,https://sakenowa.com/brands/2692,2026-09-28T20:22:25.440437+00:00
sn_2540,1160,野口酒造店,久兵衛,,東京都,東京都,,,,,,,,,,,,,,,,,,2540,https://sakenowa.com/brands/2540,2026-09-28T20:22:25.440599+00:00
sn_1079,1161,吉久保酒造,一品,,茨城県,茨城縣,,,,,,,,,,0.32447726554755485,0.5327043249421715,0.35098504484859605,0.4534107541414347,0.31900667708215213,0.42473937023687214,"辛口,甘甜,清新,酸味,鮮味,しっかり,濃厚,清爽,ワイン,柔らかい,花香,餘韻,控えめ,高雅,果香,純淨,苦味,氣泡感,優しい,西洋梨","辛口,甘味,さわやか,酸味,旨味,しっかり,濃厚,スッキリ,ワイン,柔らかい,花,余韻,控えめ,上品,フルーティ,綺麗,苦味,ガス,優しい,洋梨",1079,https://sakenowa.com/brands/1079,2026-09-28T20:22:25.440765+00:00
sn_1441,1161,吉久保酒造,百歳,,茨城県,茨城縣,,,,,,,,,,0.17779256092816872,0.5719181487302516,0.44363568738804393,0.31860815672072146,0.46455543588145376,0.35660048061005145,"辛口,鮮味,しっかり,清爽,酸味,濃厚,俐落,醇厚,さっぱり","辛口,旨味,しっかり,スッキリ,酸味,濃厚,キレ,コク,さっぱり",1441,https://sakenowa.com/brands/1441,2026-09-28T20:22:25.440775+00:00
sn_2544,1161,吉久保酒造,寒紅梅の雫,,茨城県,茨城縣,,,,,,,,,,,,,,,,"燗酒,西洋梨,優格,控えめ,餘韻,圓潤,酸味,辛口,甘甜","燗酒,洋梨,ヨーグルト,控えめ,余韻,まろやか,酸味,辛口,甘味",2544,https://sakenowa.com/brands/2544,2026-09-28T20:22:25.440783+00:00
sn_2556,1162,平田酒造,醉翁,,岐阜県,岐阜縣,,,,,,,,,,,,,,,,,,2556,https://sakenowa.com/brands/2556,2026-09-28T20:22:25.440971+00:00
sn_1193,1163,丸本酒造,竹林,,岡山県,岡山縣,,,,,,,,,,0.26640845933046503,0.5994272352889846,0.4022596370615306,0.4566606495627056,0.30841882554835115,0.32286155852074055,"鮮味,圓潤,濃厚,蘋果,鮮爽,深み,甘甜,輕快,熱燗,常溫,果香,しっかり,辛口,酸味,とろみ,蜜,冷酒,ふんわり,多汁,さっぱり","旨味,まろやか,濃厚,リンゴ,フレッシュ,深み,甘味,軽快,熱燗,常温,フルーティ,しっかり,辛口,酸味,とろみ,蜜,冷酒,ふんわり,ジューシー,さっぱり",1193,https://sakenowa.com/brands/1193,2026-09-28T20:22:25.441143+00:00
sn_2562,1163,丸本酒造,泡々酒,,岡山県,岡山縣,,,,,,,,,,,,,,,,"ジュース,ゴクゴク","ジュース,ゴクゴク",2562,https://sakenowa.com/brands/2562,2026-09-28T20:22:25.441150+00:00
sn_2572,1163,丸本酒造,農産酒蔵,,岡山県,岡山縣,,,,,,,,,,,,,,,,哈密瓜,メロン,2572,https://sakenowa.com/brands/2572,2026-09-28T20:22:25.441157+00:00
sn_3128,1163,丸本酒造,加茂緑,,岡山県,岡山縣,,,,,,,,,,,,,,,,ふっくら,ふっくら,3128,https://sakenowa.com/brands/3128,2026-09-28T20:22:25.441161+00:00
sn_2375,1164,黒澤酒造,くろさわ,,長野県,長野縣,,,,,,,,,,,,,,,,,,2375,https://sakenowa.com/brands/2375,2026-09-28T20:22:25.441324+00:00
sn_2563,1164,黒澤酒造,雪國,,長野県,長野縣,,,,,,,,,,,,,,,,,,2563,https://sakenowa.com/brands/2563,2026-09-28T20:22:25.441329+00:00
sn_3395,1164,黒澤酒造,黒澤,,長野県,長野縣,,,,,,,,,,0.3056254290701217,0.529465187937253,0.4155078316685127,0.3563561635544827,0.33065462841159676,0.4661445645903465,"酸味,氣泡感,鮮味,辛口,苦味,俐落,しっかり,甘甜,ワイン,輕快,濃厚,力道強勁,果香,清爽,鮮爽,甘酸っぱい,常溫,渋み,複雜,純淨","酸味,ガス,旨味,辛口,苦味,キレ,しっかり,甘味,ワイン,軽快,濃厚,力強い,フルーティ,スッキリ,フレッシュ,甘酸っぱい,常温,渋み,複雑,綺麗",3395,https://sakenowa.com/brands/3395,2026-09-28T20:22:25.441338+00:00
sn_3709,1164,黒澤酒造,まると,,長野県,長野縣,,,,,,,,,,,,,,,,,,3709,https://sakenowa.com/brands/3709,2026-09-28T20:22:25.441346+00:00
sn_3794,1164,黒澤酒造,井筒長,,長野県,長野縣,,,,,,,,,,0.22795217157300796,0.5126418178329536,0.33063253273309784,0.5449993341031897,0.3500209528429662,0.39544830354997557,,,3794,https://sakenowa.com/brands/3794,2026-09-28T20:22:25.441350+00:00
sn_4176,1164,黒澤酒造,百姓物語,,長野県,長野縣,,,,,,,,,,,,,,,,濃厚,濃厚,4176,https://sakenowa.com/brands/4176,2026-09-28T20:22:25.441355+00:00
sn_2564,1165,林酒造場,八石,,新潟県,新潟縣,,,,,,,,,,,,,,,,"ほのか,冷酒,清新,鮮味,辛口,清爽,甘甜","ほのか,冷酒,さわやか,旨味,辛口,スッキリ,甘味",2564,https://sakenowa.com/brands/2564,2026-09-28T20:22:25.441523+00:00
sn_2580,1167,近藤酒造,越乃鹿六,,新潟県,新潟縣,,,,,,,,,,,,,,,,,,2580,https://sakenowa.com/brands/2580,2026-09-28T20:22:25.441685+00:00
sn_3113,1167,近藤酒造,菅名岳,,新潟県,新潟縣,,,,,,,,,,,,,,,,,,3113,https://sakenowa.com/brands/3113,2026-09-28T20:22:25.441690+00:00
sn_4083,1167,近藤酒造,九,,新潟県,新潟縣,,,,,,,,,,,,,,,,"あっさり,ふんわり,辛口,清新,果香,甘甜,酸味,鮮味","あっさり,ふんわり,辛口,さわやか,フルーティ,甘味,酸味,旨味",4083,https://sakenowa.com/brands/4083,2026-09-28T20:22:25.441699+00:00
sn_1121,1168,せんきん,仙禽,,栃木県,栃木縣,,,,,,,,,,0.4837772806197396,0.4944627630842397,0.21538100224277207,0.3058114347916236,0.1986331037622157,0.5848943485730096,"氣泡感,酸味,優格,苦味,甘甜,果香,清新,鮮味,鮮爽,甘酸っぱい,麝香葡萄,輕快,多汁,檸檬,平衡,蘋果,柑橘,清爽,控えめ,櫻花","ガス,酸味,ヨーグルト,苦味,甘味,フルーティ,さわやか,旨味,フレッシュ,甘酸っぱい,マスカット,軽快,ジューシー,レモン,バランス,リンゴ,柑橘,スッキリ,控えめ,桜",1121,https://sakenowa.com/brands/1121,2026-09-28T20:22:25.441881+00:00
sn_2581,1168,せんきん,霧降,,栃木県,栃木縣,,,,,,,,,,0.4792107288418463,0.5539129955925628,0.24347576374680702,0.33796106364820366,0.18106345868948923,0.5072034764565633,"酸味,麝香葡萄,果香,鮮味,氣泡感,甘酸っぱい,穩定,哈密瓜,清爽,華麗,平衡,輕快,甘甜,蘋果,純淨,鮮爽,さっぱり,清新,穩重","酸味,マスカット,フルーティ,旨味,ガス,甘酸っぱい,安定,メロン,スッキリ,華やか,バランス,軽快,甘味,リンゴ,綺麗,フレッシュ,さっぱり,さわやか,穏やか",2581,https://sakenowa.com/brands/2581,2026-09-28T20:22:25.441890+00:00
sn_2591,1168,せんきん,ドルチェ・ブーケ,,栃木県,栃木縣,,,,,,,,,,,,,,,,ワイン,ワイン,2591,https://sakenowa.com/brands/2591,2026-09-28T20:22:25.441896+00:00
sn_2593,1168,せんきん,雪だるま,,栃木県,栃木縣,,,,,,,,,,0.41891102940494257,0.3454596429168844,0.13757445573521784,0.308062380595156,0.2158005648920451,0.738086810302222,"氣泡感,カルピス,優格,酸味,苦味,甘甜,ジュース,鮮味,清爽,清新,辛口,鮮爽,奶油感,穩定,控えめ,スイスイ,圓潤,麝香葡萄,滑順,葡萄柚","ガス,カルピス,ヨーグルト,酸味,苦味,甘味,ジュース,旨味,スッキリ,さわやか,辛口,フレッシュ,クリーミー,安定,控えめ,スイスイ,まろやか,マスカット,なめらか,グレープフルーツ",2593,https://sakenowa.com/brands/2593,2026-09-28T20:22:25.441904+00:00
sn_3373,1168,せんきん,かぶとむし,,栃木県,栃木縣,,,,,,,,,,0.5115076870563401,0.4151529311361939,0.13991015930580217,0.15919468517251983,0.20284191884132208,0.6927808350033348,"酸味,檸檬,清新,葡萄柚,柑橘,氣泡感,輕快,さっぱり,甘酸っぱい,清爽,甘甜,果香,苦味,ゴクゴク,ジュース,多汁,蘋果,スイスイ,爽快,優格","酸味,レモン,さわやか,グレープフルーツ,柑橘,ガス,軽快,さっぱり,甘酸っぱい,スッキリ,甘味,フルーティ,苦味,ゴクゴク,ジュース,ジューシー,リンゴ,スイスイ,爽快,ヨーグルト",3373,https://sakenowa.com/brands/3373,2026-09-28T20:22:25.441916+00:00
sn_7548,1168,せんきん,羽水,,栃木県,栃木縣,,,,,,,,,,0.392093968366062,0.6387885848446893,0.34808728604887257,0.2502355683511849,0.1477200316793397,0.4822941609711001,優格,ヨーグルト,7548,https://sakenowa.com/brands/7548,2026-09-28T20:22:25.441924+00:00
sn_2585,1169,中井酒造,丈,,鳥取県,鳥取縣,,,,,,,,,,,,,,,,"ふんわり,冷酒,圓潤,酸味,果香,清爽","ふんわり,冷酒,まろやか,酸味,フルーティ,スッキリ",2585,https://sakenowa.com/brands/2585,2026-09-28T20:22:25.442093+00:00
sn_2609,1170,清水酒造,亀甲花菱,,埼玉県,埼玉縣,,,,,,,,,,0.3396163621031305,0.6591447861972239,0.4141045417120504,0.39620798727588613,0.21164777788384212,0.27736393941882076,"果香,華麗,鮮味,酸味,甘甜,苦味,紹興酒,多汁,醇厚,巧克力,辛口,しっかり,いちご,鳳梨,濃厚","フルーティ,華やか,旨味,酸味,甘味,苦味,紹興酒,ジューシー,コク,チョコレート,辛口,しっかり,いちご,パイナップル,濃厚",2609,https://sakenowa.com/brands/2609,2026-09-28T20:22:25.442259+00:00
sn_2612,1171,新良酒造,夢窓,,三重県,三重縣,,,,,,,,,,,,,,,,,,2612,https://sakenowa.com/brands/2612,2026-09-28T20:22:25.442420+00:00
sn_2613,1172,美少年,美少年,,熊本県,熊本縣,,,,,,,,,,0.17664223945332092,0.47923216944593583,0.33542814552918226,0.6287473303607524,0.3519911178069479,0.32772099985376807,"酸味,辛口,清爽","酸味,辛口,スッキリ",2613,https://sakenowa.com/brands/2613,2026-09-28T20:22:25.442584+00:00
sn_2619,1173,千代の亀酒造,名称募集,,愛媛県,愛媛縣,,,,,,,,,,,,,,,,"いちご,鮮爽,平衡,鮮味","いちご,フレッシュ,バランス,旨味",2619,https://sakenowa.com/brands/2619,2026-09-28T20:22:25.442748+00:00
sn_3771,1173,千代の亀酒造,袋しぼり,,愛媛県,愛媛縣,,,,,,,,,,,,,,,,,,3771,https://sakenowa.com/brands/3771,2026-09-28T20:22:25.442756+00:00
sn_2621,1174,民宿とおの,民宿とおののどぶろく,,岩手県,岩手縣,,,,,,,,,,0.44100033724799653,0.4810381831225666,0.3751456332334086,0.23308579308095734,0.1342550764486654,0.6008604749047675,"氣泡感,優格,酸味,鳳梨,起司,ミルク,カルピス,ジュース,ピチピチ,厚重","ガス,ヨーグルト,酸味,パイナップル,チーズ,ミルク,カルピス,ジュース,ピチピチ,重い",2621,https://sakenowa.com/brands/2621,2026-09-28T20:22:25.442937+00:00
sn_3065,1174,民宿とおの,どぶきゅーる,,岩手県,岩手縣,,,,,,,,,,,,,,,,ジュース,ジュース,3065,https://sakenowa.com/brands/3065,2026-09-28T20:22:25.442943+00:00
sn_2630,1175,浜田,羽州乃杜,,山形県,山形縣,,,,,,,,,,,,,,,,"辛香,濃厚,酸味,辛口","スパイシー,濃厚,酸味,辛口",2630,https://sakenowa.com/brands/2630,2026-09-28T20:22:25.443107+00:00
sn_2641,1176,中田酒造（廃業済）,歓びの泉,,岡山県,岡山縣,,,,,,,,,,,,,,,,"圓潤,苦味","まろやか,苦味",2641,https://sakenowa.com/brands/2641,2026-09-28T20:22:25.443268+00:00
sn_2642,1177,中和商店,今小町,,徳島県,德島縣,,,,,,,,,,,,,,,,燗酒,燗酒,2642,https://sakenowa.com/brands/2642,2026-09-28T20:22:25.443430+00:00
sn_56835,1177,中和商店,山笑,,徳島県,德島縣,,,,,,,,,,,,,,,,"辛香,辛口,ピリリ,控えめ,餘韻,苦味,鮮味,甘甜","スパイシー,辛口,ピリリ,控えめ,余韻,苦味,旨味,甘味",56835,https://sakenowa.com/brands/56835,2026-09-28T20:22:25.443437+00:00
sn_2647,1178,福司酒造,福司,,北海道,北海道,,,,,,,,,,0.2975358399129098,0.5137864179525502,0.30090041211048185,0.4504083324449051,0.3546339982461397,0.47783045532773,"鮮味,酸味,辛口,清爽,甘甜,氣泡感,清新,しっかり,輕快,柑橘,俐落,果香,鮮爽,柔らかい,優しい,スイスイ,平衡,ほのか,あっさり,純淨","旨味,酸味,辛口,スッキリ,甘味,ガス,さわやか,しっかり,軽快,柑橘,キレ,フルーティ,フレッシュ,柔らかい,優しい,スイスイ,バランス,ほのか,あっさり,綺麗",2647,https://sakenowa.com/brands/2647,2026-09-28T20:22:25.443607+00:00
sn_2650,1179,髙德銘醸,高徳,,兵庫県,兵庫縣,,,,,,,,,,,,,,,,,,2650,https://sakenowa.com/brands/2650,2026-09-28T20:22:25.443775+00:00
sn_2652,1180,門傳醸造,ほでなす,,宮城県,宮城縣,,,,,,,,,,0.3522639211024871,0.43792143126386895,0.3055727558390384,0.26592782855102626,0.3643754272248885,0.6223127661032327,氣泡感,ガス,2652,https://sakenowa.com/brands/2652,2026-09-28T20:22:25.443950+00:00
sn_2653,1180,門傳醸造,太閤,,宮城県,宮城縣,,,,,,,,,,,,,,,,"芳香,辛口,滑順,しっかり,平衡,清新,果香,甘甜,酸味","芳香,辛口,なめらか,しっかり,バランス,さわやか,フルーティ,甘味,酸味",2653,https://sakenowa.com/brands/2653,2026-09-28T20:22:25.443957+00:00
sn_2656,1181,石井酒造,豊明,,埼玉県,埼玉縣,,,,,,,,,,0.4259409684097084,0.6576628223717778,0.35185118285185507,0.29601574236746164,0.19906679933591276,0.3674258269348164,"酸味,甘甜,多汁,鳳梨,鮮味,果香,濃厚,香蕉,蘋果,華麗,哈密瓜,苦味,ブドウ,平衡,しっかり,甘酸っぱい,柳橙,鮮爽,若い,派手","酸味,甘味,ジューシー,パイナップル,旨味,フルーティ,濃厚,バナナ,リンゴ,華やか,メロン,苦味,ブドウ,バランス,しっかり,甘酸っぱい,オレンジ,フレッシュ,若い,派手",2656,https://sakenowa.com/brands/2656,2026-09-28T20:22:25.444127+00:00
sn_3706,1181,石井酒造,初緑,,埼玉県,埼玉縣,,,,,,,,,,,,,,,,,,3706,https://sakenowa.com/brands/3706,2026-09-28T20:22:25.444132+00:00
sn_3715,1181,石井酒造,健誠,,埼玉県,埼玉縣,,,,,,,,,,,,,,,,,,3715,https://sakenowa.com/brands/3715,2026-09-28T20:22:25.444137+00:00
sn_3858,1181,石井酒造,二才の醸,,埼玉県,埼玉縣,,,,,,,,,,,,,,,,,,3858,https://sakenowa.com/brands/3858,2026-09-28T20:22:25.444142+00:00
sn_2668,1183,守屋酒造,舞桜,,千葉県,千葉縣,,,,,,,,,,,,,,,,アミノ酸,アミノ酸,2668,https://sakenowa.com/brands/2668,2026-09-28T20:22:25.444461+00:00
sn_2690,1184,桜うづまき酒造,桜うづまき,,愛媛県,愛媛縣,,,,,,,,,,0.4854828031339696,0.5199354946809934,0.4350510027332378,0.3491567925180202,0.19248686224092346,0.38176235586551804,"櫻花,堅果,鮮味","桜,ナッツ,旨味",2690,https://sakenowa.com/brands/2690,2026-09-28T20:22:25.444624+00:00
sn_4304,1184,桜うづまき酒造,福うづまき,,愛媛県,愛媛縣,,,,,,,,,,,,,,,,"純淨,鮮味","綺麗,旨味",4304,https://sakenowa.com/brands/4304,2026-09-28T20:22:25.444634+00:00
sn_2695,1185,吉田酒造,春團治,,大阪府,大阪府,,,,,,,,,,,,,,,,冷酒,冷酒,2695,https://sakenowa.com/brands/2695,2026-09-28T20:22:25.444796+00:00
sn_2716,1187,戸塚酒造,寒竹,,長野県,長野縣,,,,,,,,,,0.20859853419371266,0.48533467967355615,0.3244803567816926,0.5557819656079654,0.4158544338898818,0.36581538352056564,"清爽,甘甜,鮮味","スッキリ,甘味,旨味",2716,https://sakenowa.com/brands/2716,2026-09-28T20:22:25.444970+00:00
sn_2729,1188,鳴海醸造店,黒石やきそば酒,,青森県,青森縣,,,,,,,,,,,,,,,,"芳醇,優しい,純淨,辛口","芳醇,優しい,綺麗,辛口",2729,https://sakenowa.com/brands/2729,2026-09-28T20:22:25.445133+00:00
sn_3909,1188,鳴海醸造店,菊乃井,,青森県,青森縣,,,,,,,,,,0.2889530575876757,0.5305424502872101,0.313745511889567,0.4265877429677722,0.4284094079505041,0.4136216501251967,"甘甜,辛口,鮮味","甘味,辛口,旨味",3909,https://sakenowa.com/brands/3909,2026-09-28T20:22:25.445142+00:00
sn_67374,1188,鳴海醸造店,稲村屋,,青森県,青森縣,,,,,,,,,,0.38138452155982416,0.507188169518537,0.325740568377761,0.4102816938405838,0.4174549979807822,0.3854858569235965,"甘甜,華麗,果香,辛口,さっぱり,俐落,鮮味,蘋果,しっかり","甘味,華やか,フルーティ,辛口,さっぱり,キレ,旨味,リンゴ,しっかり",67374,https://sakenowa.com/brands/67374,2026-09-28T20:22:25.445152+00:00
sn_2731,1189,中尾酒造,龍泉,,大阪府,大阪府,,,,,,,,,,,,,,,,"アミノ酸,薄い,香蕉,優格,ほのか,さっぱり,酸味,辛口,甘甜","アミノ酸,薄い,バナナ,ヨーグルト,ほのか,さっぱり,酸味,辛口,甘味",2731,https://sakenowa.com/brands/2731,2026-09-28T20:22:25.445318+00:00
sn_2734,1191,大山甚七商店 宮ケ浜蒸留所,甚七,,鹿児島県,鹿兒島縣,,,,,,,,,,,,,,,,"輕快,俐落,鮮味,清爽,甘甜","軽快,キレ,旨味,スッキリ,甘味",2734,https://sakenowa.com/brands/2734,2026-09-28T20:22:25.445491+00:00
sn_2738,1192,松岡醸造,帝松,,埼玉県,埼玉縣,,,,,,,,,,0.3660318176808644,0.5745362418237914,0.31912913830554124,0.35669339226293795,0.3411479807812996,0.4364324546655518,"辛口,ワイン,果香,鮮味,酸味,氣泡感,香蕉,甘甜,鮮爽,苦味,鳳梨,餘韻,しっかり,清新,俐落,芳醇,醇厚,渋み,輕快,ほのか","辛口,ワイン,フルーティ,旨味,酸味,ガス,バナナ,甘味,フレッシュ,苦味,パイナップル,余韻,しっかり,さわやか,キレ,芳醇,コク,渋み,軽快,ほのか",2738,https://sakenowa.com/brands/2738,2026-09-28T20:22:25.445658+00:00
sn_2857,1192,松岡醸造,隆光,,埼玉県,埼玉縣,,,,,,,,,,,,,,,,"苦味,辛口","苦味,辛口",2857,https://sakenowa.com/brands/2857,2026-09-28T20:22:25.445663+00:00
sn_2748,1193,高橋助作酒造店,戸隠,,長野県,長野縣,,,,,,,,,,0.45458088231312177,0.5009565359348731,0.22835337884012616,0.41699485056823704,0.3619988573435553,0.4304946303885657,"果香,甘甜,蘋果,純淨,平衡,辛口,鮮爽","フルーティ,甘味,リンゴ,綺麗,バランス,辛口,フレッシュ",2748,https://sakenowa.com/brands/2748,2026-09-28T20:22:25.445831+00:00
sn_3298,1193,高橋助作酒造店,松尾,,長野県,長野縣,,,,,,,,,,0.33705610418502935,0.5168760696683838,0.24949558249540854,0.4191465840524128,0.42009415797463,0.45257187833959767,"果香,辛口,酸味,純淨,鮮味,俐落,優格,穩重,清爽,苦味,甘甜,輕快,鮮爽,しっかり,清新,蘋果,派手,柔らかい,平衡,ふんわり","フルーティ,辛口,酸味,綺麗,旨味,キレ,ヨーグルト,穏やか,スッキリ,苦味,甘味,軽快,フレッシュ,しっかり,さわやか,リンゴ,派手,柔らかい,バランス,ふんわり",3298,https://sakenowa.com/brands/3298,2026-09-28T20:22:25.445840+00:00
sn_2755,1196,白杉酒造,白木久,,京都府,京都府,,,,,,,,,,0.4556064701168514,0.579225860766822,0.34831912671049303,0.2522825865088515,0.26107682314651126,0.45142698361348,"酸味,氣泡感,甘酸っぱい,蘋果,ワイン,甘甜,ミルク,鮮味,多汁,果香,檸檬,複雜,清新,苦味,濃厚,辛香料,ジュース,柑橘,麝香葡萄,しっかり","酸味,ガス,甘酸っぱい,リンゴ,ワイン,甘味,ミルク,旨味,ジューシー,フルーティ,レモン,複雑,さわやか,苦味,濃厚,スパイス,ジュース,柑橘,マスカット,しっかり",2755,https://sakenowa.com/brands/2755,2026-09-28T20:22:25.446177+00:00
sn_3744,1196,白杉酒造,銀シャリ,,京都府,京都府,,,,,,,,,,0.3754705831113933,0.5075521046815146,0.32298224606277,0.42100533084370867,0.3257327390298271,0.4623287413788043,"氣泡感,銳利,マイルド,セメダイン,辛口,しっかり,甘甜,酸味,哈密瓜,鮮味,鮮爽","ガス,シャープ,マイルド,セメダイン,辛口,しっかり,甘味,酸味,メロン,旨味,フレッシュ",3744,https://sakenowa.com/brands/3744,2026-09-28T20:22:25.446186+00:00
sn_2760,1197,上越酒造,越後美人,,新潟県,新潟縣,,,,,,,,,,,,,,,,,,2760,https://sakenowa.com/brands/2760,2026-09-28T20:22:25.446347+00:00
sn_2763,1198,長老酒造,長老,,京都府,京都府,,,,,,,,,,,,,,,,,,2763,https://sakenowa.com/brands/2763,2026-09-28T20:22:25.446515+00:00
sn_2764,1199,渡邊佐平商店,日光誉,,栃木県,栃木縣,,,,,,,,,,0.28039845399908786,0.5138938841632856,0.36654325313190406,0.534644999134649,0.3060571229383061,0.3787077881388391,"鮮味,清爽,しっかり,起司,辛口","旨味,スッキリ,しっかり,チーズ,辛口",2764,https://sakenowa.com/brands/2764,2026-09-28T20:22:25.446679+00:00
sn_2765,1200,井賀屋酒造場,岩清水,,長野県,長野縣,,,,,,,,,,0.5141875388603598,0.4795974883379937,0.28234637130759105,0.23664135680984189,0.3896133946778957,0.4669906011953703,"蘋果,酸味,氣泡感,ジュース,甘甜,ワイン,甘酸っぱい,果香,純淨,鮮味,ヤクルト,多汁,苦味,濃厚,清新,荔枝","リンゴ,酸味,ガス,ジュース,甘味,ワイン,甘酸っぱい,フルーティ,綺麗,旨味,ヤクルト,ジューシー,苦味,濃厚,さわやか,ライチ",2765,https://sakenowa.com/brands/2765,2026-09-28T20:22:25.446845+00:00
sn_2782,1202,香坂酒造,鷹山,,山形県,山形縣,,,,,,,,,,,,,,,,,,2782,https://sakenowa.com/brands/2782,2026-09-28T20:22:25.447024+00:00
sn_2920,1202,香坂酒造,香梅,,山形県,山形縣,,,,,,,,,,0.3522131340072193,0.43832691567412424,0.18902831830999853,0.43390063384018257,0.5055310120607994,0.4519428657509568,"芳香,辛口","芳香,辛口",2920,https://sakenowa.com/brands/2920,2026-09-28T20:22:25.447031+00:00
sn_487,1204,西出酒造,小松人,,石川県,石川縣,,,,,,,,,,,,,,,,,,487,https://sakenowa.com/brands/487,2026-09-28T20:22:25.447199+00:00
sn_2787,1204,西出酒造,春心 兼六桜,,石川県,石川縣,,,,,,,,,,,,,,,,"櫻花,花香,氣泡感,清爽,優しい,純淨,冷酒,餘韻,鮮味,甘甜","桜,花,ガス,スッキリ,優しい,綺麗,冷酒,余韻,旨味,甘味",2787,https://sakenowa.com/brands/2787,2026-09-28T20:22:25.447209+00:00
sn_8607,1204,西出酒造,春心,,石川県,石川縣,,,,,,,,,,0.33066767147072257,0.6477019357723728,0.4068405716148576,0.3706345667258945,0.2387182881686713,0.33356474569515715,"酸味,鮮味,柳橙,甘酸っぱい,常溫,檸檬,櫻花,餘韻,甘甜,醤油,冷酒,蘋果,優格,苦味,花香,熱燗,ワイン,穀物,力道強勁,醇厚","酸味,旨味,オレンジ,甘酸っぱい,常温,レモン,桜,余韻,甘味,醤油,冷酒,リンゴ,ヨーグルト,苦味,花,熱燗,ワイン,穀物,力強い,コク",8607,https://sakenowa.com/brands/8607,2026-09-28T20:22:25.447219+00:00
sn_2789,1205,オガタマ酒造,蜜酒の杯,,福岡県,福岡縣,,,,,,,,,,,,,,,,,,2789,https://sakenowa.com/brands/2789,2026-09-28T20:22:25.447381+00:00
sn_2795,1206,岡崎酒造,長門峡,,山口県,山口縣,,,,,,,,,,0.22157349910318855,0.5316877589004231,0.3417597223960855,0.3361542303306159,0.49574960705106674,0.43891487126538525,"辛口,鮮味,清爽,酸味,甘甜,苦味,俐落,輕快,しっかり,ふんわり,清新,氣泡感,果香,醇厚,餘韻,冷酒","辛口,旨味,スッキリ,酸味,甘味,苦味,キレ,軽快,しっかり,ふんわり,さわやか,ガス,フルーティ,コク,余韻,冷酒",2795,https://sakenowa.com/brands/2795,2026-09-28T20:22:25.447547+00:00
sn_2800,1207,加茂川酒造,古時計,,山形県,山形縣,,,,,,,,,,,,,,,,"紹興酒,芳醇,清爽","紹興酒,芳醇,スッキリ",2800,https://sakenowa.com/brands/2800,2026-09-28T20:22:25.447712+00:00
sn_2804,1208,井手酒造,虎之児,,佐賀県,佐賀縣,,,,,,,,,,0.2446382271017686,0.6316812582866789,0.4514341819925348,0.4063322966203907,0.3164437439851919,0.2685061018197272,,,2804,https://sakenowa.com/brands/2804,2026-09-28T20:22:25.447890+00:00
sn_2811,1209,亀田屋酒造店,アルプス正宗,,長野県,長野縣,,,,,,,,,,0.31515779997710347,0.5544618437930419,0.33676359626295505,0.4253853421017276,0.37460359731842446,0.3981926176165822,"鮮味,果香,清爽,酸味,甘甜,辛口,純淨,しっかり,苦味,濃厚,餘韻,蘋果,ほのか,高雅,柔らかい,優しい,華麗,平衡,穩重,清新","旨味,フルーティ,スッキリ,酸味,甘味,辛口,綺麗,しっかり,苦味,濃厚,余韻,リンゴ,ほのか,上品,柔らかい,優しい,華やか,バランス,穏やか,さわやか",2811,https://sakenowa.com/brands/2811,2026-09-28T20:22:25.448057+00:00
sn_2810,1210,岩波酒造,信濃乃國,,長野県,長野縣,,,,,,,,,,,,,,,,,,2810,https://sakenowa.com/brands/2810,2026-09-28T20:22:25.448219+00:00
sn_2813,1211,藤本酒造,神開,,滋賀県,滋賀縣,,,,,,,,,,0.37136488069858603,0.5795848625200305,0.37217272743608215,0.3693706808975903,0.21115168855659447,0.4545736881816847,"酸味,氣泡感,優格,檸檬,鮮味,果香,甘甜,清新,苦味,葡萄柚,甘酸っぱい,しっかり,ブドウ,餘韻,ラムネ,香蕉,濃厚,辛口,カラメル,輕快","酸味,ガス,ヨーグルト,レモン,旨味,フルーティ,甘味,さわやか,苦味,グレープフルーツ,甘酸っぱい,しっかり,ブドウ,余韻,ラムネ,バナナ,濃厚,辛口,カラメル,軽快",2813,https://sakenowa.com/brands/2813,2026-09-28T20:22:25.448386+00:00
sn_3937,1211,藤本酒造,桜美酒,,滋賀県,滋賀縣,,,,,,,,,,,,,,,,"ツン,濃厚,甘甜,辛口,清爽","ツン,濃厚,甘味,辛口,スッキリ",3937,https://sakenowa.com/brands/3937,2026-09-28T20:22:25.448393+00:00
sn_3938,1211,藤本酒造,神開  花 にごり 桜美酒,,滋賀県,滋賀縣,,,,,,,,,,,,,,,,"花香,櫻花,薄い,熱燗,しっかり,純淨,濃厚,苦味,甘甜","花,桜,薄い,熱燗,しっかり,綺麗,濃厚,苦味,甘味",3938,https://sakenowa.com/brands/3938,2026-09-28T20:22:25.448403+00:00
sn_2821,1212,本金,太一すっぴん,,長野県,長野縣,,,,,,,,,,,,,,,,,,2821,https://sakenowa.com/brands/2821,2026-09-28T20:22:25.448567+00:00
sn_2840,1215,橋平酒造店,をだえの橋,,宮城県,宮城縣,,,,,,,,,,,,,,,,"純淨,辛口,清爽","綺麗,辛口,スッキリ",2840,https://sakenowa.com/brands/2840,2026-09-28T20:22:25.448904+00:00
sn_2851,1217,愛友酒造,潮来,,茨城県,茨城縣,,,,,,,,,,,,,,,,,,2851,https://sakenowa.com/brands/2851,2026-09-28T20:22:25.449066+00:00
sn_4061,1217,愛友酒造,麹屋友七,,茨城県,茨城縣,,,,,,,,,,,,,,,,辛口,辛口,4061,https://sakenowa.com/brands/4061,2026-09-28T20:22:25.449072+00:00
sn_1030,1218,亀田酒造,寿萬亀,,千葉県,千葉縣,,,,,,,,,,0.28738286287719644,0.5787560517471818,0.3161467771814376,0.46844845307468214,0.308457210271482,0.40977302767725265,"鮮味,甘甜,苦味,辛口,果香,清爽,さっぱり,昔ながら,ちびちび","旨味,甘味,苦味,辛口,フルーティ,スッキリ,さっぱり,昔ながら,ちびちび",1030,https://sakenowa.com/brands/1030,2026-09-28T20:22:25.449247+00:00
sn_2854,1219,内ヶ崎酒造店,鳳陽,,宮城県,宮城縣,,,,,,,,,,0.40549719038589715,0.5621229679017784,0.2644403339974918,0.3667669527178677,0.33850902954523,0.44783339157786195,"果香,酸味,甘甜,辛口,鮮爽,清爽,鮮味,鳳梨,苦味,輕快,蘋果,しっかり,華麗,さっぱり,西洋梨,派手,ふんわり,多汁,純淨,圓潤","フルーティ,酸味,甘味,辛口,フレッシュ,スッキリ,旨味,パイナップル,苦味,軽快,リンゴ,しっかり,華やか,さっぱり,洋梨,派手,ふんわり,ジューシー,綺麗,まろやか",2854,https://sakenowa.com/brands/2854,2026-09-28T20:22:25.449415+00:00
sn_56593,1219,内ヶ崎酒造店,みちのく鬼ころし,,宮城県,宮城縣,,,,,,,,,,,,,,,,"焦糖,香蕉,哈密瓜,優格,ほのか,餘韻,果香","キャラメル,バナナ,メロン,ヨーグルト,ほのか,余韻,フルーティ",56593,https://sakenowa.com/brands/56593,2026-09-28T20:22:25.449422+00:00
sn_2856,1220,北関酒造,米の絆,,栃木県,栃木縣,,,,,,,,,,,,,,,,,,2856,https://sakenowa.com/brands/2856,2026-09-28T20:22:25.449584+00:00
sn_3029,1220,北関酒造,桜玉,,栃木県,栃木縣,,,,,,,,,,,,,,,,"さっぱり,さらり,酸味,甘甜","さっぱり,さらり,酸味,甘味",3029,https://sakenowa.com/brands/3029,2026-09-28T20:22:25.449590+00:00
sn_3645,1220,北関酒造,とくまる,,栃木県,栃木縣,,,,,,,,,,,,,,,,甘甜,甘味,3645,https://sakenowa.com/brands/3645,2026-09-28T20:22:25.449598+00:00
sn_3901,1220,北関酒造,越後杜氏直伝 純米酒 丸米仕込,,栃木県,栃木縣,,,,,,,,,,,,,,,,"さっぱり,醇厚,常溫","さっぱり,コク,常温",3901,https://sakenowa.com/brands/3901,2026-09-28T20:22:25.449603+00:00
sn_4255,1220,北関酒造,米きち,,栃木県,栃木縣,,,,,,,,,,,,,,,,"圓潤,高雅,ふくよか,醇厚,鮮味,甘甜","まろやか,上品,ふくよか,コク,旨味,甘味",4255,https://sakenowa.com/brands/4255,2026-09-28T20:22:25.449610+00:00
sn_2870,1221,元帥酒造,元帥,,鳥取県,鳥取縣,,,,,,,,,,0.1188451699516177,0.5988155903959885,0.4412127153647354,0.488527957932754,0.3091710067824224,0.31365710092639104,,,2870,https://sakenowa.com/brands/2870,2026-09-28T20:22:25.449772+00:00
sn_1326,1223,東灘醸造,鳴海,,千葉県,千葉縣,,,,,,,,,,0.4469213848358368,0.42235921604204857,0.19948711946905964,0.2552533660888359,0.26325293742485656,0.6690459383362284,"氣泡感,酸味,優格,檸檬,清新,苦味,柑橘,葡萄柚,辛口,鮮味,鮮爽,甘甜,俐落,梨子,果香,ピチピチ,清爽,哈密瓜,ほのか,輕快","ガス,酸味,ヨーグルト,レモン,さわやか,苦味,柑橘,グレープフルーツ,辛口,旨味,フレッシュ,甘味,キレ,梨,フルーティ,ピチピチ,スッキリ,メロン,ほのか,軽快",1326,https://sakenowa.com/brands/1326,2026-09-28T20:22:25.449951+00:00
sn_2877,1223,東灘醸造,東灘,,千葉県,千葉縣,,,,,,,,,,0.21001012552986828,0.4616439586919011,0.4088158214002887,0.3948819165313323,0.4598504986623911,0.45635076161599497,酸味,酸味,2877,https://sakenowa.com/brands/2877,2026-09-28T20:22:25.449960+00:00
sn_2879,1224,狩場一酒造,秀月,,兵庫県,兵庫縣,,,,,,,,,,0.24241126690265216,0.6083368770397983,0.4310521155186227,0.4211213897749659,0.25898605690945525,0.3754198886840307,"しっかり,甘甜,冷酒,鮮味,酸味,ツン,常溫,堅果,柑橘,醇厚,鮮爽","しっかり,甘味,冷酒,旨味,酸味,ツン,常温,ナッツ,柑橘,コク,フレッシュ",2879,https://sakenowa.com/brands/2879,2026-09-28T20:22:25.450128+00:00
sn_2881,1225,栄光冨士,古酒屋のひとりよがり,,山形県,山形縣,,,,,,,,,,,,,,,,,,2881,https://sakenowa.com/brands/2881,2026-09-28T20:22:25.450290+00:00
sn_2885,1226,筑紫の誉,筑紫の誉,,福岡県,福岡縣,,,,,,,,,,,,,,,,"厚重,どっしり,果香","重い,どっしり,フルーティ",2885,https://sakenowa.com/brands/2885,2026-09-28T20:22:25.450458+00:00
sn_2900,1227,野村醸造,紬美人,,茨城県,茨城縣,,,,,,,,,,,,,,,,,,2900,https://sakenowa.com/brands/2900,2026-09-28T20:22:25.450623+00:00
sn_2902,1228,岡村酒造場,千鳥正宗,,兵庫県,兵庫縣,,,,,,,,,,,,,,,,,,2902,https://sakenowa.com/brands/2902,2026-09-28T20:22:25.450785+00:00
sn_2921,1230,久米桜酒造,久米桜,,鳥取県,鳥取縣,,,,,,,,,,0.27119618421734387,0.6222337537441109,0.48151329838262313,0.40686884446305116,0.17577341950004588,0.33314287813296384,"酸味,常溫,鮮味,檸檬,苦味,熱燗,純淨,燗酒,優格,甘甜,セメダイン,しっかり,辛香料,渋み,果物,平衡,紹興酒,香蕉,香ばしい,甘酸っぱい","酸味,常温,旨味,レモン,苦味,熱燗,綺麗,燗酒,ヨーグルト,甘味,セメダイン,しっかり,スパイス,渋み,果物,バランス,紹興酒,バナナ,香ばしい,甘酸っぱい",2921,https://sakenowa.com/brands/2921,2026-09-28T20:22:25.450992+00:00
sn_2924,1231,久米仙酒造,久米仙一升瓶古酒35度,,沖縄県,沖繩縣,,,,,,,,,,,,,,,,"じっくり,華麗,醇厚,濃厚,果香,鮮味","じっくり,華やか,コク,濃厚,フルーティ,旨味",2924,https://sakenowa.com/brands/2924,2026-09-28T20:22:25.451160+00:00
sn_2927,1232,西沢藤平商店,八代目藤兵衛,,滋賀県,滋賀縣,,,,,,,,,,,,,,,,辛口,辛口,2927,https://sakenowa.com/brands/2927,2026-09-28T20:22:25.451323+00:00
sn_3026,1234,浜松酒造,出世城,,静岡県,靜岡縣,,,,,,,,,,0.20996690128655357,0.5182194116075676,0.3422951229297448,0.5732046339549435,0.3365680243371461,0.35826666496076565,"辛口,鮮味,甘甜","辛口,旨味,甘味",3026,https://sakenowa.com/brands/3026,2026-09-28T20:22:25.451486+00:00
sn_2955,1235,幡随院長兵衛,幡随院長兵衛,,佐賀県,佐賀縣,,,,,,,,,,,,,,,,"さっぱり,苦味,甘甜,酸味,鮮味","さっぱり,苦味,甘味,酸味,旨味",2955,https://sakenowa.com/brands/2955,2026-09-28T20:22:25.451655+00:00
sn_2959,1236,川辺酒造,花衣,,兵庫県,兵庫縣,,,,,,,,,,,,,,,,"蜂蜜,蜜,甘甜,果香,しっかり,鮮味,辛口,清爽","ハチミツ,蜜,甘味,フルーティ,しっかり,旨味,辛口,スッキリ",2959,https://sakenowa.com/brands/2959,2026-09-28T20:22:25.451823+00:00
sn_2975,1236,川辺酒造,悠久の酒,,兵庫県,兵庫縣,,,,,,,,,,,,,,,,,,2975,https://sakenowa.com/brands/2975,2026-09-28T20:22:25.451828+00:00
sn_2964,1237,佐藤酒造,しろうま,,滋賀県,滋賀縣,,,,,,,,,,,,,,,,"芳醇,果香,鮮味","芳醇,フルーティ,旨味",2964,https://sakenowa.com/brands/2964,2026-09-28T20:22:25.452008+00:00
sn_2981,1237,佐藤酒造,太湖,,滋賀県,滋賀縣,,,,,,,,,,,,,,,,"グイグイ,柑橘,キリリ,芳醇,清新,酸味,鮮味","グイグイ,柑橘,キリリ,芳醇,さわやか,酸味,旨味",2981,https://sakenowa.com/brands/2981,2026-09-28T20:22:25.452015+00:00
sn_56450,1237,佐藤酒造,湖濱,,滋賀県,滋賀縣,,,,,,,,,,0.2731900734932627,0.5888892753833465,0.470214838354975,0.2820154179825791,0.3390614472273133,0.4037068861169684,,,56450,https://sakenowa.com/brands/56450,2026-09-28T20:22:25.452021+00:00
sn_56451,1237,佐藤酒造,六瓢箪,,滋賀県,滋賀縣,,,,,,,,,,,,,,,,"冷酒,あっさり,スイスイ,滑順,常溫,酸味,鮮味,果香,しっかり,清爽","冷酒,あっさり,スイスイ,なめらか,常温,酸味,旨味,フルーティ,しっかり,スッキリ",56451,https://sakenowa.com/brands/56451,2026-09-28T20:22:25.452030+00:00
sn_56452,1237,佐藤酒造,生乍自由,,滋賀県,滋賀縣,,,,,,,,,,,,,,,,,,56452,https://sakenowa.com/brands/56452,2026-09-28T20:22:25.452035+00:00
sn_2965,1238,神の井酒造,神の井,,愛知県,愛知縣,,,,,,,,,,,,,,,,,,2965,https://sakenowa.com/brands/2965,2026-09-28T20:22:25.452197+00:00
sn_4155,1239,弥彦酒造,幸運,,新潟県,新潟縣,,,,,,,,,,,,,,,,"冷酒,苦味,酸味,鮮味,辛口,清爽,甘甜","冷酒,苦味,酸味,旨味,辛口,スッキリ,甘味",4155,https://sakenowa.com/brands/4155,2026-09-28T20:22:25.452364+00:00
sn_60496,1239,弥彦酒造,彌彦,,新潟県,新潟縣,,,,,,,,,,0.3581240197930881,0.3733383642333007,0.2384112236618798,0.5592717640959173,0.42501269520006185,0.42673767524640743,"辛口,華麗,鮮爽,しっかり","辛口,華やか,フレッシュ,しっかり",60496,https://sakenowa.com/brands/60496,2026-09-28T20:22:25.452371+00:00
sn_60497,1239,弥彦酒造,こしのはくせつ,,新潟県,新潟縣,,,,,,,,,,,,,,,,,,60497,https://sakenowa.com/brands/60497,2026-09-28T20:22:25.452376+00:00
sn_2971,1241,華泉酒造,奏,,島根県,島根縣,,,,,,,,,,,,,,,,濃厚,濃厚,2971,https://sakenowa.com/brands/2971,2026-09-28T20:22:25.452714+00:00
sn_3465,1241,華泉酒造,華泉,,島根県,島根縣,,,,,,,,,,,,,,,,,,3465,https://sakenowa.com/brands/3465,2026-09-28T20:22:25.452719+00:00
sn_2973,1242,小布施ワイナリー,NEUF 2014,,長野県,長野縣,,,,,,,,,,,,,,,,氣泡感,ガス,2973,https://sakenowa.com/brands/2973,2026-09-28T20:22:25.452895+00:00
sn_2978,1243,伊東酒造,横笛,,長野県,長野縣,,,,,,,,,,0.2544346754660646,0.498385094264134,0.45497169892158296,0.4433762235571868,0.3340434967108979,0.4143772600005231,"酸味,鮮味,辛口,しっかり,氣泡感,清爽,甘甜,華麗,堅果,控えめ,平衡,濃厚,常溫,穩重,苦味,さっぱり,果香,多汁,醇厚,純淨","酸味,旨味,辛口,しっかり,ガス,スッキリ,甘味,華やか,ナッツ,控えめ,バランス,濃厚,常温,穏やか,苦味,さっぱり,フルーティ,ジューシー,コク,綺麗",2978,https://sakenowa.com/brands/2978,2026-09-28T20:22:25.453068+00:00
sn_3001,1244,簸上酒造,玉鋼,,島根県,島根縣,,,,,,,,,,,,,,,,,,3001,https://sakenowa.com/brands/3001,2026-09-28T20:22:25.453230+00:00
sn_3338,1244,簸上酒造,七冠馬,,島根県,島根縣,,,,,,,,,,0.29269804766343227,0.4693718929884453,0.3071093601989505,0.44360525442674026,0.38770288874841935,0.5025958298133476,"鮮味,酸味,清爽,辛口,清新,しっかり,氣泡感,苦味,輕快,甘甜,冷酒,柔らかい,俐落,穩重,平衡,優しい,さっぱり,香蕉,常溫,起司","旨味,酸味,スッキリ,辛口,さわやか,しっかり,ガス,苦味,軽快,甘味,冷酒,柔らかい,キレ,穏やか,バランス,優しい,さっぱり,バナナ,常温,チーズ",3338,https://sakenowa.com/brands/3338,2026-09-28T20:22:25.453244+00:00
sn_3004,1245,藤村酒造,大峰山,,奈良県,奈良縣,,,,,,,,,,,,,,,,,,3004,https://sakenowa.com/brands/3004,2026-09-28T20:22:25.453412+00:00
sn_3008,1246,此の友酒造,但馬,,兵庫県,兵庫縣,,,,,,,,,,0.4049071035935636,0.5991333904794112,0.3666239093714808,0.40864855715226756,0.2513344010365341,0.3354306225469959,"果香,華麗,醇厚,煙燻,圓潤,ワイン,甘甜,酸味,鮮味","フルーティ,華やか,コク,スモーキー,まろやか,ワイン,甘味,酸味,旨味",3008,https://sakenowa.com/brands/3008,2026-09-28T20:22:25.453580+00:00
sn_50043,1246,此の友酒造,能座ほまれ,,兵庫県,兵庫縣,,,,,,,,,,,,,,,,,,50043,https://sakenowa.com/brands/50043,2026-09-28T20:22:25.453588+00:00
sn_50044,1246,此の友酒造,但馬ほまれ,,兵庫県,兵庫縣,,,,,,,,,,,,,,,,"ブドウ,渋み,濃厚,甘甜","ブドウ,渋み,濃厚,甘味",50044,https://sakenowa.com/brands/50044,2026-09-28T20:22:25.453596+00:00
sn_3016,1247,香佳鶴,香佳鶴,,兵庫県,兵庫縣,,,,,,,,,,,,,,,,"じっくり,麝香葡萄,深み,芳醇,濃厚,辛口,鮮味","じっくり,マスカット,深み,芳醇,濃厚,辛口,旨味",3016,https://sakenowa.com/brands/3016,2026-09-28T20:22:25.453777+00:00
sn_3025,1249,天野酒,花紋,,大阪府,大阪府,,,,,,,,,,,,,,,,"濃厚,甘甜,鮮味","濃厚,甘味,旨味",3025,https://sakenowa.com/brands/3025,2026-09-28T20:22:25.454110+00:00
sn_3030,1250,浜地酒造,杉能舎,,福岡県,福岡縣,,,,,,,,,,,,,,,,,,3030,https://sakenowa.com/brands/3030,2026-09-28T20:22:25.454272+00:00
sn_3031,1251,千年乃松,千年乃松,,福岡県,福岡縣,,,,,,,,,,,,,,,,,,3031,https://sakenowa.com/brands/3031,2026-09-28T20:22:25.454433+00:00
sn_3045,1252,鶴野酒造店,谷泉,,石川県,石川縣,,,,,,,,,,0.37514669637669873,0.46302976379714705,0.2596222118709918,0.35192491803390447,0.37038344035896126,0.5625208087826712,"氣泡感,鮮味,酸味,辛口,柳橙,清爽,輕快,苦味,甘甜,しっかり,純淨,果香,麝香葡萄,穩重,清新","ガス,旨味,酸味,辛口,オレンジ,スッキリ,軽快,苦味,甘味,しっかり,綺麗,フルーティ,マスカット,穏やか,さわやか",3045,https://sakenowa.com/brands/3045,2026-09-28T20:22:25.454601+00:00
sn_3052,1253,小山本家酒造 灘浜福鶴蔵,空蔵,,兵庫県,兵庫縣,,,,,,,,,,0.3369663483792343,0.6473991896585908,0.388548883460016,0.32592675909885427,0.26467161929158106,0.3742705119245025,"甘甜,鮮味,多汁","甘味,旨味,ジューシー",3052,https://sakenowa.com/brands/3052,2026-09-28T20:22:25.454766+00:00
sn_3991,1253,小山本家酒造 灘浜福鶴蔵,浜福鶴,,兵庫県,兵庫縣,,,,,,,,,,0.37125515478455584,0.6317996931580121,0.33175841138489637,0.39422257919765596,0.26250108764920316,0.358631916148633,"ワイン,甘甜,辛口,酸味,鮮味,果香,常溫,華麗,清爽,ふくよか,輕快,圓潤","ワイン,甘味,辛口,酸味,旨味,フルーティ,常温,華やか,スッキリ,ふくよか,軽快,まろやか",3991,https://sakenowa.com/brands/3991,2026-09-28T20:22:25.454775+00:00
sn_3054,1254,鷹正宗,鷹正宗,,福岡県,福岡縣,,,,,,,,,,,,,,,,,,3054,https://sakenowa.com/brands/3054,2026-09-28T20:22:25.454948+00:00
sn_3061,1255,富川酒造店,富美川,,栃木県,栃木縣,,,,,,,,,,,,,,,,,,3061,https://sakenowa.com/brands/3061,2026-09-28T20:22:25.455111+00:00
sn_3463,1255,富川酒造店,忠愛,,栃木県,栃木縣,,,,,,,,,,0.3547782603847739,0.5880467910555955,0.3358319178606688,0.39639660828553125,0.26855192859484567,0.4316246876874763,"鮮味,甘甜,苦味,果香,若い,鮮爽,氣泡感,穩定,辛口,平衡,しっかり,純淨,酸味,清爽,鳳梨,華麗,濃厚,餘韻,蜜,俐落","旨味,甘味,苦味,フルーティ,若い,フレッシュ,ガス,安定,辛口,バランス,しっかり,綺麗,酸味,スッキリ,パイナップル,華やか,濃厚,余韻,蜜,キレ",3463,https://sakenowa.com/brands/3463,2026-09-28T20:22:25.455121+00:00
sn_3073,1256,若葉,大いばり,,岐阜県,岐阜縣,,,,,,,,,,,,,,,,,,3073,https://sakenowa.com/brands/3073,2026-09-28T20:22:25.455287+00:00
sn_3331,1256,若葉,江向,,岐阜県,岐阜縣,,,,,,,,,,,,,,,,"濃厚,ツン,芳醇","濃厚,ツン,芳醇",3331,https://sakenowa.com/brands/3331,2026-09-28T20:22:25.455293+00:00
sn_27505,1256,若葉,若葉,,岐阜県,岐阜縣,,,,,,,,,,0.20383842431789462,0.5109436751442826,0.5635842070532064,0.4886268409373565,0.23859570471807118,0.289957236791094,"しっかり,煙燻,砂糖,鮮味","しっかり,スモーキー,砂糖,旨味",27505,https://sakenowa.com/brands/27505,2026-09-28T20:22:25.455299+00:00
sn_3075,1257,水谷酒造,めぐる,,愛知県,愛知縣,,,,,,,,,,,,,,,,"哈密瓜,さっぱり,辛口,果香,清爽,甘甜","メロン,さっぱり,辛口,フルーティ,スッキリ,甘味",3075,https://sakenowa.com/brands/3075,2026-09-28T20:22:25.455469+00:00
sn_3087,1258,東薫酒造,夢とまぼろしの物語,,千葉県,千葉縣,,,,,,,,,,,,,,,,"柔らかい,俐落,果香,甘甜","柔らかい,キレ,フルーティ,甘味",3087,https://sakenowa.com/brands/3087,2026-09-28T20:22:25.455631+00:00
sn_3089,1259,若乃井酒造,若乃井,,山形県,山形縣,,,,,,,,,,0.30068751079411504,0.49457699032049024,0.4315980225233723,0.5674449529475087,0.21980970812044154,0.3292319638830422,"ワイン,酸味,苦味,輕快,鮮味,圓潤","ワイン,酸味,苦味,軽快,旨味,まろやか",3089,https://sakenowa.com/brands/3089,2026-09-28T20:22:25.455797+00:00
sn_3093,1260,亀萬酒造,玄米酒,,熊本県,熊本縣,,,,,,,,,,,,,,,,,,3093,https://sakenowa.com/brands/3093,2026-09-28T20:22:25.455972+00:00
sn_121331,1260,亀萬酒造,亀萬,,熊本県,熊本縣,,,,,,,,,,0.30481896045716744,0.5647229776951213,0.3358681271383596,0.38716771319537957,0.3749176674612923,0.43000449470439533,"辛口,華麗,若い,酸味,鮮味,餘韻,苦味,冷酒,しっかり,鮮爽","辛口,華やか,若い,酸味,旨味,余韻,苦味,冷酒,しっかり,フレッシュ",121331,https://sakenowa.com/brands/121331,2026-09-28T20:22:25.455981+00:00
sn_3106,1261,中垣酒造,賜冠,,愛知県,愛知縣,,,,,,,,,,,,,,,,"昔ながら,熱燗,ふんわり,しっかり,醇厚,甘甜,圓潤,濃厚,酸味","昔ながら,熱燗,ふんわり,しっかり,コク,甘味,まろやか,濃厚,酸味",3106,https://sakenowa.com/brands/3106,2026-09-28T20:22:25.456144+00:00
sn_3111,1262,稲見酒造,葵鶴,,兵庫県,兵庫縣,,,,,,,,,,0.24691458590851798,0.5447937214368302,0.5478717675607152,0.36332786892933083,0.32231135818873835,0.32584929446039,紹興酒,紹興酒,3111,https://sakenowa.com/brands/3111,2026-09-28T20:22:25.456359+00:00
sn_3126,1263,丹山酒造,ジャポン,,京都府,京都府,,,,,,,,,,,,,,,,,,3126,https://sakenowa.com/brands/3126,2026-09-28T20:22:25.456522+00:00
sn_3648,1263,丹山酒造,竹林郡虎,,京都府,京都府,,,,,,,,,,,,,,,,"滑順,ふくよか,辛口,清爽","なめらか,ふくよか,辛口,スッキリ",3648,https://sakenowa.com/brands/3648,2026-09-28T20:22:25.456531+00:00
sn_3129,1264,八町坂酒造場,しこたま,,宮崎県,宮崎縣,,,,,,,,,,,,,,,,"甘甜,平衡,清新,辛口,清爽,酸味","甘味,バランス,さわやか,辛口,スッキリ,酸味",3129,https://sakenowa.com/brands/3129,2026-09-28T20:22:25.456695+00:00
sn_124540,1265,井出醸造店,甲斐の開運,,山梨県,山梨縣,,,,,,,,,,0.31033359970325386,0.5051788382094267,0.2937449187917869,0.4154292869974531,0.4103612918869688,0.4703439577907287,"滑順,辛口,鮮味,果香,甘甜,するする,ツン","なめらか,辛口,旨味,フルーティ,甘味,するする,ツン",124540,https://sakenowa.com/brands/124540,2026-09-28T20:22:25.456874+00:00
sn_3138,1266,丸山酒造,織星,,埼玉県,埼玉縣,,,,,,,,,,,,,,,,,,3138,https://sakenowa.com/brands/3138,2026-09-28T20:22:25.457039+00:00
sn_3235,1267,阿部酒造,あべ,,新潟県,新潟縣,,,,,,,,,,0.46084576885438383,0.5060184285585797,0.22380287842663152,0.28800785669395024,0.20996369658118305,0.5953532728528446,"氣泡感,酸味,鮮味,甘甜,苦味,優格,清新,果香,多汁,平衡,輕快,柑橘,麝香葡萄,鮮爽,葡萄柚,哈密瓜,甘酸っぱい,清爽,梨子,蘋果","ガス,酸味,旨味,甘味,苦味,ヨーグルト,さわやか,フルーティ,ジューシー,バランス,軽快,柑橘,マスカット,フレッシュ,グレープフルーツ,メロン,甘酸っぱい,スッキリ,梨,リンゴ",3235,https://sakenowa.com/brands/3235,2026-09-28T20:22:25.457207+00:00
sn_122584,1267,阿部酒造,越乃男山,,新潟県,新潟縣,,,,,,,,,,,,,,,,,,122584,https://sakenowa.com/brands/122584,2026-09-28T20:22:25.457215+00:00
sn_3150,1268,山本本家,松の翆,,京都府,京都府,,,,,,,,,,,,,,,,,,3150,https://sakenowa.com/brands/3150,2026-09-28T20:22:25.457378+00:00
sn_3184,1270,鳳鸞酒造,氷粋,,栃木県,栃木縣,,,,,,,,,,,,,,,,,,3184,https://sakenowa.com/brands/3184,2026-09-28T20:22:25.457697+00:00
sn_3191,1271,赤名酒造,とんばら,,島根県,島根縣,,,,,,,,,,,,,,,,"常溫,鮮味,甘甜","常温,旨味,甘味",3191,https://sakenowa.com/brands/3191,2026-09-28T20:22:25.457872+00:00
sn_3196,1272,Yamagata Honten,Kaori Junmai Ginjo,,山口県,山口縣,,,,,,,,,,,,,,,,,,3196,https://sakenowa.com/brands/3196,2026-09-28T20:22:25.458034+00:00
sn_3992,1272,Yamagata Honten,毛利公,,山口県,山口縣,,,,,,,,,,,,,,,,,,3992,https://sakenowa.com/brands/3992,2026-09-28T20:22:25.458042+00:00
sn_3200,1273,青木酒造,米宗,,愛知県,愛知縣,,,,,,,,,,0.15315683057853774,0.6212292549572673,0.5608377409493519,0.4057582181169957,0.2117344488858124,0.2580833546448608,"酸味,鮮味,しっかり,濃厚,常溫,優格,甘甜,渋み,紹興酒,圓潤,熱燗,ツン,辛口,氣泡感,純淨,醤油,冷酒,醇厚,俐落,力道強勁","酸味,旨味,しっかり,濃厚,常温,ヨーグルト,甘味,渋み,紹興酒,まろやか,熱燗,ツン,辛口,ガス,綺麗,醤油,冷酒,コク,キレ,力強い",3200,https://sakenowa.com/brands/3200,2026-09-28T20:22:25.458208+00:00
sn_3222,1276,隠岐酒造,隠岐誉,,島根県,島根縣,,,,,,,,,,0.23230545495629062,0.5400492899603383,0.43574662829785443,0.46484960915009216,0.3073135542501248,0.3924016261244325,"紹興酒,辛口,常溫,清爽,酸味,甘甜,苦味","紹興酒,辛口,常温,スッキリ,酸味,甘味,苦味",3222,https://sakenowa.com/brands/3222,2026-09-28T20:22:25.458529+00:00
sn_3620,1276,隠岐酒造,高正宗,,島根県,島根縣,,,,,,,,,,,,,,,,,,3620,https://sakenowa.com/brands/3620,2026-09-28T20:22:25.458535+00:00
sn_3626,1276,隠岐酒造,隠岐の海,,島根県,島根縣,,,,,,,,,,,,,,,,"辛口,熱燗,常溫,平衡,苦味,清爽","辛口,熱燗,常温,バランス,苦味,スッキリ",3626,https://sakenowa.com/brands/3626,2026-09-28T20:22:25.458541+00:00
sn_3245,1277,三原村（どぶろく特区）,椿姫の伝説,,高知県,高知縣,,,,,,,,,,,,,,,,あっさり,あっさり,3245,https://sakenowa.com/brands/3245,2026-09-28T20:22:25.458707+00:00
sn_2454,1279,君の井酒造,君の井,,新潟県,新潟縣,,,,,,,,,,0.1822988398866429,0.5952152811493071,0.3864199602203164,0.516125030287608,0.3007906665670992,0.32604515702951425,"鮮味,辛口,優格,酸味,清爽,甘甜,穩重,ふくよか,梨子,レーズン,優しい,餘韻,しっかり,醇厚,清新,常溫,俐落,芳醇,濃厚,起司","旨味,辛口,ヨーグルト,酸味,スッキリ,甘味,穏やか,ふくよか,梨,レーズン,優しい,余韻,しっかり,コク,さわやか,常温,キレ,芳醇,濃厚,チーズ",2454,https://sakenowa.com/brands/2454,2026-09-28T20:22:25.459047+00:00
sn_3259,1279,君の井酒造,恵信,,新潟県,新潟縣,,,,,,,,,,0.33614961188959397,0.4341959070175217,0.21661706723924828,0.4138121467747468,0.40611815011005686,0.5615887768369618,氣泡感,ガス,3259,https://sakenowa.com/brands/3259,2026-09-28T20:22:25.459053+00:00
sn_1620,1280,杉原酒造,射美,,岐阜県,岐阜縣,,,,,,,,,,0.39603353896682636,0.6769106317334445,0.37186721011138607,0.2955259018689209,0.19555856920291487,0.3479734157079883,"いちご,甘甜,苦味,酸味,鮮味,鳳梨,果香,濃厚,ワイン,氣泡感,平衡,多汁,俐落,華麗,しっかり,餘韻,とろみ,哈密瓜,起司,甘酸っぱい","いちご,甘味,苦味,酸味,旨味,パイナップル,フルーティ,濃厚,ワイン,ガス,バランス,ジューシー,キレ,華やか,しっかり,余韻,とろみ,メロン,チーズ,甘酸っぱい",1620,https://sakenowa.com/brands/1620,2026-09-28T20:22:25.459226+00:00
sn_3263,1280,杉原酒造,慶樹,,岐阜県,岐阜縣,,,,,,,,,,,,,,,,"鳳梨,甘酸っぱい,滑順,柔らかい,純淨,餘韻,清爽","パイナップル,甘酸っぱい,なめらか,柔らかい,綺麗,余韻,スッキリ",3263,https://sakenowa.com/brands/3263,2026-09-28T20:22:25.459233+00:00
sn_3315,1280,杉原酒造,千代乃花,,岐阜県,岐阜縣,,,,,,,,,,0.48263324450137535,0.5984635880912449,0.28946166040142657,0.32640680649086595,0.23041290160090494,0.4068008402658034,"鳳梨,花香,甘甜,哈密瓜,多汁,苦味,濃厚,俐落,鮮味,純淨,穩重,酸味,餘韻,ピリリ,果香,鮮爽,氣泡感,ミルク,高雅,起司","パイナップル,花,甘味,メロン,ジューシー,苦味,濃厚,キレ,旨味,綺麗,穏やか,酸味,余韻,ピリリ,フルーティ,フレッシュ,ガス,ミルク,上品,チーズ",3315,https://sakenowa.com/brands/3315,2026-09-28T20:22:25.459245+00:00
sn_18590,1280,杉原酒造,揖斐川,,岐阜県,岐阜縣,,,,,,,,,,0.20810794882365025,0.6961426334320633,0.5073762088415606,0.39568370805674047,0.11949672696038907,0.2092864870947779,"栗,ラム","栗,ラム",18590,https://sakenowa.com/brands/18590,2026-09-28T20:22:25.459253+00:00
sn_35287,1280,杉原酒造,杉乃井,,岐阜県,岐阜縣,,,,,,,,,,,,,,,,鳳梨,パイナップル,35287,https://sakenowa.com/brands/35287,2026-09-28T20:22:25.459258+00:00
sn_3272,1281,晴雲酒造,おがわの自然酒,,埼玉県,埼玉縣,,,,,,,,,,,,,,,,餘韻,余韻,3272,https://sakenowa.com/brands/3272,2026-09-28T20:22:25.459421+00:00
sn_3283,1282,大石酒造,翁鶴,,京都府,京都府,,,,,,,,,,0.1429542085671264,0.5871005626500515,0.5316922958961106,0.4751065039317236,0.2705274972391465,0.23080079989670982,,,3283,https://sakenowa.com/brands/3283,2026-09-28T20:22:25.459583+00:00
sn_3303,1284,相良酒造,朝日榮,,栃木県,栃木縣,,,,,,,,,,0.3866760330888498,0.40722310517366017,0.17505190448614216,0.5417553655648479,0.3436569668192935,0.49235031412748004,"俐落,櫻花,純淨,鮮味,穩重,心地よい,清爽,香蕉,酸味,辛口,優しい,甘甜,苦味,滑順,清新,哈密瓜,円やか,清涼,若い,控えめ","キレ,桜,綺麗,旨味,穏やか,心地よい,スッキリ,バナナ,酸味,辛口,優しい,甘味,苦味,なめらか,さわやか,メロン,円やか,清涼,若い,控えめ",3303,https://sakenowa.com/brands/3303,2026-09-28T20:22:25.459921+00:00
sn_3314,1285,山城屋酒造,鴻城乃誉,,山口県,山口縣,,,,,,,,,,,,,,,,"丸み,酸味,しっかり,辛口,穩重,さっぱり,清爽,鮮味","丸み,酸味,しっかり,辛口,穏やか,さっぱり,スッキリ,旨味",3314,https://sakenowa.com/brands/3314,2026-09-28T20:22:25.460088+00:00
sn_1890,1286,盛田,尾張男山,,愛知県,愛知縣,,,,,,,,,,,,,,,,,,1890,https://sakenowa.com/brands/1890,2026-09-28T20:22:25.460249+00:00
sn_3316,1286,盛田,ねのひ,,愛知県,愛知縣,,,,,,,,,,0.3092413156939414,0.5708330785120829,0.3712115453319937,0.45907314270382804,0.29113690723197544,0.3810676378964271,,,3316,https://sakenowa.com/brands/3316,2026-09-28T20:22:25.460255+00:00
sn_3497,1286,盛田,盛田,,愛知県,愛知縣,,,,,,,,,,,,,,,,"ジュース,櫻花","ジュース,桜",3497,https://sakenowa.com/brands/3497,2026-09-28T20:22:25.460260+00:00
sn_4219,1286,盛田,濱嶋,,愛知県,愛知縣,,,,,,,,,,,,,,,,清爽,スッキリ,4219,https://sakenowa.com/brands/4219,2026-09-28T20:22:25.460265+00:00
sn_4289,1286,盛田,鸞,,愛知県,愛知縣,,,,,,,,,,,,,,,,,,4289,https://sakenowa.com/brands/4289,2026-09-28T20:22:25.460272+00:00
sn_3345,1287,峰松酒造,肥前浜宿,,佐賀県,佐賀縣,,,,,,,,,,,,,,,,,,3345,https://sakenowa.com/brands/3345,2026-09-28T20:22:25.460437+00:00
sn_4110,1287,峰松酒造,峰松,,佐賀県,佐賀縣,,,,,,,,,,,,,,,,,,4110,https://sakenowa.com/brands/4110,2026-09-28T20:22:25.460442+00:00
sn_3350,1289,澤佐酒造,参宮,,三重県,三重縣,,,,,,,,,,0.3017290149880525,0.5914925691338125,0.4289659384512289,0.506821943231028,0.21698143365955294,0.26671134420764253,"ワイン,酸味","ワイン,酸味",3350,https://sakenowa.com/brands/3350,2026-09-28T20:22:25.460762+00:00
sn_3596,1289,澤佐酒造,アンブレヴェ,,三重県,三重縣,,,,,,,,,,,,,,,,,,3596,https://sakenowa.com/brands/3596,2026-09-28T20:22:25.460766+00:00
sn_4063,1289,澤佐酒造,みのわ,,三重県,三重縣,,,,,,,,,,,,,,,,,,4063,https://sakenowa.com/brands/4063,2026-09-28T20:22:25.460775+00:00
sn_3358,1291,増本藤兵衛酒造,薄桜,,滋賀県,滋賀縣,,,,,,,,,,,,,,,,,,3358,https://sakenowa.com/brands/3358,2026-09-28T20:22:25.461108+00:00
sn_2860,1293,基山商店,基峰鶴,,佐賀県,佐賀縣,,,,,,,,,,0.4001870884493392,0.5604470282843157,0.2626875937821657,0.4060678357837015,0.2790552627247755,0.46258158619448253,"氣泡感,鮮味,鮮爽,甘甜,果香,香蕉,酸味,清新,苦味,辛口,華麗,多汁,哈密瓜,清爽,しっかり,平衡,餘韻,優しい,純淨,俐落","ガス,旨味,フレッシュ,甘味,フルーティ,バナナ,酸味,さわやか,苦味,辛口,華やか,ジューシー,メロン,スッキリ,しっかり,バランス,余韻,優しい,綺麗,キレ",2860,https://sakenowa.com/brands/2860,2026-09-28T20:22:25.461433+00:00
sn_3392,1294,竹浪酒造店,七郎兵衛,,青森県,青森縣,,,,,,,,,,0.027563437703572495,0.7010218799581149,0.5328665062658479,0.4174451969617102,0.19580470315001397,0.1061220664137031,"熱燗,燗酒,紹興酒,濃厚","熱燗,燗酒,紹興酒,濃厚",3392,https://sakenowa.com/brands/3392,2026-09-28T20:22:25.461598+00:00
sn_3398,1295,菊美人酒造,菊美人,,福岡県,福岡縣,,,,,,,,,,0.3342327525716356,0.625792564839541,0.3054321425046158,0.36764698838296095,0.3109232991464458,0.4141807977270378,"哈密瓜,輕快,辛口","メロン,軽快,辛口",3398,https://sakenowa.com/brands/3398,2026-09-28T20:22:25.461760+00:00
sn_1544,1296,森本酒造,小夜衣,,静岡県,靜岡縣,,,,,,,,,,,,,,,,,,1544,https://sakenowa.com/brands/1544,2026-09-28T20:22:25.461933+00:00
sn_3403,1296,森本酒造,森本,,静岡県,靜岡縣,,,,,,,,,,0.15728825057592913,0.6345540970296326,0.4910199426392401,0.41059801262646456,0.2992908039444074,0.2708047392601105,"熱燗,鮮味,辛口","熱燗,旨味,辛口",3403,https://sakenowa.com/brands/3403,2026-09-28T20:22:25.461943+00:00
sn_3420,1298,永井本家,利根錦,,群馬県,群馬縣,,,,,,,,,,,,,,,,,,3420,https://sakenowa.com/brands/3420,2026-09-28T20:22:25.462263+00:00
sn_3431,1300,原本店,蓬莱鶴,,広島県,廣島縣,,,,,,,,,,0.3988187331045488,0.5321742649392016,0.25184513729619346,0.49390282732204294,0.2905796764172488,0.40734708234882916,醤油,醤油,3431,https://sakenowa.com/brands/3431,2026-09-28T20:22:25.462584+00:00
sn_3432,1301,白相酒造,栃茜,,栃木県,栃木縣,,,,,,,,,,0.5302453133503924,0.8079708951044968,0.010575540404559125,0.039385106075785395,0.034784343799183055,0.2512965601137302,"いちご,花香","いちご,花",3432,https://sakenowa.com/brands/3432,2026-09-28T20:22:25.462747+00:00
sn_3446,1303,渡邉酒造,旭興,,栃木県,栃木縣,,,,,,,,,,0.33459402144581346,0.5876122892127164,0.3851445027540864,0.42129593568408896,0.24571107479256174,0.39567430125997444,"鮮味,酸味,甘甜,氣泡感,苦味,平衡,俐落,鮮爽,果香,辛口,華麗,清爽,多汁,純淨,ワイン,しっかり,控えめ,餘韻,清新,カルピス","旨味,酸味,甘味,ガス,苦味,バランス,キレ,フレッシュ,フルーティ,辛口,華やか,スッキリ,ジューシー,綺麗,ワイン,しっかり,控えめ,余韻,さわやか,カルピス",3446,https://sakenowa.com/brands/3446,2026-09-28T20:22:25.463082+00:00
sn_3476,1304,木次酒造,美波太平洋,,島根県,島根縣,,,,,,,,,,,,,,,,,,3476,https://sakenowa.com/brands/3476,2026-09-28T20:22:25.463247+00:00
sn_3478,1305,山盛酒造,鷹の夢,,愛知県,愛知縣,,,,,,,,,,0.1450369676031238,0.6560163580029889,0.5640664476143956,0.3668825294073697,0.2039979417860637,0.23284739229667403,"焦糖,甘甜,鮮味","キャラメル,甘味,旨味",3478,https://sakenowa.com/brands/3478,2026-09-28T20:22:25.463410+00:00
sn_3480,1307,青砥酒造,青斗七星,,島根県,島根縣,,,,,,,,,,,,,,,,,,3480,https://sakenowa.com/brands/3480,2026-09-28T20:22:25.463729+00:00
sn_4211,1307,青砥酒造,ほろ酔いだんだん,,島根県,島根縣,,,,,,,,,,,,,,,,,,4211,https://sakenowa.com/brands/4211,2026-09-28T20:22:25.463734+00:00
sn_3485,1309,伊藤酒造,鈿女,,三重県,三重縣,,,,,,,,,,0.2401680221197813,0.6366876792090778,0.533726736107409,0.45768729659868074,0.09726429568155262,0.18206011857714913,"鮮味,堅果,高雅,醇厚","旨味,ナッツ,上品,コク",3485,https://sakenowa.com/brands/3485,2026-09-28T20:22:25.464066+00:00
sn_3498,1310,土佐酒造,桂月,,高知県,高知縣,,,,,,,,,,0.4737201346213515,0.5790801418106696,0.22839008896257998,0.2591654174440987,0.3523426359898059,0.44360043275825306,"鳳梨,果香,辛口,清爽,甘甜,酸味,華麗,鮮味,ワイン,多汁,苦味,しっかり,鮮爽,蘋果,俐落,ジュース,平衡,清新,さっぱり,氣泡感","パイナップル,フルーティ,辛口,スッキリ,甘味,酸味,華やか,旨味,ワイン,ジューシー,苦味,しっかり,フレッシュ,リンゴ,キレ,ジュース,バランス,さわやか,さっぱり,ガス",3498,https://sakenowa.com/brands/3498,2026-09-28T20:22:25.464237+00:00
sn_3506,1311,金虎酒造,純米,,愛知県,愛知縣,,,,,,,,,,,,,,,,,,3506,https://sakenowa.com/brands/3506,2026-09-28T20:22:25.464401+00:00
sn_3515,1312,寿々乃井酒造店,寿月,,福島県,福島縣,,,,,,,,,,,,,,,,,,3515,https://sakenowa.com/brands/3515,2026-09-28T20:22:25.464563+00:00
sn_3740,1312,寿々乃井酒造店,天栄山,,福島県,福島縣,,,,,,,,,,,,,,,,,,3740,https://sakenowa.com/brands/3740,2026-09-28T20:22:25.464568+00:00
sn_59574,1312,寿々乃井酒造店,寿々乃井,,福島県,福島縣,,,,,,,,,,,,,,,,,,59574,https://sakenowa.com/brands/59574,2026-09-28T20:22:25.464575+00:00
sn_1372,1313,中澤酒造,一博,,滋賀県,滋賀縣,,,,,,,,,,0.28258194930416897,0.5788392287001015,0.40362720331511504,0.48373948834465114,0.271787798323375,0.3380904761863808,"酸味,鮮味,苦味,しっかり,甘甜,哈密瓜,俐落,鮮爽,厚み,穩重,平衡,セメダイン,醇厚,ほのか,多汁","酸味,旨味,苦味,しっかり,甘味,メロン,キレ,フレッシュ,厚み,穏やか,バランス,セメダイン,コク,ほのか,ジューシー",1372,https://sakenowa.com/brands/1372,2026-09-28T20:22:25.464750+00:00
sn_3522,1313,中澤酒造,秀一,,滋賀県,滋賀縣,,,,,,,,,,,,,,,,,,3522,https://sakenowa.com/brands/3522,2026-09-28T20:22:25.464757+00:00
sn_3530,1315,富士正酒造,富士のかさ雲,,静岡県,靜岡縣,,,,,,,,,,,,,,,,"多汁,酸味,輕快,鮮味,果香,辛口,清爽,甘甜","ジューシー,酸味,軽快,旨味,フルーティ,辛口,スッキリ,甘味",3530,https://sakenowa.com/brands/3530,2026-09-28T20:22:25.465093+00:00
sn_3539,1316,初桜酒造,初桜酒造,,和歌山県,和歌山縣,,,,,,,,,,,,,,,,,,3539,https://sakenowa.com/brands/3539,2026-09-28T20:22:25.465259+00:00
sn_3541,1317,ヌグネ,裸島,,その他,,,,,,,,,,,,,,,,,"輕快,酸味,辛口,甘甜","軽快,酸味,辛口,甘味",3541,https://sakenowa.com/brands/3541,2026-09-28T20:22:25.465421+00:00
sn_3550,1318,藤娘酒造,藤娘,,高知県,高知縣,,,,,,,,,,0.14677761801937067,0.48660334322432547,0.27053743899314675,0.6494644179161451,0.3882029220452645,0.3098023119520896,辛口,辛口,3550,https://sakenowa.com/brands/3550,2026-09-28T20:22:25.465585+00:00
sn_3553,1319,木谷酒造,喜一,,兵庫県,兵庫縣,,,,,,,,,,,,,,,,"辛口,優しい,冷酒,常溫,俐落,圓潤,甘甜,酸味","辛口,優しい,冷酒,常温,キレ,まろやか,甘味,酸味",3553,https://sakenowa.com/brands/3553,2026-09-28T20:22:25.465750+00:00
sn_3555,1320,平井商店,浅茅生,,滋賀県,滋賀縣,,,,,,,,,,0.3601529802407893,0.5584970670398431,0.3364090566262759,0.3581298061440197,0.2917762617125806,0.4814659475016568,"氣泡感,酸味,鮮爽,鮮味,甘甜,焦糖,しっかり,果香,純淨,苦味,清新,蘋果,辛口,柔らかい,餘韻,冷酒,清爽,華麗,平衡,滑順","ガス,酸味,フレッシュ,旨味,甘味,キャラメル,しっかり,フルーティ,綺麗,苦味,さわやか,リンゴ,辛口,柔らかい,余韻,冷酒,スッキリ,華やか,バランス,なめらか",3555,https://sakenowa.com/brands/3555,2026-09-28T20:22:25.465938+00:00
sn_3562,1321,若林醸造,月吉野,,長野県,長野縣,,,,,,,,,,0.3711974889318271,0.44254787552117203,0.15178137925455168,0.4577035924467206,0.3875563777984505,0.5325727091046821,,,3562,https://sakenowa.com/brands/3562,2026-09-28T20:22:25.466102+00:00
sn_73784,1321,若林醸造,つきよしの,,長野県,長野縣,,,,,,,,,,0.5173439715860095,0.5272997738729992,0.23624154131734806,0.33724365114593063,0.2893987832645614,0.4483471441861263,"櫻花,華麗,酸味,果香,鮮味,甘甜,純淨,蘋果,辛口,苦味,清爽,麝香葡萄,多汁,清新,平衡,しっかり,鮮爽,優格,水蜜桃,柑橘","桜,華やか,酸味,フルーティ,旨味,甘味,綺麗,リンゴ,辛口,苦味,スッキリ,マスカット,ジューシー,さわやか,バランス,しっかり,フレッシュ,ヨーグルト,桃,柑橘",73784,https://sakenowa.com/brands/73784,2026-09-28T20:22:25.466113+00:00
sn_3563,1322,藤井酒造店,葛飾の花,,福島県,福島縣,,,,,,,,,,,,,,,,"起司,キリリ,輕快","チーズ,キリリ,軽快",3563,https://sakenowa.com/brands/3563,2026-09-28T20:22:25.466279+00:00
sn_3785,1322,藤井酒造店,南郷,,福島県,福島縣,,,,,,,,,,,,,,,,,,3785,https://sakenowa.com/brands/3785,2026-09-28T20:22:25.466284+00:00
sn_3904,1324,三春酒造,三春駒,,福島県,福島縣,,,,,,,,,,0.36164394962383684,0.5667477584325253,0.22645699847171472,0.42731363408423434,0.33747127208772276,0.44748637800114194,"清爽,辛口,櫻花,鮮味,甘甜","スッキリ,辛口,桜,旨味,甘味",3904,https://sakenowa.com/brands/3904,2026-09-28T20:22:25.466605+00:00
sn_10823,1324,三春酒造,三春五万石,,福島県,福島縣,,,,,,,,,,,,,,,,,,10823,https://sakenowa.com/brands/10823,2026-09-28T20:22:25.466611+00:00
sn_3579,1325,綾菊酒造,綾菊,,香川県,香川縣,,,,,,,,,,0.35653630632925226,0.49981851825847107,0.30828712659331475,0.41571288860561434,0.3177903652721754,0.5041968233132681,"酸味,清新,鮮味,氣泡感,鮮爽,果香,しっかり,辛口,トロピカル,輕快,俐落,穩重,甘甜,清爽,キリリ,平衡,餘韻,滑順,常溫,冷酒","酸味,さわやか,旨味,ガス,フレッシュ,フルーティ,しっかり,辛口,トロピカル,軽快,キレ,穏やか,甘味,スッキリ,キリリ,バランス,余韻,なめらか,常温,冷酒",3579,https://sakenowa.com/brands/3579,2026-09-28T20:22:25.466781+00:00
sn_3581,1326,大嶺酒造,大嶺,,山口県,山口縣,,,,,,,,,,0.5210389600772365,0.5692476455980352,0.18578156802137274,0.23967220947487208,0.14718286068653694,0.5393098984552448,"麝香葡萄,氣泡感,多汁,果香,酸味,甘甜,清新,鮮味,苦味,鮮爽,平衡,水蜜桃,餘韻,甘酸っぱい,哈密瓜,櫻花,葡萄柚,ラムネ,清爽,荔枝","マスカット,ガス,ジューシー,フルーティ,酸味,甘味,さわやか,旨味,苦味,フレッシュ,バランス,桃,余韻,甘酸っぱい,メロン,桜,グレープフルーツ,ラムネ,スッキリ,ライチ",3581,https://sakenowa.com/brands/3581,2026-09-28T20:22:25.466963+00:00
sn_4132,1326,大嶺酒造,Ohmine Junmai,,山口県,山口縣,,,,,,,,,,0.5115291335575278,0.5660743354956073,0.20828112352607744,0.25502504395634584,0.14195563536110717,0.5378918017055985,"麝香葡萄,氣泡感,果香,酸味,甘甜,鮮味,多汁,苦味,清新,甘酸っぱい,鮮爽,餘韻,平衡,櫻花,水蜜桃,荔枝,ジュース,輕快,しっかり,清爽","マスカット,ガス,フルーティ,酸味,甘味,旨味,ジューシー,苦味,さわやか,甘酸っぱい,フレッシュ,余韻,バランス,桜,桃,ライチ,ジュース,軽快,しっかり,スッキリ",4132,https://sakenowa.com/brands/4132,2026-09-28T20:22:25.466973+00:00
sn_3590,1327,高知酒造,瀧嵐,,高知県,高知縣,,,,,,,,,,0.2875511167890638,0.36439224050637414,0.2808315589618475,0.38478086822654073,0.5920568810210852,0.4550589180156559,"辛口,葡萄柚","辛口,グレープフルーツ",3590,https://sakenowa.com/brands/3590,2026-09-28T20:22:25.467137+00:00
sn_3591,1328,老松酒造,老松,,兵庫県,兵庫縣,,,,,,,,,,,,,,,,,,3591,https://sakenowa.com/brands/3591,2026-09-28T20:22:25.467299+00:00
sn_36678,1329,森戸酒造,十一正宗,,栃木県,栃木縣,,,,,,,,,,0.5973169462215411,0.3097208101227383,0.12766009169820294,0.36061955000182433,0.4016192770509354,0.4895343532160532,"櫻花,花香","桜,花",36678,https://sakenowa.com/brands/36678,2026-09-28T20:22:25.467463+00:00
sn_3601,1330,中本酒造店,山鶴,,奈良県,奈良縣,,,,,,,,,,0.3025174581488859,0.553675491298631,0.3625079775127589,0.43128710417938,0.3581801246768649,0.3952379487663042,辛口,辛口,3601,https://sakenowa.com/brands/3601,2026-09-28T20:22:25.467631+00:00
sn_3612,1331,多賀,琵琶の神龍,,滋賀県,滋賀縣,,,,,,,,,,,,,,,,,,3612,https://sakenowa.com/brands/3612,2026-09-28T20:22:25.467793+00:00
sn_124117,1331,多賀,多賀,,滋賀県,滋賀縣,,,,,,,,,,0.4822430495117941,0.5168957485855972,0.2217000157586248,0.3773982303266825,0.20511600754496329,0.5163405160351345,,,124117,https://sakenowa.com/brands/124117,2026-09-28T20:22:25.467799+00:00
sn_124433,1331,多賀,AZM,,滋賀県,滋賀縣,,,,,,,,,,,,,,,,,,124433,https://sakenowa.com/brands/124433,2026-09-28T20:22:25.467806+00:00
sn_3628,1333,蔵元やまだ,やまだ,,岐阜県,岐阜縣,,,,,,,,,,,,,,,,,,3628,https://sakenowa.com/brands/3628,2026-09-28T20:22:25.468146+00:00
sn_3643,1337,金紋秋田酒造,金紋秋田,,秋田県,秋田縣,,,,,,,,,,0.0877027699660224,0.5869037543907457,0.7534873851760177,0.24427950663987483,0.10937547650951925,0.09205159084468242,紹興酒,紹興酒,3643,https://sakenowa.com/brands/3643,2026-09-28T20:22:25.468634+00:00
sn_3650,1338,川端酒造,枡川,,埼玉県,埼玉縣,,,,,,,,,,,,,,,,,,3650,https://sakenowa.com/brands/3650,2026-09-28T20:22:25.468801+00:00
sn_3669,1339,滝沢本店,長命泉,,千葉県,千葉縣,,,,,,,,,,0.3201844122758641,0.5208200678417165,0.2751180532685034,0.4816431528200714,0.3457401434936652,0.44611891055320574,"辛口,哈密瓜,清爽","辛口,メロン,スッキリ",3669,https://sakenowa.com/brands/3669,2026-09-28T20:22:25.468976+00:00
sn_3670,1340,八鹿酒造,夫婦杉,,兵庫県,兵庫縣,,,,,,,,,,,,,,,,,,3670,https://sakenowa.com/brands/3670,2026-09-28T20:22:25.469140+00:00
sn_3671,1341,鴨庄酒造,花鳥末廣,,兵庫県,兵庫縣,,,,,,,,,,,,,,,,,,3671,https://sakenowa.com/brands/3671,2026-09-28T20:22:25.469305+00:00
sn_119671,1341,鴨庄酒造,神池,,兵庫県,兵庫縣,,,,,,,,,,0.45427586262699515,0.6572533810136513,0.21027349525416802,0.2583515920970541,0.2096858970154391,0.45466775828946443,"氣泡感,果香,多汁,柑橘","ガス,フルーティ,ジューシー,柑橘",119671,https://sakenowa.com/brands/119671,2026-09-28T20:22:25.469316+00:00
sn_3672,1342,松尾酒造,旭龍,,兵庫県,兵庫縣,,,,,,,,,,,,,,,,"果香,辛口","フルーティ,辛口",3672,https://sakenowa.com/brands/3672,2026-09-28T20:22:25.469480+00:00
sn_3673,1343,櫻酒造,櫻一文字,,兵庫県,兵庫縣,,,,,,,,,,,,,,,,,,3673,https://sakenowa.com/brands/3673,2026-09-28T20:22:25.469646+00:00
sn_3677,1344,内藤醸造,木曽三川,,愛知県,愛知縣,,,,,,,,,,0.23391648728570938,0.49080026764621626,0.7040852339414057,0.35161218843658115,0.1421065462343446,0.25463062671284736,味噌,味噌,3677,https://sakenowa.com/brands/3677,2026-09-28T20:22:25.469810+00:00
sn_3697,1345,飛龍酒造,筑後川,,福岡県,福岡縣,,,,,,,,,,,,,,,,,,3697,https://sakenowa.com/brands/3697,2026-09-28T20:22:25.469986+00:00
sn_3708,1346,内木酒造,旭正宗,,埼玉県,埼玉縣,,,,,,,,,,,,,,,,,,3708,https://sakenowa.com/brands/3708,2026-09-28T20:22:25.470150+00:00
sn_3714,1347,神杉酒造,神杉,,愛知県,愛知縣,,,,,,,,,,0.1880675733701589,0.6698035673008002,0.4308244455291533,0.3334140131095505,0.3702018021008038,0.286652730312798,芳醇,芳醇,3714,https://sakenowa.com/brands/3714,2026-09-28T20:22:25.470314+00:00
sn_3716,1348,Kinotsukasa Shuzou,Demon Killer,,和歌山県,和歌山縣,,,,,,,,,,,,,,,,,,3716,https://sakenowa.com/brands/3716,2026-09-28T20:22:25.470475+00:00
sn_3737,1349,岩村醸造,女城主,,岐阜県,岐阜縣,,,,,,,,,,0.24152622362327153,0.5801150109333045,0.2877510187548769,0.4571723389816808,0.3787299498799433,0.4121748247183696,"辛口,鮮味,甘甜,酸味,清爽,冷酒,さらり,ほのか,果香,さっぱり,常溫,昔ながら,鮮爽","辛口,旨味,甘味,酸味,スッキリ,冷酒,さらり,ほのか,フルーティ,さっぱり,常温,昔ながら,フレッシュ",3737,https://sakenowa.com/brands/3737,2026-09-28T20:22:25.470641+00:00
sn_3742,1350,窪田酒造,勝鹿,,千葉県,千葉縣,,,,,,,,,,,,,,,,,,3742,https://sakenowa.com/brands/3742,2026-09-28T20:22:25.470804+00:00
sn_3743,1351,岡田屋本店,和韻,,島根県,島根縣,,,,,,,,,,,,,,,,酸味,酸味,3743,https://sakenowa.com/brands/3743,2026-09-28T20:22:25.470991+00:00
sn_3747,1352,藤井酒造,白狼,,鳥取県,鳥取縣,,,,,,,,,,,,,,,,"ちびちび,心地よい,高雅,控えめ,餘韻,圓潤,辛口,甘甜","ちびちび,心地よい,上品,控えめ,余韻,まろやか,辛口,甘味",3747,https://sakenowa.com/brands/3747,2026-09-28T20:22:25.471162+00:00
sn_3751,1353,瀬頭酒造,東長,,佐賀県,佐賀縣,,,,,,,,,,0.4703386765390446,0.592339501967713,0.27064481218269737,0.3710239584135718,0.20029966200491947,0.4205806665582398,"華麗,甘甜,果香,清新,鳳梨,鮮味,酸味,哈密瓜,鮮爽,氣泡感,清爽,柔らかい,しっかり,優しい,輕快,多汁,餘韻,冷酒,苦味,蘋果","華やか,甘味,フルーティ,さわやか,パイナップル,旨味,酸味,メロン,フレッシュ,ガス,スッキリ,柔らかい,しっかり,優しい,軽快,ジューシー,余韻,冷酒,苦味,リンゴ",3751,https://sakenowa.com/brands/3751,2026-09-28T20:22:25.471332+00:00
sn_3764,1354,小手川酒造,宗麟,,大分県,大分縣,,,,,,,,,,,,,,,,,,3764,https://sakenowa.com/brands/3764,2026-09-28T20:22:25.471496+00:00
sn_3765,1355,サリモスどぶろく製造所,濁酒(赤),,大分県,大分縣,,,,,,,,,,,,,,,,清新,さわやか,3765,https://sakenowa.com/brands/3765,2026-09-28T20:22:25.471659+00:00
sn_3767,1356,木村酒造,富豪の泉,,群馬県,群馬縣,,,,,,,,,,,,,,,,辛口,辛口,3767,https://sakenowa.com/brands/3767,2026-09-28T20:22:25.471826+00:00
sn_3776,1357,田中酒造店,水尾,,長野県,長野縣,,,,,,,,,,0.35198440525642216,0.5194187255889112,0.28161103437660046,0.3522555007035594,0.39478235936338973,0.49706070277258413,"辛口,清爽,鮮味,酸味,哈密瓜,俐落,果香,氣泡感,輕快,甘甜,清新,香蕉,苦味,さっぱり,しっかり,純淨,醇厚,ラムネ,スイスイ,ほのか","辛口,スッキリ,旨味,酸味,メロン,キレ,フルーティ,ガス,軽快,甘味,さわやか,バナナ,苦味,さっぱり,しっかり,綺麗,コク,ラムネ,スイスイ,ほのか",3776,https://sakenowa.com/brands/3776,2026-09-28T20:22:25.472008+00:00
sn_1279,1358,富士錦酒造,富士錦,,静岡県,靜岡縣,,,,,,,,,,0.2988689308476158,0.4894235194013665,0.3591231912756111,0.4350314031966025,0.3959071823191443,0.44291951361360804,"清爽,辛口,味噌,鮮味,キリリ,甘甜,しっかり,果香,常溫,俐落,渋み,圓潤,柔らかい,華麗,鮮爽,輕快,穀物,ツン,醇厚,花香","スッキリ,辛口,味噌,旨味,キリリ,甘味,しっかり,フルーティ,常温,キレ,渋み,まろやか,柔らかい,華やか,フレッシュ,軽快,穀物,ツン,コク,花",1279,https://sakenowa.com/brands/1279,2026-09-28T20:22:25.472189+00:00
sn_3779,1358,富士錦酒造,はこね,,静岡県,靜岡縣,,,,,,,,,,,,,,,,辛口,辛口,3779,https://sakenowa.com/brands/3779,2026-09-28T20:22:25.472194+00:00
sn_3822,1358,富士錦酒造,逆さ富士,,静岡県,靜岡縣,,,,,,,,,,,,,,,,"円やか,起司,鮮味,辛口","円やか,チーズ,旨味,辛口",3822,https://sakenowa.com/brands/3822,2026-09-28T20:22:25.472200+00:00
sn_3911,1358,富士錦酒造,伊豆山々,,静岡県,靜岡縣,,,,,,,,,,,,,,,,"紹興酒,味噌,あっさり,ピリリ,芳醇,冷酒,酸味,辛口,甘甜,清爽","紹興酒,味噌,あっさり,ピリリ,芳醇,冷酒,酸味,辛口,甘味,スッキリ",3911,https://sakenowa.com/brands/3911,2026-09-28T20:22:25.472210+00:00
sn_124426,1358,富士錦酒造,あたみ,,静岡県,靜岡縣,,,,,,,,,,,,,,,,"辛口,さっぱり,しっかり,あっさり,スイスイ,清爽,ふくよか,常溫,鮮味,甘甜","辛口,さっぱり,しっかり,あっさり,スイスイ,スッキリ,ふくよか,常温,旨味,甘味",124426,https://sakenowa.com/brands/124426,2026-09-28T20:22:25.472227+00:00
sn_3786,1359,佐藤酒造,出羽の冨士,,秋田県,秋田縣,,,,,,,,,,0.34324471262968886,0.6231895310118459,0.3595451232172857,0.4740232420402778,0.2582850824604733,0.2704366140959375,"鮮爽,鮮味,華麗,果香,苦味,蘋果,多汁","フレッシュ,旨味,華やか,フルーティ,苦味,リンゴ,ジューシー",3786,https://sakenowa.com/brands/3786,2026-09-28T20:22:25.472397+00:00
sn_3793,1359,佐藤酒造,出羽の富士,,秋田県,秋田縣,,,,,,,,,,,,,,,,,,3793,https://sakenowa.com/brands/3793,2026-09-28T20:22:25.472402+00:00
sn_3802,1360,森民酒造,森泉,,宮城県,宮城縣,,,,,,,,,,,,,,,,じっくり,じっくり,3802,https://sakenowa.com/brands/3802,2026-09-28T20:22:25.472569+00:00
sn_3803,1360,森民酒造,森泉 甘酸美味,,宮城県,宮城縣,,,,,,,,,,,,,,,,"濃厚,辛口","濃厚,辛口",3803,https://sakenowa.com/brands/3803,2026-09-28T20:22:25.472575+00:00
sn_3849,1361,千年一酒造,千代の縁,,兵庫県,兵庫縣,,,,,,,,,,,,,,,,,,3849,https://sakenowa.com/brands/3849,2026-09-28T20:22:25.472757+00:00
sn_3853,1362,山路酒造,北国街道,,滋賀県,滋賀縣,,,,,,,,,,0.27553266745975047,0.46480456308836277,0.40860880878908235,0.5799539415297282,0.32719734474469514,0.31252621005424747,鮮味,旨味,3853,https://sakenowa.com/brands/3853,2026-09-28T20:22:25.472952+00:00
sn_3862,1363,角口酒造店,北光正宗,,長野県,長野縣,,,,,,,,,,0.2912940259905841,0.4276027467365507,0.2182434913748916,0.4453088163958722,0.4896087538695473,0.49664553360769126,"辛口,清爽,鮮味,俐落,餘韻,輕快,酸味,苦味,甘甜,さっぱり,穩重,氣泡感,芳香,華麗,常溫,純淨,香蕉,平衡,しっかり,優しい","辛口,スッキリ,旨味,キレ,余韻,軽快,酸味,苦味,甘味,さっぱり,穏やか,ガス,芳香,華やか,常温,綺麗,バナナ,バランス,しっかり,優しい",3862,https://sakenowa.com/brands/3862,2026-09-28T20:22:25.473120+00:00
sn_117990,1364,大澤本家酒造,寳娘,,兵庫県,兵庫縣,,,,,,,,,,0.15054931573539845,0.5776275690278934,0.5166890032633478,0.48014073118029965,0.29305406559935276,0.24555643309552155,濃厚,濃厚,117990,https://sakenowa.com/brands/117990,2026-09-28T20:22:25.473283+00:00
sn_3873,1365,地酒屋五十嵐酒店,壱醸,,新潟県,新潟縣,,,,,,,,,,,,,,,,,,3873,https://sakenowa.com/brands/3873,2026-09-28T20:22:25.473446+00:00
sn_3951,1367,山田酒造,醉泉,,愛知県,愛知縣,,,,,,,,,,,,,,,,,,3951,https://sakenowa.com/brands/3951,2026-09-28T20:22:25.473771+00:00
sn_4312,1368,東の麓酒造,東の麓,,山形県,山形縣,,,,,,,,,,0.30399401750247573,0.5786248703794116,0.3268697259271899,0.4577959362698759,0.3533285955866471,0.36265529535490426,"辛口,常溫,清爽,甘甜,果香,鮮味,冷酒,清新,華麗,酸味,苦味","辛口,常温,スッキリ,甘味,フルーティ,旨味,冷酒,さわやか,華やか,酸味,苦味",4312,https://sakenowa.com/brands/4312,2026-09-28T20:22:25.473954+00:00
sn_7920,1368,東の麓酒造,天弓,,山形県,山形縣,,,,,,,,,,0.4687232005075236,0.5442627832573559,0.21713051452864332,0.4034016249640943,0.30044361933250363,0.42887257350660785,"櫻花,甘甜,清爽,葡萄柚,果香,酸味,蘋果","桜,甘味,スッキリ,グレープフルーツ,フルーティ,酸味,リンゴ",7920,https://sakenowa.com/brands/7920,2026-09-28T20:22:25.473964+00:00
sn_3979,1369,和饗酒造,笑亀,,長野県,長野縣,,,,,,,,,,,,,,,,,,3979,https://sakenowa.com/brands/3979,2026-09-28T20:22:25.474127+00:00
sn_72738,1369,和饗酒造,和饗,,長野県,長野縣,,,,,,,,,,,,,,,,,,72738,https://sakenowa.com/brands/72738,2026-09-28T20:22:25.474132+00:00
sn_72739,1369,和饗酒造,吉村,,長野県,長野縣,,,,,,,,,,,,,,,,"ほのか,常溫,圓潤,酸味,鮮味,果香,清爽","ほのか,常温,まろやか,酸味,旨味,フルーティ,スッキリ",72739,https://sakenowa.com/brands/72739,2026-09-28T20:22:25.474141+00:00
sn_4018,1371,大坪酒造,飛騨娘,,岐阜県,岐阜縣,,,,,,,,,,,,,,,,"清爽,さっぱり,圓潤,甘甜","スッキリ,さっぱり,まろやか,甘味",4018,https://sakenowa.com/brands/4018,2026-09-28T20:22:25.474467+00:00
sn_4032,1373,山ニわたなべ,小樽の女,,北海道,北海道,,,,,,,,,,,,,,,,,,4032,https://sakenowa.com/brands/4032,2026-09-28T20:22:25.474787+00:00
sn_4035,1374,山岡酒造,月の観音,,滋賀県,滋賀縣,,,,,,,,,,,,,,,,,,4035,https://sakenowa.com/brands/4035,2026-09-28T20:22:25.474972+00:00
sn_4039,1375,山中酒造,葵天下,,静岡県,靜岡縣,,,,,,,,,,0.26011126984152877,0.5502661287696698,0.4084592021934155,0.4787668509863138,0.34594678818750096,0.33736258997284807,"鮮味,辛口,清爽,柔らかい,優しい,餘韻,醇厚,甘甜","旨味,辛口,スッキリ,柔らかい,優しい,余韻,コク,甘味",4039,https://sakenowa.com/brands/4039,2026-09-28T20:22:25.475136+00:00
sn_4045,1376,はざま酒造,恵那山,,岐阜県,岐阜縣,,,,,,,,,,0.4411698484913387,0.6284470688749735,0.2741556354639007,0.3579743991541558,0.20282520317243355,0.4074044678894067,"果香,苦味,甘甜,華麗,香蕉,栗,鮮爽,鮮味,餘韻,清爽,多汁,酸味,純淨,若い,平衡,哈密瓜,しっかり,輕快,麝香葡萄,濃厚","フルーティ,苦味,甘味,華やか,バナナ,栗,フレッシュ,旨味,余韻,スッキリ,ジューシー,酸味,綺麗,若い,バランス,メロン,しっかり,軽快,マスカット,濃厚",4045,https://sakenowa.com/brands/4045,2026-09-28T20:22:25.475304+00:00
sn_4050,1377,藤居本家,旭日,,滋賀県,滋賀縣,,,,,,,,,,0.20525761791241673,0.5982347849907732,0.35565782011628644,0.4848946478051907,0.3178080981247628,0.3706307604642339,"飴,鮮味,辛口,甘甜,鮮爽,酸味,果香,清爽,冷酒,ちびちび,濃厚,しっかり","飴,旨味,辛口,甘味,フレッシュ,酸味,フルーティ,スッキリ,冷酒,ちびちび,濃厚,しっかり",4050,https://sakenowa.com/brands/4050,2026-09-28T20:22:25.475470+00:00
sn_4055,1378,山陽鶴酒造,山陽鶴,,広島県,廣島縣,,,,,,,,,,0.2834476096236244,0.5432844061930078,0.43560534789305094,0.45226515857614935,0.3324701478856726,0.34592963818688294,,,4055,https://sakenowa.com/brands/4055,2026-09-28T20:22:25.475633+00:00
sn_4103,1380,灘菊酒造,一辛,,兵庫県,兵庫縣,,,,,,,,,,,,,,,,,,4103,https://sakenowa.com/brands/4103,2026-09-28T20:22:25.475794+00:00
sn_4108,1381,清水屋酒造,栄万寿,,群馬県,群馬縣,,,,,,,,,,,,,,,,"ワイン,複雜","ワイン,複雑",4108,https://sakenowa.com/brands/4108,2026-09-28T20:22:25.475973+00:00
sn_4111,1382,上田酒造,嬉長,,奈良県,奈良縣,,,,,,,,,,0.20080191142448459,0.5668061445181424,0.45765063169411835,0.5164670823495335,0.2571884982313755,0.3099695395382854,"鮮味,酸味,甘甜,しっかり,辛口,濃厚,清爽,優しい,優格,醇厚,熱燗,純淨,圓潤,荔枝,果香","旨味,酸味,甘味,しっかり,辛口,濃厚,スッキリ,優しい,ヨーグルト,コク,熱燗,綺麗,まろやか,ライチ,フルーティ",4111,https://sakenowa.com/brands/4111,2026-09-28T20:22:25.476141+00:00
sn_4128,1384,ひらしま酒店,電光石火,,福岡県,福岡縣,,,,,,,,,,,,,,,,,,4128,https://sakenowa.com/brands/4128,2026-09-28T20:22:25.476462+00:00
sn_4202,1386,平野醸造,母情,,岐阜県,岐阜縣,,,,,,,,,,,,,,,,,,4202,https://sakenowa.com/brands/4202,2026-09-28T20:22:25.476623+00:00
sn_4204,1387,日吉酒造店,おれの酒,,石川県,石川縣,,,,,,,,,,,,,,,,,,4204,https://sakenowa.com/brands/4204,2026-09-28T20:22:25.476785+00:00
sn_4198,1388,山縣本店,かほり,,山口県,山口縣,,,,,,,,,,,,,,,,,,4198,https://sakenowa.com/brands/4198,2026-09-28T20:22:25.476958+00:00
sn_82624,1388,山縣本店,山縣,,山口県,山口縣,,,,,,,,,,0.22956388728964958,0.43914259467751204,0.4069953409646252,0.41455543085308183,0.5199723585742845,0.38285968277473037,"辛口,厚み","辛口,厚み",82624,https://sakenowa.com/brands/82624,2026-09-28T20:22:25.476966+00:00
sn_82625,1388,山縣本店,防長鶴,,山口県,山口縣,,,,,,,,,,0.379513417980347,0.4997956379741265,0.2833934769804768,0.31004488647855216,0.47056669002742285,0.4564002428186948,"辛口,鮮味,酸味,氣泡感,水蜜桃,清新,華麗,俐落,果香,甘甜,蘋果,しっかり","辛口,旨味,酸味,ガス,桃,さわやか,華やか,キレ,フルーティ,甘味,リンゴ,しっかり",82625,https://sakenowa.com/brands/82625,2026-09-28T20:22:25.476974+00:00
sn_4246,1390,片山酒造,柏盛,,栃木県,栃木縣,,,,,,,,,,0.23159283498674893,0.6112543670925059,0.3362570675824321,0.42341463833014487,0.36671867992673474,0.3819705431503194,,,4246,https://sakenowa.com/brands/4246,2026-09-28T20:22:25.477137+00:00
sn_4258,1391,苗場酒造,苗場山,,新潟県,新潟縣,,,,,,,,,,0.3194177965587863,0.5429425523799898,0.40397048825316656,0.40064252298985475,0.3449792798655894,0.40058502956659886,"櫻花,鮮味,清爽,辛口,甘甜,優格,酸味,果香,滑順","桜,旨味,スッキリ,辛口,甘味,ヨーグルト,酸味,フルーティ,なめらか",4258,https://sakenowa.com/brands/4258,2026-09-28T20:22:25.477303+00:00
sn_41721,1391,苗場酒造,ゆきのまゆ（醸す森）,,新潟県,新潟縣,,,,,,,,,,0.509154451360902,0.5248379851573012,0.20594496092458592,0.23013250275052402,0.14535353573310264,0.5905970605182859,"氣泡感,優格,果香,酸味,甘甜,荔枝,カルピス,ジュース,鳳梨,甘酸っぱい,多汁,苦味,鮮爽,清新,葡萄柚,西洋梨,鮮味,ワイン,柑橘,平衡","ガス,ヨーグルト,フルーティ,酸味,甘味,ライチ,カルピス,ジュース,パイナップル,甘酸っぱい,ジューシー,苦味,フレッシュ,さわやか,グレープフルーツ,洋梨,旨味,ワイン,柑橘,バランス",41721,https://sakenowa.com/brands/41721,2026-09-28T20:22:25.477315+00:00
sn_123906,1391,苗場酒造,深然,,新潟県,新潟縣,,,,,,,,,,0.4747373108358765,0.5957319777882776,0.23965206107129444,0.4003796484693375,0.1788051770747418,0.4123343688172354,"水蜜桃,酸味,西洋梨,果香,蘋果,高雅,蜜,甘甜,優格,清爽,輕快,芳醇","桃,酸味,洋梨,フルーティ,リンゴ,上品,蜜,甘味,ヨーグルト,スッキリ,軽快,芳醇",123906,https://sakenowa.com/brands/123906,2026-09-28T20:22:25.477325+00:00
sn_4267,1393,大谷忠吉本店,登龍,,福島県,福島縣,,,,,,,,,,,,,,,,,,4267,https://sakenowa.com/brands/4267,2026-09-28T20:22:25.477486+00:00
sn_1360,1394,福美人酒造,福美人,,広島県,廣島縣,,,,,,,,,,0.36466825800389235,0.6115520356380091,0.267143182178244,0.4543943369392861,0.28197766612734,0.3683341850683701,"甘甜,果香,鮮味,優しい,清爽,しっかり","甘味,フルーティ,旨味,優しい,スッキリ,しっかり",1360,https://sakenowa.com/brands/1360,2026-09-28T20:22:25.477664+00:00
sn_4286,1395,玉水酒造,神力,,福岡県,福岡縣,,,,,,,,,,,,,,,,,,4286,https://sakenowa.com/brands/4286,2026-09-28T20:22:25.477829+00:00
sn_4326,1397,金升酒造,初花,,新潟県,新潟縣,,,,,,,,,,,,,,,,,,4326,https://sakenowa.com/brands/4326,2026-09-28T20:22:25.478159+00:00
sn_122916,1399,柄酒造,於多福,,広島県,廣島縣,,,,,,,,,,0.3555631928183123,0.40044873174689377,0.1925515244838203,0.3707005102703742,0.39999087610918643,0.6154087830773936,"鮮爽,氣泡感,酸味","フレッシュ,ガス,酸味",122916,https://sakenowa.com/brands/122916,2026-09-28T20:22:25.478479+00:00
sn_76664,1401,森酒造店,飛鶴,,千葉県,千葉縣,,,,,,,,,,,,,,,,,,76664,https://sakenowa.com/brands/76664,2026-09-28T20:22:25.478800+00:00
sn_120277,1402,梅美人酒造,梅美人,,愛媛県,愛媛縣,,,,,,,,,,,,,,,,花香,花,120277,https://sakenowa.com/brands/120277,2026-09-28T20:22:25.478977+00:00
sn_4439,1403,青木酒造,御慶事,,茨城県,茨城縣,,,,,,,,,,0.38689227141917104,0.553722679742254,0.2830610676900754,0.3740685988947453,0.3498149000295038,0.44864709433094124,"氣泡感,果香,甘甜,華麗,多汁,ピリリ,清新,酸味,鮮味,清爽,平衡,しっかり,辛口,鮮爽,哈密瓜,苦味,ふくよか,餘韻,濃厚,純淨","ガス,フルーティ,甘味,華やか,ジューシー,ピリリ,さわやか,酸味,旨味,スッキリ,バランス,しっかり,辛口,フレッシュ,メロン,苦味,ふくよか,余韻,濃厚,綺麗",4439,https://sakenowa.com/brands/4439,2026-09-28T20:22:25.479147+00:00
sn_1335,1413,小松酒造,万齢,,佐賀県,佐賀縣,,,,,,,,,,0.2711802401097421,0.5521241526773071,0.3922686933528199,0.38533967997941143,0.3685744213039329,0.42826591810870884,"辛口,鮮味,甘甜,氣泡感,酸味,さっぱり,しっかり,苦味,清爽,果香,鮮爽,平衡,俐落,冷酒,濃厚,ふくよか,常溫,優格,清新,哈密瓜","辛口,旨味,甘味,ガス,酸味,さっぱり,しっかり,苦味,スッキリ,フルーティ,フレッシュ,バランス,キレ,冷酒,濃厚,ふくよか,常温,ヨーグルト,さわやか,メロン",1335,https://sakenowa.com/brands/1335,2026-09-28T20:22:25.480582+00:00
sn_3249,1414,会津錦,会津錦,,福島県,福島縣,,,,,,,,,,0.08271766140909645,0.5490330898694515,0.5191597252935983,0.4653188076915667,0.39844204564619023,0.21660096449985297,,,3249,https://sakenowa.com/brands/3249,2026-09-28T20:22:25.480745+00:00
sn_1138,1421,三光正宗,三光正宗,,岡山県,岡山縣,,,,,,,,,,0.10304070681739315,0.594547213057642,0.6000404393279757,0.3272879528344541,0.32681935846298,0.24883608704995194,"醤油,濃厚,辛口,どっしり,鮮味","醤油,濃厚,辛口,どっしり,旨味",1138,https://sakenowa.com/brands/1138,2026-09-28T20:22:25.481875+00:00
sn_1394,1421,三光正宗,克正,,岡山県,岡山縣,,,,,,,,,,,,,,,,醤油,醤油,1394,https://sakenowa.com/brands/1394,2026-09-28T20:22:25.481881+00:00
sn_69486,1421,三光正宗,三光,,岡山県,岡山縣,,,,,,,,,,,,,,,,ツン,ツン,69486,https://sakenowa.com/brands/69486,2026-09-28T20:22:25.481890+00:00
sn_69487,1421,三光正宗,三光天賦,,岡山県,岡山縣,,,,,,,,,,0.07292413348011906,0.46709479545913196,0.6857766889513144,0.5296382981958438,0.08589222114523325,0.1353538146233277,"どっしり,辛香,穀物,マイルド","どっしり,スパイシー,穀物,マイルド",69487,https://sakenowa.com/brands/69487,2026-09-28T20:22:25.481897+00:00
sn_69488,1421,三光正宗,三光蛇形,,岡山県,岡山縣,,,,,,,,,,,,,,,,,,69488,https://sakenowa.com/brands/69488,2026-09-28T20:22:25.481902+00:00
sn_122582,1422,八巻酒造店,甲斐男山,,山梨県,山梨縣,,,,,,,,,,,,,,,,,,122582,https://sakenowa.com/brands/122582,2026-09-28T20:22:25.482064+00:00
sn_72735,1425,山三酒造,山三,,長野県,長野縣,,,,,,,,,,0.4625080021291433,0.5007690993423279,0.22718116826603296,0.3169978514587963,0.24399614119662572,0.5689319987022402,"氣泡感,苦味,酸味,鮮爽,鮮味,果香,甘甜,平衡,清新,甘酸っぱい,柑橘,多汁,蘋果,純淨,餘韻,控えめ,輕快,ブドウ,優しい,麝香葡萄","ガス,苦味,酸味,フレッシュ,旨味,フルーティ,甘味,バランス,さわやか,甘酸っぱい,柑橘,ジューシー,リンゴ,綺麗,余韻,控えめ,軽快,ブドウ,優しい,マスカット",72735,https://sakenowa.com/brands/72735,2026-09-28T20:22:25.482543+00:00
sn_72736,1425,山三酒造,真田六文銭,,長野県,長野縣,,,,,,,,,,0.2596536392246117,0.38945405368087027,0.30852953330898547,0.3592312729844011,0.5035616721887999,0.5505393624415234,氣泡感,ガス,72736,https://sakenowa.com/brands/72736,2026-09-28T20:22:25.482551+00:00
sn_112894,1427,武蔵野酒造,スキー正宗,,新潟県,新潟縣,,,,,,,,,,0.4214242277664826,0.5081227813851664,0.26163485067706865,0.41105868651660615,0.28034582671027947,0.498193775438219,"優格,ワイン","ヨーグルト,ワイン",112894,https://sakenowa.com/brands/112894,2026-09-28T20:22:25.482721+00:00
sn_125084,1432,五條酒造,五神,,奈良県,奈良縣,,,,,,,,,,0.2384372167447568,0.5926450527217679,0.38154084942678795,0.4782700437546858,0.2946051368573174,0.3616789929734436,鮮味,旨味,125084,https://sakenowa.com/brands/125084,2026-09-28T20:22:25.483520+00:00
sn_4831,1435,矢尾酒造,鈴正宗,,滋賀県,滋賀縣,,,,,,,,,,0.42175812624989584,0.668697951097187,0.28190774750859626,0.3108947897312704,0.20298831584440452,0.3970281203943017,"鳳梨,酸味","パイナップル,酸味",4831,https://sakenowa.com/brands/4831,2026-09-28T20:22:25.484009+00:00
sn_14134,1436,瀬古酒造,忍者,,滋賀県,滋賀縣,,,,,,,,,,0.30434828788638546,0.5568992314694736,0.3962689006106449,0.3832098361294531,0.3750864215229775,0.39072589105521394,"酸味,鮮味,辛口,しっかり,果香,穀物,甘甜,純淨,苦味,醇厚,複雜,鳳梨","酸味,旨味,辛口,しっかり,フルーティ,穀物,甘味,綺麗,苦味,コク,複雑,パイナップル",14134,https://sakenowa.com/brands/14134,2026-09-28T20:22:25.484179+00:00
sn_82385,1439,沓掛酒造,福無量,,長野県,長野縣,,,,,,,,,,0.3969906349961163,0.5759631910486811,0.2598368313313542,0.413737568639048,0.34829865363355195,0.38814807939726587,鮮味,旨味,82385,https://sakenowa.com/brands/82385,2026-09-28T20:22:25.484664+00:00
sn_82386,1439,沓掛酒造,互,,長野県,長野縣,,,,,,,,,,0.3388784939239756,0.5310759629444347,0.3630032927682319,0.357394935788221,0.38309019471207256,0.4436880209857827,"酸味,蘋果,氣泡感,鮮味,清新,辛口,鮮爽,哈密瓜,甘甜,カルピス,まったり,しっかり,渋み,苦味,ちびちび,優格,果香,さっぱり","酸味,リンゴ,ガス,旨味,さわやか,辛口,フレッシュ,メロン,甘味,カルピス,まったり,しっかり,渋み,苦味,ちびちび,ヨーグルト,フルーティ,さっぱり",82386,https://sakenowa.com/brands/82386,2026-09-28T20:22:25.484674+00:00
sn_3717,1440,有賀醸造,陣屋,,福島県,福島縣,,,,,,,,,,0.38892391510940943,0.4407238711149692,0.25078553412643556,0.33063993167508704,0.4379602110065544,0.5389576631937905,"氣泡感,鮮爽,辛口,苦味,ミルク,華麗,甘甜,鮮味,酸味,多汁,ワイン,平衡,さっぱり,俐落,蘋果,清新,果香","ガス,フレッシュ,辛口,苦味,ミルク,華やか,甘味,旨味,酸味,ジューシー,ワイン,バランス,さっぱり,キレ,リンゴ,さわやか,フルーティ",3717,https://sakenowa.com/brands/3717,2026-09-28T20:22:25.484841+00:00
sn_43675,1440,有賀醸造,生粋左馬,,福島県,福島縣,,,,,,,,,,0.4037352808598413,0.4448280386286233,0.19541899739573956,0.36701916294531783,0.26988057589371256,0.6272150056255648,"氣泡感,鮮味,苦味,酸味,甘甜,果香,平衡,鮮爽,純淨,俐落,辛口,輕快,多汁,心地よい,優しい,清新,しっかり,清爽,マイルド,カルピス","ガス,旨味,苦味,酸味,甘味,フルーティ,バランス,フレッシュ,綺麗,キレ,辛口,軽快,ジューシー,心地よい,優しい,さわやか,しっかり,スッキリ,マイルド,カルピス",43675,https://sakenowa.com/brands/43675,2026-09-28T20:22:25.484866+00:00
sn_81523,1447,東飯田酒造店,本老の松,,長野県,長野縣,,,,,,,,,,0.412942130677013,0.6494215061126004,0.3266615637532555,0.2840989498978938,0.2718692519265665,0.3826194237103643,"鳳梨,酸味","パイナップル,酸味",81523,https://sakenowa.com/brands/81523,2026-09-28T20:22:25.485986+00:00
sn_112893,1447,東飯田酒造店,小松原 弦戯,,長野県,長野縣,,,,,,,,,,,,,,,,,,112893,https://sakenowa.com/brands/112893,2026-09-28T20:22:25.485994+00:00
sn_1698,1448,林本店,百十郎,,岐阜県,岐阜縣,,,,,,,,,,0.44386682546734557,0.48882906237825696,0.26023269769454543,0.2685092654724231,0.38555567470398,0.524935165647695,"辛口,酸味,鮮味,檸檬,清爽,果香,苦味,櫻花,甘甜,清新,鮮爽,優格,俐落,トロピカル,ほのか,荔枝,餘韻,蘋果,平衡,しっかり","辛口,酸味,旨味,レモン,スッキリ,フルーティ,苦味,桜,甘味,さわやか,フレッシュ,ヨーグルト,キレ,トロピカル,ほのか,ライチ,余韻,リンゴ,バランス,しっかり",1698,https://sakenowa.com/brands/1698,2026-09-28T20:22:25.486162+00:00
sn_2987,1448,林本店,TERA,,岐阜県,岐阜縣,,,,,,,,,,,,,,,,ジュース,ジュース,2987,https://sakenowa.com/brands/2987,2026-09-28T20:22:25.486168+00:00
sn_114988,1448,林本店,月詠,,岐阜県,岐阜縣,,,,,,,,,,,,,,,,,,114988,https://sakenowa.com/brands/114988,2026-09-28T20:22:25.486173+00:00
sn_53566,1450,安井酒造場,初桜,,滋賀県,滋賀縣,,,,,,,,,,0.3377378006165396,0.6008453303779726,0.4408215303912162,0.43055081777740495,0.20125070979046633,0.323602519244327,"櫻花,酸味,甘酸っぱい,鮮味,甘甜,多汁,巧克力,しっかり,レーズン,柔らかい,辛口,堅果,優しい,醇厚,穩重,濃厚,常溫,香ばしい,熱燗,清淡","桜,酸味,甘酸っぱい,旨味,甘味,ジューシー,チョコレート,しっかり,レーズン,柔らかい,辛口,ナッツ,優しい,コク,穏やか,濃厚,常温,香ばしい,熱燗,淡い",53566,https://sakenowa.com/brands/53566,2026-09-28T20:22:25.486500+00:00
sn_124430,1453,磯千鳥酒造,磯千鳥,,岡山県,岡山縣,,,,,,,,,,,,,,,,"辛口,鮮味,俐落,清爽","辛口,旨味,キレ,スッキリ",124430,https://sakenowa.com/brands/124430,2026-09-28T20:22:25.486995+00:00
sn_31939,1460,福持酒造場,天下錦,,三重県,三重縣,,,,,,,,,,0.38724504244954105,0.5854252269161886,0.3577968566504233,0.3716969728245824,0.2180329112189142,0.44000340927986586,"酸味,平衡,氣泡感,ラム,苦味,甘甜,レーズン,鮮爽,鮮味,哈密瓜,香蕉,輕快,果香,清新,華麗,穩重,しっかり,コーヒー,優しい,蘋果","酸味,バランス,ガス,ラム,苦味,甘味,レーズン,フレッシュ,旨味,メロン,バナナ,軽快,フルーティ,さわやか,華やか,穏やか,しっかり,コーヒー,優しい,リンゴ",31939,https://sakenowa.com/brands/31939,2026-09-28T20:22:25.488116+00:00
sn_44077,1465,利休蔵,千利休,,大阪府,大阪府,,,,,,,,,,0.319922872512842,0.5752717973847544,0.3590022874268602,0.40785855984388897,0.25772496347294094,0.45283364579508456,"氣泡感,若い,甘甜,鮮味,しっかり,苦味,渋み","ガス,若い,甘味,旨味,しっかり,苦味,渋み",44077,https://sakenowa.com/brands/44077,2026-09-28T20:22:25.488762+00:00
sn_118948,1468,今井酒造店,若緑,,長野県,長野縣,,,,,,,,,,,,,,,,,,118948,https://sakenowa.com/brands/118948,2026-09-28T20:22:25.489253+00:00
sn_118949,1468,今井酒造店,五岳,,長野県,長野縣,,,,,,,,,,,,,,,,,,118949,https://sakenowa.com/brands/118949,2026-09-28T20:22:25.489259+00:00
sn_3287,1473,小泉酒造,東魁盛,,千葉県,千葉縣,,,,,,,,,,0.43920075752594795,0.5189643861797041,0.20701765419775237,0.3304229494505988,0.30487351178692873,0.5411055050572752,"氣泡感,甘甜,果香,酸味,哈密瓜,鮮味,鮮爽,清新,苦味,多汁,華麗,平衡,俐落,輕快,麝香葡萄,甘酸っぱい,穩重,ピリリ,辛口,しっかり","ガス,甘味,フルーティ,酸味,メロン,旨味,フレッシュ,さわやか,苦味,ジューシー,華やか,バランス,キレ,軽快,マスカット,甘酸っぱい,穏やか,ピリリ,辛口,しっかり",3287,https://sakenowa.com/brands/3287,2026-09-28T20:22:25.490064+00:00
sn_3687,1474,外池酒造店,望,,栃木県,栃木縣,,,,,,,,,,0.4411912276553069,0.561664042425906,0.26064448460138634,0.28062129311351824,0.27313956049744575,0.5182612536889385,"氣泡感,鮮味,果香,酸味,苦味,甘甜,しっかり,鮮爽,蘋果,多汁,清新,辛口,鳳梨,平衡,華麗,哈密瓜,清爽,俐落,餘韻,ピリリ","ガス,旨味,フルーティ,酸味,苦味,甘味,しっかり,フレッシュ,リンゴ,ジューシー,さわやか,辛口,パイナップル,バランス,華やか,メロン,スッキリ,キレ,余韻,ピリリ",3687,https://sakenowa.com/brands/3687,2026-09-28T20:22:25.490232+00:00
sn_8725,1474,外池酒造店,燦爛,,栃木県,栃木縣,,,,,,,,,,0.4566345484737698,0.5743278659475215,0.3066569447598441,0.27347799432178777,0.23359889876489803,0.48809348580414336,"氣泡感,酸味,果香,鮮味,燗酒,甘甜,ワイン,いちご,蘋果,平衡,華麗,ジュース,清爽,ほのか,清新,鮮爽,しっかり,熱燗,輕快,柑橘","ガス,酸味,フルーティ,旨味,燗酒,甘味,ワイン,いちご,リンゴ,バランス,華やか,ジュース,スッキリ,ほのか,さわやか,フレッシュ,しっかり,熱燗,軽快,柑橘",8725,https://sakenowa.com/brands/8725,2026-09-28T20:22:25.490243+00:00
sn_1304,1475,渡辺酒造本店,雪小町,,福島県,福島縣,,,,,,,,,,0.2805805357878276,0.31863386594438897,0.1780626053478237,0.46425525744429214,0.5903738763902866,0.4732509619623976,"辛口,酸味,控えめ,清爽","辛口,酸味,控えめ,スッキリ",1304,https://sakenowa.com/brands/1304,2026-09-28T20:22:25.490411+00:00
sn_120946,1487,梅ヶ枝酒造,梅ヶ枝,,長崎県,長崎縣,,,,,,,,,,,,,,,,醇厚,コク,120946,https://sakenowa.com/brands/120946,2026-09-28T20:22:25.492327+00:00
sn_119670,1489,赤磐酒造,桃の里,,岡山県,岡山縣,,,,,,,,,,0.5171961872581681,0.5109489470155631,0.1974145037085993,0.25919075656169477,0.18705779769884123,0.5747141230105837,"水蜜桃,氣泡感,甘甜,心地よい,鳳梨,花香,ピチピチ,トロピカル,鮮爽,カルピス,果香,鮮味,起司,清新,濃厚","桃,ガス,甘味,心地よい,パイナップル,花,ピチピチ,トロピカル,フレッシュ,カルピス,フルーティ,旨味,チーズ,さわやか,濃厚",119670,https://sakenowa.com/brands/119670,2026-09-28T20:22:25.492654+00:00
sn_39165,1493,森山酒造,蜂龍盃,,神奈川県,神奈川縣,,,,,,,,,,,,,,,,,,39165,https://sakenowa.com/brands/39165,2026-09-28T20:22:25.493302+00:00
sn_6558,1499,東京港醸造,江戸開城,,東京都,東京都,,,,,,,,,,0.4557643116356866,0.5216992148049193,0.20417252295926497,0.3036841084435995,0.2908156924149418,0.5492036031415507,"酸味,果香,清新,氣泡感,哈密瓜,苦味,清爽,甘甜,鮮味,香蕉,餘韻,輕快,俐落,麝香葡萄,華麗,控えめ,蘋果,辛口,しっかり,柑橘","酸味,フルーティ,さわやか,ガス,メロン,苦味,スッキリ,甘味,旨味,バナナ,余韻,軽快,キレ,マスカット,華やか,控えめ,リンゴ,辛口,しっかり,柑橘",6558,https://sakenowa.com/brands/6558,2026-09-28T20:22:25.494106+00:00
sn_1332,1507,勲碧酒造,勲碧,,愛知県,愛知縣,,,,,,,,,,0.6479112062971447,0.47301903705755294,0.2568196017133989,0.24859895232494472,0.13342705861825652,0.45924234609072745,"櫻花,鮮味,濃厚,鮮爽,醇厚,花香,しっかり,甘甜,華麗,果香,ツン,酸味,煙燻,穩重,苦味,清新,圓潤,辛口,控えめ,清爽","桜,旨味,濃厚,フレッシュ,コク,花,しっかり,甘味,華やか,フルーティ,ツン,酸味,スモーキー,穏やか,苦味,さわやか,まろやか,辛口,控えめ,スッキリ",1332,https://sakenowa.com/brands/1332,2026-09-28T20:22:25.495383+00:00
sn_122587,1511,東亜酒造,風雪男山,,埼玉県,埼玉縣,,,,,,,,,,,,,,,,,,122587,https://sakenowa.com/brands/122587,2026-09-28T20:22:25.496032+00:00
sn_2845,1513,高田酒造場,瑞泉 上撰,,鳥取県,鳥取縣,,,,,,,,,,,,,,,,,,2845,https://sakenowa.com/brands/2845,2026-09-28T20:22:25.496349+00:00
sn_2847,1513,高田酒造場,瑞泉 佳撰,,鳥取県,鳥取縣,,,,,,,,,,,,,,,,"昔ながら,どっしり,柔らかい,鮮味,ほのか,清爽","昔ながら,どっしり,柔らかい,旨味,ほのか,スッキリ",2847,https://sakenowa.com/brands/2847,2026-09-28T20:22:25.496357+00:00
sn_9517,1514,岩手銘醸,岩手誉,,岩手県,岩手縣,,,,,,,,,,0.31573240913032957,0.5492112467713844,0.38878745048908536,0.42326859699937286,0.2967751377482622,0.4246087410728365,"甘酸っぱい,鮮爽,鮮味","甘酸っぱい,フレッシュ,旨味",9517,https://sakenowa.com/brands/9517,2026-09-28T20:22:25.496521+00:00
sn_102795,1514,岩手銘醸,奥六,,岩手県,岩手縣,,,,,,,,,,0.3228486413831415,0.5689451442206641,0.39436322396026247,0.40400749722706525,0.2716440199284435,0.4237160533115231,"酸味,鮮味,甘甜,甘酸っぱい,苦味,輕快,氣泡感,味噌,柑橘,俐落,清新,果香,しっかり,穩重,餘韻,優しい,蘋果,平衡,純淨,鮮爽","酸味,旨味,甘味,甘酸っぱい,苦味,軽快,ガス,味噌,柑橘,キレ,さわやか,フルーティ,しっかり,穏やか,余韻,優しい,リンゴ,バランス,綺麗,フレッシュ",102795,https://sakenowa.com/brands/102795,2026-09-28T20:22:25.496531+00:00
sn_124187,1517,豊乃鶴酒造,大多喜城,,千葉県,千葉縣,,,,,,,,,,,,,,,,,,124187,https://sakenowa.com/brands/124187,2026-09-28T20:22:25.497031+00:00
sn_46410,1520,大里酒造,黒田武士,,福岡県,福岡縣,,,,,,,,,,0.3795577985540797,0.5679405625050892,0.2971849132698486,0.29693529082461606,0.36089265917598473,0.4760739900044563,"酸味,辛口,果香","酸味,辛口,フルーティ",46410,https://sakenowa.com/brands/46410,2026-09-28T20:22:25.497514+00:00
sn_16334,1527,池島酒造,池錦,,栃木県,栃木縣,,,,,,,,,,,,,,,,,,16334,https://sakenowa.com/brands/16334,2026-09-28T20:22:25.498625+00:00
sn_6705,1529,山川光男プロジェクト,山川光男,,山形県,山形縣,,,,,,,,,,0.3816380678687224,0.5123124324857945,0.31377867068448134,0.38273912477070415,0.29170834240606813,0.5117111566478263,"酸味,甘甜,鮮味,氣泡感,清爽,味噌,苦味,果香,香蕉,輕快,純淨,清新,しっかり,平衡,辛口,優格,鮮爽,控えめ,俐落,哈密瓜","酸味,甘味,旨味,ガス,スッキリ,味噌,苦味,フルーティ,バナナ,軽快,綺麗,さわやか,しっかり,バランス,辛口,ヨーグルト,フレッシュ,控えめ,キレ,メロン",6705,https://sakenowa.com/brands/6705,2026-09-28T20:22:25.498965+00:00
sn_6800,1533,藤本雅一酒造醸,松花鶴,,大阪府,大阪府,,,,,,,,,,,,,,,,,,6800,https://sakenowa.com/brands/6800,2026-09-28T20:22:25.499601+00:00
sn_6839,1535,阿武の鶴酒造,三好,,山口県,山口縣,,,,,,,,,,0.41677817360196817,0.5430068015325161,0.2578919933304645,0.343530538631019,0.29787787993310694,0.5081208763167616,"果香,酸味,苦味,甘甜,哈密瓜,氣泡感,鮮味,清新,俐落,葡萄柚,甘酸っぱい,平衡,鮮爽,柔らかい,純淨,しっかり,辛口,香蕉,さっぱり,ふんわり","フルーティ,酸味,苦味,甘味,メロン,ガス,旨味,さわやか,キレ,グレープフルーツ,甘酸っぱい,バランス,フレッシュ,柔らかい,綺麗,しっかり,辛口,バナナ,さっぱり,ふんわり",6839,https://sakenowa.com/brands/6839,2026-09-28T20:22:25.499948+00:00
sn_70446,1535,阿武の鶴酒造,三女子,,山口県,山口縣,,,,,,,,,,,,,,,,,,70446,https://sakenowa.com/brands/70446,2026-09-28T20:22:25.499956+00:00
sn_70448,1535,阿武の鶴酒造,阿武の鶴,,山口県,山口縣,,,,,,,,,,0.4788051719917086,0.5188324188240692,0.17833352036142397,0.36753777446300767,0.3331969761911064,0.47291800913746157,"蘋果,鮮味,哈密瓜,甘酸っぱい,酸味,果香,ピチピチ,甘甜","リンゴ,旨味,メロン,甘酸っぱい,酸味,フルーティ,ピチピチ,甘味",70448,https://sakenowa.com/brands/70448,2026-09-28T20:22:25.499963+00:00
sn_2786,1540,河津酒造,小国蔵 一本〆,,熊本県,熊本縣,,,,,,,,,,,,,,,,,,2786,https://sakenowa.com/brands/2786,2026-09-28T20:22:25.500756+00:00
sn_69046,1540,河津酒造,七歩蛇,,熊本県,熊本縣,,,,,,,,,,,,,,,,,,69046,https://sakenowa.com/brands/69046,2026-09-28T20:22:25.500762+00:00
sn_124432,1540,河津酒造,花雪,,熊本県,熊本縣,,,,,,,,,,0.25039154188514195,0.5933889069513074,0.5373095094221715,0.42709588461644854,0.22264678345109196,0.25398757274046924,"甘甜,濃厚,果香","甘味,濃厚,フルーティ",124432,https://sakenowa.com/brands/124432,2026-09-28T20:22:25.500769+00:00
sn_14995,1550,倉本酒造,倉本,,奈良県,奈良縣,,,,,,,,,,0.5008535653781747,0.5357536144522891,0.26208766398818073,0.24151731252694508,0.2033314617993144,0.5419866524434093,"葡萄柚,酸味,麝香葡萄,荔枝,清新,優格,ワイン,苦味,甘甜,鮮味,ブドウ,俐落,しっかり,柑橘,清爽,果香,多汁,鮮爽,檸檬,餘韻","グレープフルーツ,酸味,マスカット,ライチ,さわやか,ヨーグルト,ワイン,苦味,甘味,旨味,ブドウ,キレ,しっかり,柑橘,スッキリ,フルーティ,ジューシー,フレッシュ,レモン,余韻",14995,https://sakenowa.com/brands/14995,2026-09-28T20:22:25.502373+00:00
sn_1305,1556,椎名酒造店,富久心,,茨城県,茨城縣,,,,,,,,,,0.3608023995579751,0.6053346559120837,0.34538966367182516,0.4275000464325058,0.19768833539219313,0.40281583310954766,"鮮爽,哈密瓜,甘甜,奶油感,控えめ,酸味,櫻花,鮮味,氣泡感,プチプチ,濃厚,平衡,滑順,辛口,優格,苦味,常溫,厚重,清爽,多汁","フレッシュ,メロン,甘味,クリーミー,控えめ,酸味,桜,旨味,ガス,プチプチ,濃厚,バランス,なめらか,辛口,ヨーグルト,苦味,常温,重い,スッキリ,ジューシー",1305,https://sakenowa.com/brands/1305,2026-09-28T20:22:25.503334+00:00
sn_71158,1556,椎名酒造店,鳳凰,,茨城県,茨城縣,,,,,,,,,,,,,,,,"氣泡感,果香,鮮爽,辛口,清爽","ガス,フルーティ,フレッシュ,辛口,スッキリ",71158,https://sakenowa.com/brands/71158,2026-09-28T20:22:25.503342+00:00
sn_4264,1565,明石酒類醸造,明石鯛,,兵庫県,兵庫縣,,,,,,,,,,0.30567461340542323,0.6263135794599635,0.37653297822368575,0.4476533674751391,0.22577148464228047,0.34806744536667494,"常溫,鮮味,酸味,高雅","常温,旨味,酸味,上品",4264,https://sakenowa.com/brands/4264,2026-09-28T20:22:25.504624+00:00
sn_17312,1574,丸竹酒造店,菊盛,,青森県,青森縣,,,,,,,,,,,,,,,,"ピリリ,さっぱり,濃厚,清爽,甘甜","ピリリ,さっぱり,濃厚,スッキリ,甘味",17312,https://sakenowa.com/brands/17312,2026-09-28T20:22:25.506087+00:00
sn_2830,1577,カネタ玉田酒造店,華一風,,青森県,青森縣,,,,,,,,,,0.5483405222790335,0.4941012265707623,0.18557604411417092,0.25243638752745773,0.41360285597030055,0.4312270042150169,"華麗,蘋果,果香,俐落,鮮爽,甘甜","華やか,リンゴ,フルーティ,キレ,フレッシュ,甘味",2830,https://sakenowa.com/brands/2830,2026-09-28T20:22:25.506568+00:00
sn_4112,1577,カネタ玉田酒造店,斬,,青森県,青森縣,,,,,,,,,,,,,,,,,,4112,https://sakenowa.com/brands/4112,2026-09-28T20:22:25.506573+00:00
sn_50619,1580,西本酒造場,美人長,,鳥取県,鳥取縣,,,,,,,,,,,,,,,,,,50619,https://sakenowa.com/brands/50619,2026-09-28T20:22:25.507067+00:00
sn_8685,1585,上川大雪酒造,上川大雪,,北海道,北海道,,,,,,,,,,0.3681505469201261,0.5343436941010106,0.2961690806362482,0.362459262661887,0.3532965386043095,0.4847996552935986,"鮮味,酸味,餘韻,苦味,辛口,氣泡感,甘甜,果香,平衡,清爽,俐落,しっかり,清新,穩重,純淨,華麗,鮮爽,ピリリ,起司,輕快","旨味,酸味,余韻,苦味,辛口,ガス,甘味,フルーティ,バランス,スッキリ,キレ,しっかり,さわやか,穏やか,綺麗,華やか,フレッシュ,ピリリ,チーズ,軽快",8685,https://sakenowa.com/brands/8685,2026-09-28T20:22:25.507884+00:00
sn_14953,1585,上川大雪酒造,神川,,北海道,北海道,,,,,,,,,,0.3316138905089766,0.5329224213401988,0.25249962007590004,0.4805668765153479,0.403499436381703,0.3853745507319555,果香,フルーティ,14953,https://sakenowa.com/brands/14953,2026-09-28T20:22:25.507891+00:00
sn_37710,1585,上川大雪酒造,十勝,,北海道,北海道,,,,,,,,,,0.3201306156876965,0.5576437572402994,0.37039807372002403,0.42886338342856,0.3231148383050548,0.4012830615863824,"鮮味,起司,酸味,苦味,甘甜,辛口,しっかり,平衡,清爽,俐落,純淨,果香,控えめ,餘韻,華麗,麝香葡萄,哈密瓜,鮮爽,常溫,清新","旨味,チーズ,酸味,苦味,甘味,辛口,しっかり,バランス,スッキリ,キレ,綺麗,フルーティ,控えめ,余韻,華やか,マスカット,メロン,フレッシュ,常温,さわやか",37710,https://sakenowa.com/brands/37710,2026-09-28T20:22:25.507904+00:00
sn_67760,1585,上川大雪酒造,五稜,,北海道,北海道,,,,,,,,,,0.4081220284293748,0.6287189288821292,0.26087616784726314,0.277744103553634,0.3319239773594074,0.42752453686359004,"ワイン,鮮味,辛口,果香,餘韻,酸味,甘甜,清爽,西洋梨,平衡,苦味,華麗,鮮爽,純淨,しっかり","ワイン,旨味,辛口,フルーティ,余韻,酸味,甘味,スッキリ,洋梨,バランス,苦味,華やか,フレッシュ,綺麗,しっかり",67760,https://sakenowa.com/brands/67760,2026-09-28T20:22:25.507913+00:00
sn_436,1596,峰乃白梅酒造,峰乃白梅,,新潟県,新潟縣,,,,,,,,,,0.3922353164716631,0.515147895691218,0.27281929284107026,0.3850853706083993,0.32956864485974796,0.49943718443832724,"甘甜,鮮味,清爽,氣泡感,果香,酸味,辛口,清新,梨子,輕快,純淨,俐落,穩重,圓潤,鮮爽,紹興酒,櫻花,苦味,しっかり,柔らかい","甘味,旨味,スッキリ,ガス,フルーティ,酸味,辛口,さわやか,梨,軽快,綺麗,キレ,穏やか,まろやか,フレッシュ,紹興酒,桜,苦味,しっかり,柔らかい",436,https://sakenowa.com/brands/436,2026-09-28T20:22:25.509511+00:00
sn_33447,1596,峰乃白梅酒造,菱湖,,新潟県,新潟縣,,,,,,,,,,0.43416912902575483,0.5068779005470275,0.20960268276327862,0.28936049591473206,0.38255300483317,0.5296813934938478,"果香,氣泡感,辛口,酸味,甘甜,鮮味,ジュース,多汁,蘋果,梨子,清爽,苦味,清新,純淨,しっかり,俐落,餘韻,鮮爽,輕快,平衡","フルーティ,ガス,辛口,酸味,甘味,旨味,ジュース,ジューシー,リンゴ,梨,スッキリ,苦味,さわやか,綺麗,しっかり,キレ,余韻,フレッシュ,軽快,バランス",33447,https://sakenowa.com/brands/33447,2026-09-28T20:22:25.509521+00:00
sn_36653,1607,藤崎摠兵衛商店,長瀞,,埼玉県,埼玉縣,,,,,,,,,,0.4218137210040091,0.5698182769162382,0.2955477127415442,0.4013264629888652,0.23543724108379313,0.4399298139179721,"酸味,果香,氣泡感,甘甜,鮮爽,優格,苦味,ブドウ,鳳梨,鮮味,蘋果,香蕉,餘韻,華麗,清爽,平衡,トロピカル,清新,輕快,しっかり","酸味,フルーティ,ガス,甘味,フレッシュ,ヨーグルト,苦味,ブドウ,パイナップル,旨味,リンゴ,バナナ,余韻,華やか,スッキリ,バランス,トロピカル,さわやか,軽快,しっかり",36653,https://sakenowa.com/brands/36653,2026-09-28T20:22:25.511135+00:00
sn_36654,1607,藤崎摠兵衛商店,彩のきずな,,埼玉県,埼玉縣,,,,,,,,,,,,,,,,"鮮爽,華麗,果香,清爽,甘甜","フレッシュ,華やか,フルーティ,スッキリ,甘味",36654,https://sakenowa.com/brands/36654,2026-09-28T20:22:25.511145+00:00
sn_101451,1612,河武醸造,KAWABU,,三重県,三重縣,,,,,,,,,,0.4901569805929031,0.569937504067524,0.21545328397198535,0.23578827354611967,0.17358065555243024,0.5502462215546287,"氣泡感,果香,水蜜桃,苦味,甘酸っぱい,鮮味,酸味,鳳梨,哈密瓜,多汁,奶油感,清新,葡萄柚,甘甜,ピチピチ,純淨,鮮爽","ガス,フルーティ,桃,苦味,甘酸っぱい,旨味,酸味,パイナップル,メロン,ジューシー,クリーミー,さわやか,グレープフルーツ,甘味,ピチピチ,綺麗,フレッシュ",101451,https://sakenowa.com/brands/101451,2026-09-28T20:22:25.511956+00:00
sn_101452,1612,河武醸造,SHIKI,,三重県,三重縣,,,,,,,,,,,,,,,,いちご,いちご,101452,https://sakenowa.com/brands/101452,2026-09-28T20:22:25.511962+00:00
sn_101454,1612,河武醸造,鉾杉,,三重県,三重縣,,,,,,,,,,0.3161192637801076,0.5921358688608701,0.3559686775059885,0.5269158373661506,0.18792852709425062,0.33131947354035335,"酸味,甘甜,蜂蜜,優しい,鳳梨,冷酒,鮮味,熱燗,果香,ゴクゴク,辛口,しっかり","酸味,甘味,ハチミツ,優しい,パイナップル,冷酒,旨味,熱燗,フルーティ,ゴクゴク,辛口,しっかり",101454,https://sakenowa.com/brands/101454,2026-09-28T20:22:25.511971+00:00
sn_8621,1613,奥羽自慢,吾有事,,山形県,山形縣,,,,,,,,,,0.4622596355114677,0.5240369707870494,0.20583962927626545,0.278284753171169,0.2804791503404054,0.5596609438055632,"氣泡感,果香,酸味,多汁,甘甜,鮮爽,鮮味,苦味,辛口,純淨,麝香葡萄,平衡,輕快,清新,蘋果,若い,柑橘,しっかり,鳳梨,清爽","ガス,フルーティ,酸味,ジューシー,甘味,フレッシュ,旨味,苦味,辛口,綺麗,マスカット,バランス,軽快,さわやか,リンゴ,若い,柑橘,しっかり,パイナップル,スッキリ",8621,https://sakenowa.com/brands/8621,2026-09-28T20:22:25.512140+00:00
sn_12119,1629,農口尚彦研究所,農口尚彦研究所,,石川県,石川縣,,,,,,,,,,0.23876561666553642,0.6019138359716096,0.5357384430504556,0.34735913393332535,0.2731709400693294,0.3136786645229018,"鮮味,濃厚,酸味,しっかり,苦味,複雜,厚み,平衡,俐落,餘韻,辛口,甘甜,滑順,果香,花香,ツン,醇厚,どっしり,輕快,清新","旨味,濃厚,酸味,しっかり,苦味,複雑,厚み,バランス,キレ,余韻,辛口,甘味,なめらか,フルーティ,花,ツン,コク,どっしり,軽快,さわやか",12119,https://sakenowa.com/brands/12119,2026-09-28T20:22:25.514527+00:00
sn_37850,1670,丸井合名,楽の世,,愛知県,愛知縣,,,,,,,,,,0.189804868169101,0.6542098395614385,0.6193528195588416,0.302272853598186,0.12405212033303835,0.21360682611589793,"鳳梨,酸味,濃厚,鮮味,甘甜,トロピカル,どっしり,甘酸っぱい,ツン,カラメル,醇厚,しっかり,常溫,蜜,苦味,多汁,冷酒,味噌,燗酒,起司","パイナップル,酸味,濃厚,旨味,甘味,トロピカル,どっしり,甘酸っぱい,ツン,カラメル,コク,しっかり,常温,蜜,苦味,ジューシー,冷酒,味噌,燗酒,チーズ",37850,https://sakenowa.com/brands/37850,2026-09-28T20:22:25.520771+00:00
sn_1258,1673,北西酒造,凛,,埼玉県,埼玉縣,,,,,,,,,,,,,,,,,,1258,https://sakenowa.com/brands/1258,2026-09-28T20:22:25.521258+00:00
sn_1565,1673,北西酒造,文楽,,埼玉県,埼玉縣,,,,,,,,,,0.5042664082840962,0.5351249946027088,0.21320303917457453,0.2668234222124533,0.1738058220128981,0.559015108300025,"檸檬,酸味,柑橘,清新,甘甜,氣泡感,果香,苦味,鮮味,平衡,鮮爽,輕快,多汁,しっかり,餘韻,純淨,優格,清爽,高雅,水蜜桃","レモン,酸味,柑橘,さわやか,甘味,ガス,フルーティ,苦味,旨味,バランス,フレッシュ,軽快,ジューシー,しっかり,余韻,綺麗,ヨーグルト,スッキリ,上品,桃",1565,https://sakenowa.com/brands/1565,2026-09-28T20:22:25.521270+00:00
sn_32118,1673,北西酒造,彩來,,埼玉県,埼玉縣,,,,,,,,,,0.5150953128254344,0.5509507893321606,0.2117653011723616,0.2970046049003161,0.17800507655428918,0.5161278533927661,"酸味,氣泡感,麝香葡萄,甘甜,果香,優格,苦味,高雅,水蜜桃,清新,多汁,花香,平衡,いちご,鮮味,鮮爽,純淨,甘酸っぱい,華麗,餘韻","酸味,ガス,マスカット,甘味,フルーティ,ヨーグルト,苦味,上品,桃,さわやか,ジューシー,花,バランス,いちご,旨味,フレッシュ,綺麗,甘酸っぱい,華やか,余韻",32118,https://sakenowa.com/brands/32118,2026-09-28T20:22:25.521280+00:00
sn_76666,1677,馬上酒造場,馽,,広島県,廣島縣,,,,,,,,,,,,,,,,"香蕉,濃厚,柔らかい,輕快,平衡,餘韻,甘甜,しっかり,酸味","バナナ,濃厚,柔らかい,軽快,バランス,余韻,甘味,しっかり,酸味",76666,https://sakenowa.com/brands/76666,2026-09-28T20:22:25.521762+00:00
sn_76667,1677,馬上酒造場,馴,,広島県,廣島縣,,,,,,,,,,,,,,,,,,76667,https://sakenowa.com/brands/76667,2026-09-28T20:22:25.521767+00:00
sn_76668,1677,馬上酒造場,大号令,,広島県,廣島縣,,,,,,,,,,0.25932829622254294,0.628554136731962,0.4390505691915687,0.37269801475596054,0.2902832265151218,0.34890538526790743,"酸味,鮮味,哈密瓜,辛口,餘韻,しっかり,苦味,常溫,穀物,熱燗,輕快,複雜,柑橘,俐落,甘甜,若い,多汁,純淨,香ばしい,どっしり","酸味,旨味,メロン,辛口,余韻,しっかり,苦味,常温,穀物,熱燗,軽快,複雑,柑橘,キレ,甘味,若い,ジューシー,綺麗,香ばしい,どっしり",76668,https://sakenowa.com/brands/76668,2026-09-28T20:22:25.521777+00:00
sn_971,1691,中島酒造店,能登末廣,,石川県,石川縣,,,,,,,,,,0.28265725093121363,0.4670591391198095,0.3541618186240124,0.40885684409645195,0.4752982004318638,0.42831967850114605,,,971,https://sakenowa.com/brands/971,2026-09-28T20:22:25.524012+00:00
sn_5364,1700,板野酒造場,きびの吟風,,岡山県,岡山縣,,,,,,,,,,,,,,,,,,5364,https://sakenowa.com/brands/5364,2026-09-28T20:22:25.525436+00:00
sn_44922,1715,斎藤酒造場,御殿桜,,徳島県,德島縣,,,,,,,,,,,,,,,,紹興酒,紹興酒,44922,https://sakenowa.com/brands/44922,2026-09-28T20:22:25.527825+00:00
sn_1299,1739,中村酒造,千代鶴,,東京都,東京都,,,,,,,,,,0.38859769835868274,0.4757394765172922,0.35882005903361847,0.3116768674155102,0.3618614455163851,0.515582941063166,,,1299,https://sakenowa.com/brands/1299,2026-09-28T20:22:25.531477+00:00
sn_124177,1739,中村酒造,高尾山,,東京都,東京都,,,,,,,,,,,,,,,,,,124177,https://sakenowa.com/brands/124177,2026-09-28T20:22:25.531486+00:00
sn_2584,1741,加藤酒造店,金鶴,,新潟県,新潟縣,,,,,,,,,,0.30334845627153995,0.4571097141268856,0.27221839613058524,0.4753065532413038,0.44774650292298823,0.4455718995882802,"辛口,俐落,鮮味,清爽,鮮爽,滑順,酸味,穩重,果香,清新,常溫,甘甜,平衡,柔らかい,氣泡感,しっかり,梨子,するする,苦味,醇厚","辛口,キレ,旨味,スッキリ,フレッシュ,なめらか,酸味,穏やか,フルーティ,さわやか,常温,甘味,バランス,柔らかい,ガス,しっかり,梨,するする,苦味,コク",2584,https://sakenowa.com/brands/2584,2026-09-28T20:22:25.531814+00:00
sn_4037,1745,松井屋酒造場,睦鳥,,岐阜県,岐阜縣,,,,,,,,,,,,,,,,"蘋果,鮮味,昔ながら,香蕉,苦味,控えめ,辛口,清爽,甘甜,酸味","リンゴ,旨味,昔ながら,バナナ,苦味,控えめ,辛口,スッキリ,甘味,酸味",4037,https://sakenowa.com/brands/4037,2026-09-28T20:22:25.532469+00:00
sn_2872,1753,伊勢萬,おかげさま,,三重県,三重縣,,,,,,,,,,0.3903695557515558,0.5767861582128097,0.34346965046915673,0.34326016753462224,0.25078067552254985,0.46501553416159375,"鮮爽,清爽,しっかり,鮮味","フレッシュ,スッキリ,しっかり,旨味",2872,https://sakenowa.com/brands/2872,2026-09-28T20:22:25.533591+00:00
sn_13491,1759,Zenkuro,全黒,,その他,,,,,,,,,,,,,,,,,"プラム,蘋果,優格,酸味,鮮味,清爽","プラム,リンゴ,ヨーグルト,酸味,旨味,スッキリ",13491,https://sakenowa.com/brands/13491,2026-09-28T20:22:25.534398+00:00
sn_84876,1762,瀬戸酒造店,セトイチ,,神奈川県,神奈川縣,,,,,,,,,,0.3768808783754607,0.5134730295037182,0.2789142697216542,0.49624914211709176,0.28730227486952703,0.43325197453179215,"純淨,鮮味,輕快,穩重,酸味,果香,華麗,濃厚,甘甜,平衡,苦味,しっかり,柔らかい,辛口,清爽,清新,哈密瓜,俐落,餘韻,鮮爽","綺麗,旨味,軽快,穏やか,酸味,フルーティ,華やか,濃厚,甘味,バランス,苦味,しっかり,柔らかい,辛口,スッキリ,さわやか,メロン,キレ,余韻,フレッシュ",84876,https://sakenowa.com/brands/84876,2026-09-28T20:22:25.534900+00:00
sn_85992,1762,瀬戸酒造店,あしがり郷,,神奈川県,神奈川縣,,,,,,,,,,,,,,,,花香,花,85992,https://sakenowa.com/brands/85992,2026-09-28T20:22:25.534906+00:00
sn_1895,1763,鳩正宗,鳩正宗,,青森県,青森縣,,,,,,,,,,0.40326105711585714,0.4463318594713447,0.26420960031058666,0.3535136642698135,0.5017823663474305,0.43772619768032617,"蘋果,酸味,氣泡感,鮮味,ワイン,苦味,甘甜,清新,果香,清爽,鮮爽,俐落,辛口,華麗,優格,甘酸っぱい,しっかり,穩重,平衡,控えめ","リンゴ,酸味,ガス,旨味,ワイン,苦味,甘味,さわやか,フルーティ,スッキリ,フレッシュ,キレ,辛口,華やか,ヨーグルト,甘酸っぱい,しっかり,穏やか,バランス,控えめ",1895,https://sakenowa.com/brands/1895,2026-09-28T20:22:25.535077+00:00
sn_66004,1763,鳩正宗,八甲田おろし,,青森県,青森縣,,,,,,,,,,0.2561919547710927,0.41559881816966754,0.19805804560793544,0.6925440932325713,0.36752435595302774,0.32821462783747896,,,66004,https://sakenowa.com/brands/66004,2026-09-28T20:22:25.535083+00:00
sn_66005,1763,鳩正宗,佐藤企,,青森県,青森縣,,,,,,,,,,0.24109657147243949,0.5190718957577765,0.3294885062821317,0.4872410800897746,0.41442860590910285,0.3933436092830541,"酸味,蘋果,鮮味,醇厚,鮮爽,甘甜","酸味,リンゴ,旨味,コク,フレッシュ,甘味",66005,https://sakenowa.com/brands/66005,2026-09-28T20:22:25.535090+00:00
sn_123143,1773,剛烈酒造,剛烈,,茨城県,茨城縣,,,,,,,,,,,,,,,,,,123143,https://sakenowa.com/brands/123143,2026-09-28T20:22:25.536684+00:00
sn_43968,1792,森酒造場,飛鸞,,長崎県,長崎縣,,,,,,,,,,0.48839567165800407,0.48711326939762745,0.18390011460899242,0.2905176237973388,0.2208662311368127,0.5976526555917313,"氣泡感,酸味,柑橘,優格,果香,苦味,葡萄柚,清新,甘甜,鮮味,鮮爽,多汁,清爽,甘酸っぱい,輕快,平衡,控えめ,哈密瓜,蘋果,檸檬","ガス,酸味,柑橘,ヨーグルト,フルーティ,苦味,グレープフルーツ,さわやか,甘味,旨味,フレッシュ,ジューシー,スッキリ,甘酸っぱい,軽快,バランス,控えめ,メロン,リンゴ,レモン",43968,https://sakenowa.com/brands/43968,2026-09-28T20:22:25.539113+00:00
sn_43969,1792,森酒造場,フィランド,,長崎県,長崎縣,,,,,,,,,,0.6432664250312145,0.517266441417133,0.26408264053873987,0.1939157297864427,0.04149555747526356,0.4577978838182979,"ワイン,ジュース,シャンパン,荔枝,甘甜,氣泡感,甘酸っぱい,果香","ワイン,ジュース,シャンパン,ライチ,甘味,ガス,甘酸っぱい,フルーティ",43969,https://sakenowa.com/brands/43969,2026-09-28T20:22:25.539125+00:00
sn_14452,1812,WAKAZE (三軒茶屋),WAKAZE,,東京都,東京都,,,,,,,,,,0.4023441457216095,0.5512245234567722,0.45653618934388335,0.2795508790738383,0.12753117818099807,0.48107434515215963,"巧克力,氣泡感,柑橘,ワイン,草本,栗,優格,酸味","チョコレート,ガス,柑橘,ワイン,ハーブ,栗,ヨーグルト,酸味",14452,https://sakenowa.com/brands/14452,2026-09-28T20:22:25.542329+00:00
sn_18612,1821,Sun Masamune,豪酒,,その他,,,,,,,,,,,,,,,,,,,18612,https://sakenowa.com/brands/18612,2026-09-28T20:22:25.543765+00:00
sn_18613,1822,Kanpai,MIRU,,その他,,,,,,,,,,,,,,,,,,,18613,https://sakenowa.com/brands/18613,2026-09-28T20:22:25.543943+00:00
sn_18614,1822,Kanpai,KIKU,,その他,,,,,,,,,,,,,,,,,,,18614,https://sakenowa.com/brands/18614,2026-09-28T20:22:25.543948+00:00
sn_18615,1822,Kanpai,FIZU,,その他,,,,,,,,,,,,,,,,,,,18615,https://sakenowa.com/brands/18615,2026-09-28T20:22:25.543953+00:00
sn_18616,1822,Kanpai,SUMI,,その他,,,,,,,,,,,,,,,,,栗,栗,18616,https://sakenowa.com/brands/18616,2026-09-28T20:22:25.543958+00:00
sn_18617,1822,Kanpai,KUMO,,その他,,,,,,,,,,,,,,,,,,,18617,https://sakenowa.com/brands/18617,2026-09-28T20:22:25.543963+00:00
sn_18618,1823,昇涙酒造,L’AUBE,,その他,,,,,,,,,,,,,,,,,,,18618,https://sakenowa.com/brands/18618,2026-09-28T20:22:25.544125+00:00
sn_18619,1823,昇涙酒造,LA VAGUE,,その他,,,,,,,,,,,,,,,,,,,18619,https://sakenowa.com/brands/18619,2026-09-28T20:22:25.544130+00:00
sn_18620,1823,昇涙酒造,LE VENT,,その他,,,,,,,,,,,,,,,,,,,18620,https://sakenowa.com/brands/18620,2026-09-28T20:22:25.544134+00:00
sn_18621,1823,昇涙酒造,LE TONNERRE,,その他,,,,,,,,,,,,,,,,,"俐落,鮮味","キレ,旨味",18621,https://sakenowa.com/brands/18621,2026-09-28T20:22:25.544142+00:00
sn_18622,1823,昇涙酒造,ABRICOT,,その他,,,,,,,,,,,,,,,,,,,18622,https://sakenowa.com/brands/18622,2026-09-28T20:22:25.544147+00:00
sn_18624,1825,Artisan SAKE Maker,OSAKE,,その他,,,,,,,,,,,,,,,,,,,18624,https://sakenowa.com/brands/18624,2026-09-28T20:22:25.544313+00:00
sn_18625,1826,YK3,Yu,,その他,,,,,,,,,,,,,,,,,,,18625,https://sakenowa.com/brands/18625,2026-09-28T20:22:25.544476+00:00
sn_18626,1826,YK3,YK3 Canada,,その他,,,,,,,,,,,,,,,,,,,18626,https://sakenowa.com/brands/18626,2026-09-28T20:22:25.544480+00:00
sn_18627,1827,タホマフジ酒造,タホマフジ,,その他,,,,,,,,,,,,,,,,,"穀物,控えめ,清新,酸味,甘甜,しっかり,鮮味","穀物,控えめ,さわやか,酸味,甘味,しっかり,旨味",18627,https://sakenowa.com/brands/18627,2026-09-28T20:22:25.544644+00:00
sn_18628,1828,セコイヤ,Sequoia,,その他,,,,,,,,,,,,,,,,,"奶油感,辛口","クリーミー,辛口",18628,https://sakenowa.com/brands/18628,2026-09-28T20:22:25.544808+00:00
sn_18629,1829,田酒造,Den,,その他,,,,,,,,,,,,,,,,,,,18629,https://sakenowa.com/brands/18629,2026-09-28T20:22:25.544980+00:00
sn_18630,1830,Wadaya,図南鳳翼,,その他,,,,,,,,,,,,,,,,,,,18630,https://sakenowa.com/brands/18630,2026-09-28T20:22:25.545154+00:00
sn_6634,1831,ULTRAMARINO,NAMI,,その他,,,,,,,,,,,,,,,,,"純淨,酸味,柔らかい,甘甜,鮮味","綺麗,酸味,柔らかい,甘味,旨味",6634,https://sakenowa.com/brands/6634,2026-09-28T20:22:25.545321+00:00
sn_4558,1832,Hue Foods Company,越の一,,その他,,,,,,,,,,,,,,,,,"圓潤,濃厚","まろやか,濃厚",4558,https://sakenowa.com/brands/4558,2026-09-28T20:22:25.545484+00:00
sn_19567,1836,光栄菊酒造,光栄菊,,佐賀県,佐賀縣,,,,,,,,,,0.5231900584289569,0.49853239619462586,0.16754130817671253,0.22798824383298083,0.14910193363521052,0.6127458664243923,"柳橙,氣泡感,酸味,柑橘,葡萄柚,優格,苦味,清新,甘甜,鮮味,果香,鮮爽,多汁,甘酸っぱい,平衡,ジュース,控えめ,輕快,麝香葡萄,餘韻","オレンジ,ガス,酸味,柑橘,グレープフルーツ,ヨーグルト,苦味,さわやか,甘味,旨味,フルーティ,フレッシュ,ジューシー,甘酸っぱい,バランス,ジュース,控えめ,軽快,マスカット,余韻",19567,https://sakenowa.com/brands/19567,2026-09-28T20:22:25.546145+00:00
sn_17000,1837,大地酒造,花笑み,,大分県,大分縣,,,,,,,,,,0.43077352638883437,0.5488657522005989,0.30810659418429126,0.44219322819894336,0.24870342515067462,0.401076846623282,"花香,鮮味,甘甜,清爽,酸味,優しい,純淨,穩重,辛口,ワイン,華麗,常溫,しっかり,銳利,苦味,高雅,平衡,柳橙,清新,餘韻","花,旨味,甘味,スッキリ,酸味,優しい,綺麗,穏やか,辛口,ワイン,華やか,常温,しっかり,シャープ,苦味,上品,バランス,オレンジ,さわやか,余韻",17000,https://sakenowa.com/brands/17000,2026-09-28T20:22:25.546313+00:00
sn_18037,1839,養老酒造,風の里,,愛媛県,愛媛縣,,,,,,,,,,,,,,,,,,18037,https://sakenowa.com/brands/18037,2026-09-28T20:22:25.546484+00:00
sn_12014,1840,須藤本家,天乃原,,千葉県,千葉縣,,,,,,,,,,,,,,,,,,12014,https://sakenowa.com/brands/12014,2026-09-28T20:22:25.546647+00:00
sn_27164,1841,木花之醸造所,ハナグモリ,,東京都,東京都,,,,,,,,,,0.41076080659172753,0.4509464630687512,0.33178187724256625,0.1770263338361583,0.290000597471656,0.6343539735367841,"氣泡感,酸味","ガス,酸味",27164,https://sakenowa.com/brands/27164,2026-09-28T20:22:25.546810+00:00
sn_27334,1842,武智酒店,武士心,,愛媛県,愛媛縣,,,,,,,,,,,,,,,,,,27334,https://sakenowa.com/brands/27334,2026-09-28T20:22:25.546987+00:00
sn_27502,1844,西酒造,天賦,,鹿児島県,鹿兒島縣,,,,,,,,,,0.447355224989736,0.6232196423033242,0.27149605665021737,0.3668585136057709,0.21914974525700803,0.39388918682014373,"果香,甘甜,鮮味,苦味,酸味,平衡,哈密瓜,華麗,香蕉,純淨,水蜜桃,多汁,俐落,しっかり,氣泡感,西洋梨,高雅,餘韻,清爽,優しい","フルーティ,甘味,旨味,苦味,酸味,バランス,メロン,華やか,バナナ,綺麗,桃,ジューシー,キレ,しっかり,ガス,洋梨,上品,余韻,スッキリ,優しい",27502,https://sakenowa.com/brands/27502,2026-09-28T20:22:25.547157+00:00
sn_27560,1845,東京駅酒造場,どぶろく,,東京都,東京都,,,,,,,,,,0.5156809727371415,0.43971008875931633,0.14705030838722138,0.33755283793904783,0.1887107345599816,0.6079068343623878,"水蜜桃,氣泡感,優格,ジュース,蘋果,滑順,酸味,清新,カルピス,濃厚,果香","桃,ガス,ヨーグルト,ジュース,リンゴ,なめらか,酸味,さわやか,カルピス,濃厚,フルーティ",27560,https://sakenowa.com/brands/27560,2026-09-28T20:22:25.547325+00:00
sn_27655,1846,松田酒造,宮乃舞,,愛媛県,愛媛縣,,,,,,,,,,,,,,,,,,27655,https://sakenowa.com/brands/27655,2026-09-28T20:22:25.547487+00:00
sn_28029,1847,菊乃香酒造,二人舞台,,茨城県,茨城縣,,,,,,,,,,,,,,,,濃厚,濃厚,28029,https://sakenowa.com/brands/28029,2026-09-28T20:22:25.547651+00:00
sn_25669,1848,WAKAZE,WAKAZE,,その他,,,,,,,,,,,0.5421784483451394,0.577444450054582,0.44678211820560276,0.20880808458513106,0.15081088658626934,0.32656000429000104,"ワイン,酸味,檸檬,起司,柑橘,複雜,ブドウ,甘甜,果香,草本,鮮味,清新,優格,麝香葡萄,花香,渋み,苦味,清爽,紹興酒,甘酸っぱい","ワイン,酸味,レモン,チーズ,柑橘,複雑,ブドウ,甘味,フルーティ,ハーブ,旨味,さわやか,ヨーグルト,マスカット,花,渋み,苦味,スッキリ,紹興酒,甘酸っぱい",25669,https://sakenowa.com/brands/25669,2026-09-28T20:22:25.547819+00:00
sn_108183,1848,WAKAZE,SummerFall,,その他,,,,,,,,,,,,,,,,,氣泡感,ガス,108183,https://sakenowa.com/brands/108183,2026-09-28T20:22:25.547825+00:00
sn_29438,1849,津乃峰酒造,出世毘沙門天王,,徳島県,德島縣,,,,,,,,,,,,,,,,"辛口,清爽","辛口,スッキリ",29438,https://sakenowa.com/brands/29438,2026-09-28T20:22:25.548000+00:00
sn_30227,1850,長州酒造,天美,,山口県,山口縣,,,,,,,,,,0.5451916735501628,0.4996135643028893,0.15298827695187894,0.25096551224683583,0.19004872723657382,0.5750171349706653,"水蜜桃,氣泡感,鮮爽,苦味,酸味,麝香葡萄,果香,甘甜,ブドウ,鮮味,清新,平衡,多汁,純淨,優しい,ピリリ,輕快,ピチピチ,清爽,華麗","桃,ガス,フレッシュ,苦味,酸味,マスカット,フルーティ,甘味,ブドウ,旨味,さわやか,バランス,ジューシー,綺麗,優しい,ピリリ,軽快,ピチピチ,スッキリ,華やか",30227,https://sakenowa.com/brands/30227,2026-09-28T20:22:25.548173+00:00
sn_123183,1850,長州酒造,長門菊川,,山口県,山口縣,,,,,,,,,,,,,,,,,,123183,https://sakenowa.com/brands/123183,2026-09-28T20:22:25.548179+00:00
sn_12637,1851,力泉酒造,明乃鶴,,福井県,福井縣,,,,,,,,,,,,,,,,いちご,いちご,12637,https://sakenowa.com/brands/12637,2026-09-28T20:22:25.548342+00:00
sn_17557,1853,金鳳酒造,金鳳,,島根県,島根縣,,,,,,,,,,,,,,,,,,17557,https://sakenowa.com/brands/17557,2026-09-28T20:22:25.548504+00:00
sn_572,1854,諏訪御湖鶴酒造場,御湖鶴,,長野県,長野縣,,,,,,,,,,0.43185538729557155,0.530343115377787,0.2550001649640496,0.30305858800795454,0.2853989587772665,0.5421392319939221,"氣泡感,果香,鮮味,苦味,鮮爽,多汁,酸味,甘甜,辛口,平衡,しっかり,純淨,餘韻,清爽,蘋果,ピチピチ,濃厚,麝香葡萄,俐落,ピリリ","ガス,フルーティ,旨味,苦味,フレッシュ,ジューシー,酸味,甘味,辛口,バランス,しっかり,綺麗,余韻,スッキリ,リンゴ,ピチピチ,濃厚,マスカット,キレ,ピリリ",572,https://sakenowa.com/brands/572,2026-09-28T20:22:25.548675+00:00
sn_13013,1855,中山酒造,白米城,,三重県,三重縣,,,,,,,,,,,,,,,,,,13013,https://sakenowa.com/brands/13013,2026-09-28T20:22:25.548841+00:00
sn_35681,1857,箱館醸蔵,郷宝,,北海道,北海道,,,,,,,,,,0.33016575291165906,0.5534546186831384,0.2929945654567164,0.4078907054122761,0.36430519237478415,0.44692241443281466,"果香,辛口,鮮味,清爽,酸味,餘韻,苦味,甘甜,哈密瓜,清新,俐落,ほのか,穩重,醇厚,銳利,純淨,しっかり,華麗,心地よい,スイスイ","フルーティ,辛口,旨味,スッキリ,酸味,余韻,苦味,甘味,メロン,さわやか,キレ,ほのか,穏やか,コク,シャープ,綺麗,しっかり,華やか,心地よい,スイスイ",35681,https://sakenowa.com/brands/35681,2026-09-28T20:22:25.549020+00:00
sn_38872,1858,井村屋,福和蔵,,三重県,三重縣,,,,,,,,,,0.47508173660292463,0.6147317887228665,0.2098056624634949,0.28049637909520575,0.2313764018959402,0.469223291662248,"果香,麝香葡萄,甘甜,氣泡感,鮮爽,鳳梨,酸味,清新,鮮味,華麗,圓潤,苦味,柑橘,平衡,芳醇,ピリリ,しっかり,清爽,甘酸っぱい,餘韻","フルーティ,マスカット,甘味,ガス,フレッシュ,パイナップル,酸味,さわやか,旨味,華やか,まろやか,苦味,柑橘,バランス,芳醇,ピリリ,しっかり,スッキリ,甘酸っぱい,余韻",38872,https://sakenowa.com/brands/38872,2026-09-28T20:22:25.549190+00:00
sn_39164,1859,RiceWine,HINEMOS,,神奈川県,神奈川縣,,,,,,,,,,0.5073221990141944,0.4945757683273887,0.23777076732195718,0.18692450040398453,0.2198035418339003,0.5985229253118851,"ジュース,檸檬,甘甜,氣泡感,酸味,ワイン,水蜜桃,カルピス,清新,砂糖,輕快,辛口,蘋果,果香,苦味,櫻花,哈密瓜,優格,濃厚,甘酸っぱい","ジュース,レモン,甘味,ガス,酸味,ワイン,桃,カルピス,さわやか,砂糖,軽快,辛口,リンゴ,フルーティ,苦味,桜,メロン,ヨーグルト,濃厚,甘酸っぱい",39164,https://sakenowa.com/brands/39164,2026-09-28T20:22:25.549361+00:00
sn_40392,1861,男山酒造店,わ,,福島県,福島縣,,,,,,,,,,0.4268094293139119,0.4825924206459559,0.28804816255126486,0.5219744785684322,0.23132901520729446,0.41951883519227895,"苦味,優しい,甘甜,穩重","苦味,優しい,甘味,穏やか",40392,https://sakenowa.com/brands/40392,2026-09-28T20:22:25.549525+00:00
sn_101781,1861,男山酒造店,回,,福島県,福島縣,,,,,,,,,,0.377138171814093,0.5193099151386762,0.18559853850596436,0.41899264679471243,0.3705803957237515,0.4906653912199471,"鮮味,苦味","旨味,苦味",101781,https://sakenowa.com/brands/101781,2026-09-28T20:22:25.549534+00:00
sn_102370,1861,男山酒造店,会津男山,,福島県,福島縣,,,,,,,,,,0.5224364573306941,0.564732323430314,0.3101184006333688,0.26719598858529703,0.18397464305298586,0.4546688497256072,"鮮爽,果香,鮮味,苦味,巧克力,華麗,鳳梨,多汁,花香,甘甜,高雅,清新,ピチピチ,酸味","フレッシュ,フルーティ,旨味,苦味,チョコレート,華やか,パイナップル,ジューシー,花,甘味,上品,さわやか,ピチピチ,酸味",102370,https://sakenowa.com/brands/102370,2026-09-28T20:22:25.549542+00:00
sn_40447,1863,林酒造,三谷春,,広島県,廣島縣,,,,,,,,,,,,,,,,,,40447,https://sakenowa.com/brands/40447,2026-09-28T20:22:25.549705+00:00
sn_40549,1864,今村酒造,豊稔,,愛媛県,愛媛縣,,,,,,,,,,,,,,,,"燗酒,ツン,柔らかい,冷酒,鮮味","燗酒,ツン,柔らかい,冷酒,旨味",40549,https://sakenowa.com/brands/40549,2026-09-28T20:22:25.549883+00:00
sn_40604,1865,Brooklyn Kura,Brooklyn Kura,,その他,,,,,,,,,,,,,,,,,"ワイン,ブドウ","ワイン,ブドウ",40604,https://sakenowa.com/brands/40604,2026-09-28T20:22:25.550046+00:00
sn_40606,1866,Islander Sake Brewery,Islander,,その他,,,,,,,,,,,0.38095296584282196,0.0,0.8547164270504791,0.07640131908869925,0.03231216538352273,0.34271479331268373,"コーヒー,トロピカル","コーヒー,トロピカル",40606,https://sakenowa.com/brands/40606,2026-09-28T20:22:25.550215+00:00
sn_40608,1867,Seda Líquida,絹の雫,,その他,,,,,,,,,,,,,,,,,清爽,スッキリ,40608,https://sakenowa.com/brands/40608,2026-09-28T20:22:25.550380+00:00
sn_42473,1868,松尾酒造,松翁,,高知県,高知縣,,,,,,,,,,,,,,,,,,42473,https://sakenowa.com/brands/42473,2026-09-28T20:22:25.550542+00:00
sn_42474,1869,小泉酒造,鯉の勢,,愛媛県,愛媛縣,,,,,,,,,,,,,,,,"ツン,どっしり,俐落,苦味,酸味,鮮味,甘甜","ツン,どっしり,キレ,苦味,酸味,旨味,甘味",42474,https://sakenowa.com/brands/42474,2026-09-28T20:22:25.550705+00:00
sn_17922,1870,名門サカイ,真珠のときめき,,愛媛県,愛媛縣,,,,,,,,,,,,,,,,"醇厚,俐落","コク,キレ",17922,https://sakenowa.com/brands/17922,2026-09-28T20:22:25.550882+00:00
sn_41485,1870,名門サカイ,名門,,愛媛県,愛媛縣,,,,,,,,,,,,,,,,,,41485,https://sakenowa.com/brands/41485,2026-09-28T20:22:25.550887+00:00
sn_44965,1870,名門サカイ,天赦,,愛媛県,愛媛縣,,,,,,,,,,,,,,,,,,44965,https://sakenowa.com/brands/44965,2026-09-28T20:22:25.550898+00:00
sn_46682,1871,伊東,敷嶋,,愛知県,愛知縣,,,,,,,,,,0.3436686324478986,0.5251862796174186,0.3820800944366329,0.33239801324548646,0.3529836768004434,0.4743417849095661,"鮮味,煙燻,酸味,氣泡感,苦味,俐落,麝香葡萄,辛口,甘甜,しっかり,清新,鮮爽,果香,柑橘,清爽,葡萄柚,濃厚,多汁,銳利,平衡","旨味,スモーキー,酸味,ガス,苦味,キレ,マスカット,辛口,甘味,しっかり,さわやか,フレッシュ,フルーティ,柑橘,スッキリ,グレープフルーツ,濃厚,ジューシー,シャープ,バランス",46682,https://sakenowa.com/brands/46682,2026-09-28T20:22:25.551068+00:00
sn_46731,1872,かち鶴酒造,かち鶴,,愛媛県,愛媛縣,,,,,,,,,,,,,,,,"ラムネ,濃厚,滑順,優格,芳醇","ラムネ,濃厚,なめらか,ヨーグルト,芳醇",46731,https://sakenowa.com/brands/46731,2026-09-28T20:22:25.551231+00:00
sn_46732,1873,赤松本家酒造,泰山,,愛媛県,愛媛縣,,,,,,,,,,,,,,,,"鮮味,濃厚,熱燗,優しい,冷酒,常溫,清爽,酸味","旨味,濃厚,熱燗,優しい,冷酒,常温,スッキリ,酸味",46732,https://sakenowa.com/brands/46732,2026-09-28T20:22:25.551408+00:00
sn_46752,1874,小西酒造場,誠心,,愛媛県,愛媛縣,,,,,,,,,,,,,,,,,,46752,https://sakenowa.com/brands/46752,2026-09-28T20:22:25.551571+00:00
sn_46753,1874,小西酒造場,南郡,,愛媛県,愛媛縣,,,,,,,,,,,,,,,,"キリリ,穩重,醇厚","キリリ,穏やか,コク",46753,https://sakenowa.com/brands/46753,2026-09-28T20:22:25.551581+00:00
sn_47536,1875,金銀花酒造,金銀花,,愛知県,愛知縣,,,,,,,,,,,,,,,,,,47536,https://sakenowa.com/brands/47536,2026-09-28T20:22:25.551744+00:00
sn_47537,1876,後藤酒造場,金襴藤娘,,福岡県,福岡縣,,,,,,,,,,,,,,,,,,47537,https://sakenowa.com/brands/47537,2026-09-28T20:22:25.551919+00:00
sn_48326,1877,佐々木酒造,八重菊,,愛媛県,愛媛縣,,,,,,,,,,,,,,,,"巧克力,紹興酒","チョコレート,紹興酒",48326,https://sakenowa.com/brands/48326,2026-09-28T20:22:25.552081+00:00
sn_48328,1878,池田屋 (最進酒造),玉川,,愛媛県,愛媛縣,,,,,,,,,,,,,,,,,,48328,https://sakenowa.com/brands/48328,2026-09-28T20:22:25.552243+00:00
sn_48329,1879,徳本酒造,初鷹,,愛媛県,愛媛縣,,,,,,,,,,,,,,,,"熱燗,常溫","熱燗,常温",48329,https://sakenowa.com/brands/48329,2026-09-28T20:22:25.552411+00:00
sn_48330,1880,日々醸造,日日 武者修行,,京都府,京都府,,,,,,,,,,0.5226332273665978,0.4854972307065517,0.1908258930845415,0.32881356950781687,0.16993294499948644,0.5636815216666768,"麝香葡萄,酸味,氣泡感","マスカット,酸味,ガス",48330,https://sakenowa.com/brands/48330,2026-09-28T20:22:25.552578+00:00
sn_51069,1880,日々醸造,日日,,京都府,京都府,,,,,,,,,,0.46852565412239466,0.37916648167355965,0.16468216874706784,0.39204079480596404,0.19280151828617567,0.6470918510193836,"氣泡感,酸味,ラムネ,輕快,穩重,鮮味,純淨,麝香葡萄,清新,哈密瓜,高雅,甘甜,苦味,優しい,さらり,控えめ,複雜,柑橘,ほのか,果香","ガス,酸味,ラムネ,軽快,穏やか,旨味,綺麗,マスカット,さわやか,メロン,上品,甘味,苦味,優しい,さらり,控えめ,複雑,柑橘,ほのか,フルーティ",51069,https://sakenowa.com/brands/51069,2026-09-28T20:22:25.552587+00:00
sn_49260,1881,佐藤酒造店,藤乃井,,福島県,福島縣,,,,,,,,,,,,,,,,,,49260,https://sakenowa.com/brands/49260,2026-09-28T20:22:25.552755+00:00
sn_50046,1882,佐賀大学,悠々知酔,,佐賀県,佐賀縣,,,,,,,,,,,,,,,,,,50046,https://sakenowa.com/brands/50046,2026-09-28T20:22:25.552932+00:00
sn_50048,1883,稲とアガベ醸造所,稲とアガベ,,秋田県,秋田縣,,,,,,,,,,0.6152995319526093,0.46602667426061206,0.24946636880460676,0.14924119949408185,0.15033173949611503,0.5450867712259923,"花香,葡萄柚,荔枝,氣泡感,苦味,ブドウ,酸味,麝香葡萄,ジュース,蘋果,草本,清新,柑橘,コーヒー,果香,甘甜,梨子,蜂蜜,甘酸っぱい,ワイン","花,グレープフルーツ,ライチ,ガス,苦味,ブドウ,酸味,マスカット,ジュース,リンゴ,ハーブ,さわやか,柑橘,コーヒー,フルーティ,甘味,梨,ハチミツ,甘酸っぱい,ワイン",50048,https://sakenowa.com/brands/50048,2026-09-28T20:22:25.553103+00:00
sn_52815,1884,望月酒造,寿々兜,,滋賀県,滋賀縣,,,,,,,,,,0.1997673477520454,0.6259927938190194,0.5286172733089917,0.35670279554616685,0.2672341432450969,0.30023130341746085,焦糖,キャラメル,52815,https://sakenowa.com/brands/52815,2026-09-28T20:22:25.553270+00:00
sn_53145,1885,渡辺酒造醸,美濃錦,,岐阜県,岐阜縣,,,,,,,,,,,,,,,,,,53145,https://sakenowa.com/brands/53145,2026-09-28T20:22:25.553434+00:00
sn_53146,1885,渡辺酒造醸,白雪姫,,岐阜県,岐阜縣,,,,,,,,,,,,,,,,,,53146,https://sakenowa.com/brands/53146,2026-09-28T20:22:25.553439+00:00
sn_53147,1885,渡辺酒造醸,覚眠森水酒,,岐阜県,岐阜縣,,,,,,,,,,,,,,,,,,53147,https://sakenowa.com/brands/53147,2026-09-28T20:22:25.553443+00:00
sn_53148,1885,渡辺酒造醸,清流の国,,岐阜県,岐阜縣,,,,,,,,,,,,,,,,"苦味,芳醇,さっぱり,甘甜,餘韻,清新,酸味,濃厚,辛口,鮮味","苦味,芳醇,さっぱり,甘味,余韻,さわやか,酸味,濃厚,辛口,旨味",53148,https://sakenowa.com/brands/53148,2026-09-28T20:22:25.553452+00:00
sn_53219,1886,清水酒造,巖乃泉,,神奈川県,神奈川縣,,,,,,,,,,,,,,,,,,53219,https://sakenowa.com/brands/53219,2026-09-28T20:22:25.553614+00:00
sn_54657,1889,Takara Sake USA,Sho Chiku Bai,,その他,,,,,,,,,,,,,,,,,柔らかい,柔らかい,54657,https://sakenowa.com/brands/54657,2026-09-28T20:22:25.553777+00:00
sn_90183,1889,Takara Sake USA,Takara Masamune,,その他,,,,,,,,,,,,,,,,,,,90183,https://sakenowa.com/brands/90183,2026-09-28T20:22:25.553783+00:00
sn_54658,1890,Gekkeikan Sake (USA),Gekkeikan,,その他,,,,,,,,,,,,,,,,,紹興酒,紹興酒,54658,https://sakenowa.com/brands/54658,2026-09-28T20:22:25.553956+00:00
sn_55584,1891,村井醸造,真壁,,茨城県,茨城縣,,,,,,,,,,,,,,,,"グイグイ,しっかり,濃厚","グイグイ,しっかり,濃厚",55584,https://sakenowa.com/brands/55584,2026-09-28T20:22:25.554120+00:00
sn_55585,1891,村井醸造,真上,,茨城県,茨城縣,,,,,,,,,,0.38803749932467985,0.596705319281792,0.2944359220492537,0.3132175531785453,0.28827134243186336,0.4748384423980918,"蘋果,酸味,哈密瓜,苦味,氣泡感,若い,甘甜,清新,鮮味,餘韻,優格,香蕉,ジュース,ラムネ,しっかり,鮮爽,平衡,ブドウ,柑橘,果香","リンゴ,酸味,メロン,苦味,ガス,若い,甘味,さわやか,旨味,余韻,ヨーグルト,バナナ,ジュース,ラムネ,しっかり,フレッシュ,バランス,ブドウ,柑橘,フルーティ",55585,https://sakenowa.com/brands/55585,2026-09-28T20:22:25.554134+00:00
sn_56832,1892,嶋崎酒造,玉の雫,,茨城県,茨城縣,,,,,,,,,,,,,,,,"俐落,辛口,清爽,甘甜","キレ,辛口,スッキリ,甘味",56832,https://sakenowa.com/brands/56832,2026-09-28T20:22:25.554297+00:00
sn_56833,1893,檜山酒造,千姫,,茨城県,茨城縣,,,,,,,,,,,,,,,,"ワイン,清爽,高雅,辛口,鮮味,果香,甘甜","ワイン,スッキリ,上品,辛口,旨味,フルーティ,甘味",56833,https://sakenowa.com/brands/56833,2026-09-28T20:22:25.554463+00:00
sn_56834,1893,檜山酒造,光圀,,茨城県,茨城縣,,,,,,,,,,,,,,,,,,56834,https://sakenowa.com/brands/56834,2026-09-28T20:22:25.554468+00:00
sn_57402,1894,北村醸造場,菊文明,,広島県,廣島縣,,,,,,,,,,,,,,,,辛口,辛口,57402,https://sakenowa.com/brands/57402,2026-09-28T20:22:25.554631+00:00
sn_1852,1896,田部竹下酒造,出雲誉,,島根県,島根縣,,,,,,,,,,,,,,,,,,1852,https://sakenowa.com/brands/1852,2026-09-28T20:22:25.554965+00:00
sn_3009,1896,田部竹下酒造,KAKEYA,,島根県,島根縣,,,,,,,,,,,,,,,,,,3009,https://sakenowa.com/brands/3009,2026-09-28T20:22:25.554974+00:00
sn_64236,1896,田部竹下酒造,奥出雲前綿屋,,島根県,島根縣,,,,,,,,,,0.3797322004149939,0.5750359008072491,0.3090707296423034,0.3766427791008241,0.32604067952300186,0.4259696527647759,餘韻,余韻,64236,https://sakenowa.com/brands/64236,2026-09-28T20:22:25.554980+00:00
sn_101142,1896,田部竹下酒造,理八,,島根県,島根縣,,,,,,,,,,0.5379451805963313,0.5562896883782854,0.16688888862059034,0.3053688966220306,0.20390621889333482,0.4883410232661408,"果香,鳳梨,華麗,輕快,氣泡感,純淨,鮮味,清爽,酸味,餘韻,水蜜桃,苦味,甘甜,鮮爽,穩重,渋み,高雅,平衡,ブドウ,しっかり","フルーティ,パイナップル,華やか,軽快,ガス,綺麗,旨味,スッキリ,酸味,余韻,桃,苦味,甘味,フレッシュ,穏やか,渋み,上品,バランス,ブドウ,しっかり",101142,https://sakenowa.com/brands/101142,2026-09-28T20:22:25.554989+00:00
sn_82742,1897,LIBROM,LIBROM,,福岡県,福岡縣,,,,,,,,,,0.5580809217895182,0.5093817014319376,0.23966095678076751,0.166822708448838,0.10918852917446768,0.5760960352391808,"檸檬,氣泡感,草本,いちご,巧克力,酸味,ジュース,甘酸っぱい,清新,柑橘,柳橙,栗,苦味,果香,甘甜,優格,辛香,辛香料,しっかり,平衡","レモン,ガス,ハーブ,いちご,チョコレート,酸味,ジュース,甘酸っぱい,さわやか,柑橘,オレンジ,栗,苦味,フルーティ,甘味,ヨーグルト,スパイシー,スパイス,しっかり,バランス",82742,https://sakenowa.com/brands/82742,2026-09-28T20:22:25.555158+00:00
sn_64670,1898,松山酒造,十石,,京都府,京都府,,,,,,,,,,0.45308845652527585,0.4867436496748666,0.21128284485161872,0.46694036397229016,0.2958761480418341,0.45560402878979495,"櫻花,蘋果,鮮味,酸味,甘甜,平衡,果香,苦味,穩重,純淨,柔らかい,餘韻,清新,華麗,優しい,しっかり,砂糖,鮮爽,清爽,滑順","桜,リンゴ,旨味,酸味,甘味,バランス,フルーティ,苦味,穏やか,綺麗,柔らかい,余韻,さわやか,華やか,優しい,しっかり,砂糖,フレッシュ,スッキリ,なめらか",64670,https://sakenowa.com/brands/64670,2026-09-28T20:22:25.555332+00:00
sn_66006,1899,小柳酒造,高砂,,佐賀県,佐賀縣,,,,,,,,,,,,,,,,"常溫,哈密瓜,醇厚,純淨,餘韻,辛口,果香,甘甜,しっかり,鮮味","常温,メロン,コク,綺麗,余韻,辛口,フルーティ,甘味,しっかり,旨味",66006,https://sakenowa.com/brands/66006,2026-09-28T20:22:25.555497+00:00
sn_66007,1899,小柳酒造,高砂金漿,,佐賀県,佐賀縣,,,,,,,,,,,,,,,,"穩重,常溫,清爽,しっかり,酸味,辛口","穏やか,常温,スッキリ,しっかり,酸味,辛口",66007,https://sakenowa.com/brands/66007,2026-09-28T20:22:25.555504+00:00
sn_66665,1900,白岩,IWA5,,富山県,富山縣,,,,,,,,,,0.4980267144039548,0.5231072816823542,0.46178192799632567,0.3203266543734895,0.10682304303578326,0.3886711804872574,"複雜,シャンパン,ワイン,花香,酸味,蜜","複雑,シャンパン,ワイン,花,酸味,蜜",66665,https://sakenowa.com/brands/66665,2026-09-28T20:22:25.555672+00:00
sn_67215,1901,桜川酒造,小国桜川,,山形県,山形縣,,,,,,,,,,,,,,,,,,67215,https://sakenowa.com/brands/67215,2026-09-28T20:22:25.555835+00:00
sn_67908,1902,LAGOON BREWERY,翔空,,新潟県,新潟縣,,,,,,,,,,0.5493767285411133,0.6338301984530993,0.24788968466509795,0.12440147302071236,0.12888391977859562,0.45045355214027166,"いちご,草本,哈密瓜,ブドウ,西洋梨,ワイン,柑橘,氣泡感,清新,苦味,果香,しっかり,柳橙,甘酸っぱい","いちご,ハーブ,メロン,ブドウ,洋梨,ワイン,柑橘,ガス,さわやか,苦味,フルーティ,しっかり,オレンジ,甘酸っぱい",67908,https://sakenowa.com/brands/67908,2026-09-28T20:22:25.556017+00:00
sn_69509,1903,七曜酒造,ゆうま,,福岡県,福岡縣,,,,,,,,,,0.5295400441610708,0.32642802994003417,0.09415886511725573,0.17958579617989398,0.13976483661909878,0.7432233333759508,"氣泡感,葡萄柚,ジュース,柑橘,輕快,清新,優格,酸味,果香,じっくり,華麗,鮮爽,優しい,爽快,荔枝","ガス,グレープフルーツ,ジュース,柑橘,軽快,さわやか,ヨーグルト,酸味,フルーティ,じっくり,華やか,フレッシュ,優しい,爽快,ライチ",69509,https://sakenowa.com/brands/69509,2026-09-28T20:22:25.556189+00:00
sn_80603,1903,七曜酒造,七曜,,福岡県,福岡縣,,,,,,,,,,0.41281036018123857,0.5020960238591714,0.22506371823729054,0.4272999387058806,0.2597543576226468,0.5260949991808027,"輕快,鮮味,冷酒","軽快,旨味,冷酒",80603,https://sakenowa.com/brands/80603,2026-09-28T20:22:25.556196+00:00
sn_69951,1904,杉の森酒造,narai,,長野県,長野縣,,,,,,,,,,0.5308431131567001,0.5503748448941639,0.1908230356189352,0.273374256583839,0.11876613934608406,0.5385543690112098,"氣泡感,鳳梨,酸味,ワイン,梨子,甘甜,哈密瓜,純淨,鮮味,輕快,平衡,清淡,香蕉,鮮爽,清新,苦味,果香","ガス,パイナップル,酸味,ワイン,梨,甘味,メロン,綺麗,旨味,軽快,バランス,淡い,バナナ,フレッシュ,さわやか,苦味,フルーティ",69951,https://sakenowa.com/brands/69951,2026-09-28T20:22:25.556361+00:00
sn_72254,1905,旭酒造,伊勢旭,,三重県,三重縣,,,,,,,,,,,,,,,,,,72254,https://sakenowa.com/brands/72254,2026-09-28T20:22:25.556523+00:00
sn_76284,1906,東京八王子酒造,prototype 1,,東京都,東京都,,,,,,,,,,,,,,,,,,76284,https://sakenowa.com/brands/76284,2026-09-28T20:22:25.556688+00:00
sn_76961,1908,高千穂ムラたび,神楽まいり,,宮崎県,宮崎縣,,,,,,,,,,,,,,,,"とろみ,辛口,じっくり,醇厚,ワイン,甘甜,酸味","とろみ,辛口,じっくり,コク,ワイン,甘味,酸味",76961,https://sakenowa.com/brands/76961,2026-09-28T20:22:25.556854+00:00
sn_77087,1908,高千穂ムラたび,神呂木まいり,,宮崎県,宮崎縣,,,,,,,,,,,,,,,,"ワイン,じっくり,とろみ,平衡,辛口,甘甜,酸味","ワイン,じっくり,とろみ,バランス,辛口,甘味,酸味",77087,https://sakenowa.com/brands/77087,2026-09-28T20:22:25.556874+00:00
sn_77088,1908,高千穂ムラたび,千穂まいり,,宮崎県,宮崎縣,,,,,,,,,,,,,,,,"カルピス,ワイン,じっくり,とろみ,甘甜,濃厚,辛口","カルピス,ワイン,じっくり,とろみ,甘味,濃厚,辛口",77088,https://sakenowa.com/brands/77088,2026-09-28T20:22:25.556880+00:00
sn_77594,1909,勢玉,勢玉,,徳島県,德島縣,,,,,,,,,,,,,,,,,,77594,https://sakenowa.com/brands/77594,2026-09-28T20:22:25.557041+00:00
sn_77752,1910,財間酒場,高砂,,島根県,島根縣,,,,,,,,,,,,,,,,"熱燗,清新,鮮味","熱燗,さわやか,旨味",77752,https://sakenowa.com/brands/77752,2026-09-28T20:22:25.557203+00:00
sn_77753,1910,財間酒場,鴎外,,島根県,島根縣,,,,,,,,,,,,,,,,,,77753,https://sakenowa.com/brands/77753,2026-09-28T20:22:25.557211+00:00
sn_77780,1912,萬年亀酒造,金将門,,福岡県,福岡縣,,,,,,,,,,,,,,,,,,77780,https://sakenowa.com/brands/77780,2026-09-28T20:22:25.557372+00:00
sn_77781,1912,萬年亀酒造,萬年亀,,福岡県,福岡縣,,,,,,,,,,,,,,,,,,77781,https://sakenowa.com/brands/77781,2026-09-28T20:22:25.557377+00:00
sn_77782,1912,萬年亀酒造,萬屋荒神,,福岡県,福岡縣,,,,,,,,,,,,,,,,優しい,優しい,77782,https://sakenowa.com/brands/77782,2026-09-28T20:22:25.557381+00:00
sn_78448,1913,大岩酒造本店,秀峰岩泉,,鳥取県,鳥取縣,,,,,,,,,,,,,,,,,,78448,https://sakenowa.com/brands/78448,2026-09-28T20:22:25.557543+00:00
sn_79464,1914,友田酒造,かなべ,,兵庫県,兵庫縣,,,,,,,,,,,,,,,,"巧克力,輕快,甘甜,しっかり,辛口","チョコレート,軽快,甘味,しっかり,辛口",79464,https://sakenowa.com/brands/79464,2026-09-28T20:22:25.557708+00:00
sn_79489,1915,平六醸造,Re:vive,,岩手県,岩手縣,,,,,,,,,,0.3764759424304826,0.5892670954114929,0.38126332663446233,0.4263372198204494,0.11922098580974139,0.41193611438951205,"酸味,餘韻,甘甜","酸味,余韻,甘味",79489,https://sakenowa.com/brands/79489,2026-09-28T20:22:25.557896+00:00
sn_79490,1915,平六醸造,layer,,岩手県,岩手縣,,,,,,,,,,0.3884082246910496,0.6951183866944713,0.5096406469895536,0.21386306475476605,0.17114335358874086,0.17660247015200461,"ブドウ,ワイン,蘋果,ジュース,果香","ブドウ,ワイン,リンゴ,ジュース,フルーティ",79490,https://sakenowa.com/brands/79490,2026-09-28T20:22:25.557903+00:00
sn_82420,1916,吉本醸造,眉山,,徳島県,德島縣,,,,,,,,,,,,,,,,,,82420,https://sakenowa.com/brands/82420,2026-09-28T20:22:25.558066+00:00
sn_84878,1917,豊田酒造,豊田正宗,,愛知県,愛知縣,,,,,,,,,,,,,,,,"常溫,鮮爽,冷酒,甘甜,酸味,鮮味,清爽","常温,フレッシュ,冷酒,甘味,酸味,旨味,スッキリ",84878,https://sakenowa.com/brands/84878,2026-09-28T20:22:25.558233+00:00
sn_84879,1917,豊田酒造,香櫻,,愛知県,愛知縣,,,,,,,,,,,,,,,,,,84879,https://sakenowa.com/brands/84879,2026-09-28T20:22:25.558240+00:00
sn_84880,1917,豊田酒造,智恵泉,,愛知県,愛知縣,,,,,,,,,,,,,,,,,,84880,https://sakenowa.com/brands/84880,2026-09-28T20:22:25.558244+00:00
sn_84881,1918,松島酒造,高虎,,三重県,三重縣,,,,,,,,,,,,,,,,"平衡,餘韻,鮮味,辛口,清爽","バランス,余韻,旨味,辛口,スッキリ",84881,https://sakenowa.com/brands/84881,2026-09-28T20:22:25.558407+00:00
sn_84882,1918,松島酒造,初わらひ,,三重県,三重縣,,,,,,,,,,,,,,,,ちびちび,ちびちび,84882,https://sakenowa.com/brands/84882,2026-09-28T20:22:25.558412+00:00
sn_84883,1918,松島酒造,晴れ娘,,三重県,三重縣,,,,,,,,,,,,,,,,,,84883,https://sakenowa.com/brands/84883,2026-09-28T20:22:25.558417+00:00
sn_84884,1918,松島酒造,安濃誉,,三重県,三重縣,,,,,,,,,,,,,,,,"力道強勁,穀物,どっしり,ふんわり,冷酒,鮮味","力強い,穀物,どっしり,ふんわり,冷酒,旨味",84884,https://sakenowa.com/brands/84884,2026-09-28T20:22:25.558428+00:00
sn_84885,1919,小川本家,伝,,三重県,三重縣,,,,,,,,,,,,,,,,"辛口,清爽","辛口,スッキリ",84885,https://sakenowa.com/brands/84885,2026-09-28T20:22:25.558593+00:00
sn_84886,1919,小川本家,八千代,,三重県,三重縣,,,,,,,,,,,,,,,,,,84886,https://sakenowa.com/brands/84886,2026-09-28T20:22:25.558598+00:00
sn_84887,1919,小川本家,冬の白,,三重県,三重縣,,,,,,,,,,,,,,,,"辛口,純淨,甘甜","辛口,綺麗,甘味",84887,https://sakenowa.com/brands/84887,2026-09-28T20:22:25.558603+00:00
sn_84888,1919,小川本家,豊津郷,,三重県,三重縣,,,,,,,,,,,,,,,,,,84888,https://sakenowa.com/brands/84888,2026-09-28T20:22:25.558607+00:00
sn_85186,1920,しまんと糀工房,どぶっ,,高知県,高知縣,,,,,,,,,,,,,,,,"醇厚,キリリ,鮮味,果香,辛口,甘甜","コク,キリリ,旨味,フルーティ,辛口,甘味",85186,https://sakenowa.com/brands/85186,2026-09-28T20:22:25.558772+00:00
sn_85993,1921,nondo,non° どぶろく,,福島県,福島縣,,,,,,,,,,,,,,,,"起司,酸味,奶油感,氣泡感,水蜜桃,濃厚,優格,ふんわり","チーズ,酸味,クリーミー,ガス,桃,濃厚,ヨーグルト,ふんわり",85993,https://sakenowa.com/brands/85993,2026-09-28T20:22:25.558953+00:00
sn_85994,1921,nondo,権化,,福島県,福島縣,,,,,,,,,,,,,,,,"複雜,香ばしい,蘋果,さっぱり,濃厚","複雑,香ばしい,リンゴ,さっぱり,濃厚",85994,https://sakenowa.com/brands/85994,2026-09-28T20:22:25.558960+00:00
sn_86261,1922,花咲山醸造所,どぶろく 花咲山,,千葉県,千葉縣,,,,,,,,,,,,,,,,,,86261,https://sakenowa.com/brands/86261,2026-09-28T20:22:25.559124+00:00
sn_90474,1923,甍酒蔵,甍,,長野県,長野縣,,,,,,,,,,0.4664818588722309,0.500230958072438,0.20750889273044193,0.33715612967564634,0.3264062796361468,0.5185445093750904,"氣泡感,酸味,鮮味,蘋果,果香,苦味,鮮爽,甘甜,純淨,平衡,多汁,輕快,辛口,清爽,甘酸っぱい,華麗,ほのか,柳橙,餘韻,穩重","ガス,酸味,旨味,リンゴ,フルーティ,苦味,フレッシュ,甘味,綺麗,バランス,ジューシー,軽快,辛口,スッキリ,甘酸っぱい,華やか,ほのか,オレンジ,余韻,穏やか",90474,https://sakenowa.com/brands/90474,2026-09-28T20:22:25.559291+00:00
sn_91557,1924,珂北酒造,袋田紀行,,茨城県,茨城縣,,,,,,,,,,,,,,,,"柑橘,さらり,ふんわり,俐落,甘甜","柑橘,さらり,ふんわり,キレ,甘味",91557,https://sakenowa.com/brands/91557,2026-09-28T20:22:25.559464+00:00
sn_91558,1924,珂北酒造,旭桜,,茨城県,茨城縣,,,,,,,,,,,,,,,,"熱燗,芳醇,鮮味,優しい,醇厚,純淨,清爽,甘甜","熱燗,芳醇,旨味,優しい,コク,綺麗,スッキリ,甘味",91558,https://sakenowa.com/brands/91558,2026-09-28T20:22:25.559477+00:00
sn_91737,1925,足立農醸,MIYOI,,大阪府,大阪府,,,,,,,,,,0.6626687912632275,0.4345432696138229,0.1881727863975669,0.2054431857981346,0.08510337810871493,0.5358952647878457,"荔枝,草本,氣泡感,鳳梨,花香,果香,いちご","ライチ,ハーブ,ガス,パイナップル,花,フルーティ,いちご",91737,https://sakenowa.com/brands/91737,2026-09-28T20:22:25.559646+00:00
sn_91738,1926,川澤酒造,山に雲が,,高知県,高知縣,,,,,,,,,,0.5492874331768803,0.5416383275302459,0.1351577710158534,0.2484788021815225,0.2592657373312633,0.5076250359770791,"鳳梨,果香,酸味,氣泡感,甘甜,輕快,華麗,水蜜桃,苦味,哈密瓜,清爽,鮮味,平衡,俐落,辛口,控えめ,麝香葡萄,甘酸っぱい,さっぱり,蘋果","パイナップル,フルーティ,酸味,ガス,甘味,軽快,華やか,桃,苦味,メロン,スッキリ,旨味,バランス,キレ,辛口,控えめ,マスカット,甘酸っぱい,さっぱり,リンゴ",91738,https://sakenowa.com/brands/91738,2026-09-28T20:22:25.559814+00:00
sn_96016,1927,御殿場石川酒造,榮,,静岡県,靜岡縣,,,,,,,,,,,,,,,,,,96016,https://sakenowa.com/brands/96016,2026-09-28T20:22:25.559988+00:00
sn_96017,1927,御殿場石川酒造,雪解,,静岡県,靜岡縣,,,,,,,,,,,,,,,,,,96017,https://sakenowa.com/brands/96017,2026-09-28T20:22:25.559992+00:00
sn_96022,1932,山成酒造,蘭の誉,,岡山県,岡山縣,,,,,,,,,,,,,,,,,,96022,https://sakenowa.com/brands/96022,2026-09-28T20:22:25.560315+00:00
sn_96023,1932,山成酒造,朗廬の里,,岡山県,岡山縣,,,,,,,,,,,,,,,,"どっしり,ツン,熱燗,常溫,辛口,清爽","どっしり,ツン,熱燗,常温,辛口,スッキリ",96023,https://sakenowa.com/brands/96023,2026-09-28T20:22:25.560322+00:00
sn_96024,1932,山成酒造,桜渓,,岡山県,岡山縣,,,,,,,,,,,,,,,,"派手,ワイン,常溫,平衡,俐落,圓潤,濃厚,甘甜,鮮味,清爽","派手,ワイン,常温,バランス,キレ,まろやか,濃厚,甘味,旨味,スッキリ",96024,https://sakenowa.com/brands/96024,2026-09-28T20:22:25.560330+00:00
sn_103636,1934,川村酒造場,東洋男山,,山口県,山口縣,,,,,,,,,,,,,,,,哈密瓜,メロン,103636,https://sakenowa.com/brands/103636,2026-09-28T20:22:25.560651+00:00
sn_107574,1935,山川酒造,光東,,群馬県,群馬縣,,,,,,,,,,,,,,,,,,107574,https://sakenowa.com/brands/107574,2026-09-28T20:22:25.560814+00:00
sn_107575,1935,山川酒造,利根川育ち,,群馬県,群馬縣,,,,,,,,,,,,,,,,,,107575,https://sakenowa.com/brands/107575,2026-09-28T20:22:25.560822+00:00
sn_107576,1936,原始人会,女切峠,,兵庫県,兵庫縣,,,,,,,,,,,,,,,,"氣泡感,酸味","ガス,酸味",107576,https://sakenowa.com/brands/107576,2026-09-28T20:22:25.560998+00:00
sn_114609,1937,片岡酒造,東峰一献,,福岡県,福岡縣,,,,,,,,,,,,,,,,,,114609,https://sakenowa.com/brands/114609,2026-09-28T20:22:25.561162+00:00
sn_116323,1938,奥澤商会,深志鶴,,長野県,長野縣,,,,,,,,,,,,,,,,,,116323,https://sakenowa.com/brands/116323,2026-09-28T20:22:25.561331+00:00
sn_117382,1939,髙祖酒造,千寿,,岡山県,岡山縣,,,,,,,,,,,,,,,,,,117382,https://sakenowa.com/brands/117382,2026-09-28T20:22:25.561493+00:00
sn_117715,1940,神楽酒造,神楽,,三重県,三重縣,,,,,,,,,,,,,,,,,,117715,https://sakenowa.com/brands/117715,2026-09-28T20:22:25.561654+00:00
sn_117952,1942,森山酒造,嘉六,,福岡県,福岡縣,,,,,,,,,,,,,,,,"辛口,清爽","辛口,スッキリ",117952,https://sakenowa.com/brands/117952,2026-09-28T20:22:25.561820+00:00
sn_117953,1942,森山酒造,月の桂,,福岡県,福岡縣,,,,,,,,,,,,,,,,,,117953,https://sakenowa.com/brands/117953,2026-09-28T20:22:25.561825+00:00
sn_120312,1944,丸永酒造場,高波,,長野県,長野縣,,,,,,,,,,,,,,,,,,120312,https://sakenowa.com/brands/120312,2026-09-28T20:22:25.562160+00:00
sn_120671,1945,NOMU醸造所,シシカム,,沖縄県,沖繩縣,,,,,,,,,,,,,,,,,,120671,https://sakenowa.com/brands/120671,2026-09-28T20:22:25.562333+00:00
sn_120672,1945,NOMU醸造所,NOMU,,沖縄県,沖繩縣,,,,,,,,,,,,,,,,"トロピカル,酸味","トロピカル,酸味",120672,https://sakenowa.com/brands/120672,2026-09-28T20:22:25.562339+00:00
sn_120876,1946,土浦醸造,ツチブル,,茨城県,茨城縣,,,,,,,,,,,,,,,,"いちご,香蕉,輕快,餘韻,氣泡感,清新,酸味,苦味,清爽","いちご,バナナ,軽快,余韻,ガス,さわやか,酸味,苦味,スッキリ",120876,https://sakenowa.com/brands/120876,2026-09-28T20:22:25.562507+00:00
sn_123910,1947,秋保ハートロックサケ,磊峡,,宮城県,宮城縣,,,,,,,,,,,,,,,,,,123910,https://sakenowa.com/brands/123910,2026-09-28T20:22:25.562670+00:00
sn_123912,1947,秋保ハートロックサケ,磊眞,,宮城県,宮城縣,,,,,,,,,,,,,,,,"荔枝,ジュース,麝香葡萄,果香,渋み,しっかり,華麗,純淨,清新,甘甜","ライチ,ジュース,マスカット,フルーティ,渋み,しっかり,華やか,綺麗,さわやか,甘味",123912,https://sakenowa.com/brands/123912,2026-09-28T20:22:25.562677+00:00
sn_123960,1947,秋保ハートロックサケ,伊達武神,,宮城県,宮城縣,,,,,,,,,,,,,,,,,,123960,https://sakenowa.com/brands/123960,2026-09-28T20:22:25.562682+00:00
sn_124437,1948,日本の古酒蔵,古昔の美酒,,兵庫県,兵庫縣,,,,,,,,,,,,,,,,,,124437,https://sakenowa.com/brands/124437,2026-09-28T20:22:25.562844+00:00
